-- --------------------------------------------------------
-- Host:                         127.0.0.1
-- Versión del servidor:         5.7.33 - MySQL Community Server (GPL)
-- SO del servidor:              Win64
-- HeidiSQL Versión:             11.2.0.6213
-- --------------------------------------------------------

/*!40101 SET @OLD_CHARACTER_SET_CLIENT=@@CHARACTER_SET_CLIENT */;
/*!40101 SET NAMES utf8 */;
/*!50503 SET NAMES utf8mb4 */;
/*!40014 SET @OLD_FOREIGN_KEY_CHECKS=@@FOREIGN_KEY_CHECKS, FOREIGN_KEY_CHECKS=0 */;
/*!40101 SET @OLD_SQL_MODE=@@SQL_MODE, SQL_MODE='NO_AUTO_VALUE_ON_ZERO' */;
/*!40111 SET @OLD_SQL_NOTES=@@SQL_NOTES, SQL_NOTES=0 */;


-- Volcando estructura de base de datos para mip
CREATE DATABASE IF NOT EXISTS `mip` /*!40100 DEFAULT CHARACTER SET latin1 */;
USE `mip`;

-- Volcando estructura para tabla mip.actividads
CREATE TABLE IF NOT EXISTS `actividads` (
  `id` int(10) unsigned NOT NULL AUTO_INCREMENT,
  `id_delegado` int(10) unsigned DEFAULT '0',
  `id_tipo_actividad` int(10) unsigned DEFAULT '0',
  `id_grupo` int(10) unsigned DEFAULT '0',
  `actividad` varchar(70) COLLATE utf8mb4_unicode_ci DEFAULT NULL,
  `fecha_inicio` date DEFAULT NULL,
  `fecha_fin` date DEFAULT NULL,
  `fecha_hora_inicio` datetime DEFAULT NULL,
  `fecha_hora_fin` datetime DEFAULT NULL,
  `fecha_programacion` datetime DEFAULT NULL,
  `descripcion` text COLLATE utf8mb4_unicode_ci,
  `id_mina` int(10) unsigned DEFAULT NULL,
  `id_yacimiento` int(10) unsigned DEFAULT NULL,
  `es_asistencia` int(10) unsigned DEFAULT NULL,
  `id_estado` int(10) unsigned DEFAULT NULL,
  `listable` int(10) unsigned DEFAULT '1',
  `id_user_create` int(10) unsigned DEFAULT NULL,
  `id_user_update` int(10) unsigned DEFAULT NULL,
  `created_at` timestamp NULL DEFAULT NULL,
  `updated_at` timestamp NULL DEFAULT NULL,
  PRIMARY KEY (`id`)
) ENGINE=InnoDB AUTO_INCREMENT=6 DEFAULT CHARSET=utf8mb4 COLLATE=utf8mb4_unicode_ci;

-- Volcando datos para la tabla mip.actividads: ~4 rows (aproximadamente)
DELETE FROM `actividads`;
/*!40000 ALTER TABLE `actividads` DISABLE KEYS */;
INSERT INTO `actividads` (`id`, `id_delegado`, `id_tipo_actividad`, `id_grupo`, `actividad`, `fecha_inicio`, `fecha_fin`, `fecha_hora_inicio`, `fecha_hora_fin`, `fecha_programacion`, `descripcion`, `id_mina`, `id_yacimiento`, `es_asistencia`, `id_estado`, `listable`, `id_user_create`, `id_user_update`, `created_at`, `updated_at`) VALUES
	(1, 2, 1, 0, 'REUNIÓN DE JEFES DE AREA', NULL, NULL, '2023-11-12 04:17:11', NULL, '2023-09-20 16:37:00', 'Descrición.', NULL, NULL, 1, 1, 1, 1, 1, '2023-09-22 21:40:11', '2023-11-12 04:17:20'),
	(2, 2, 1, 0, 'REUNIÓN EXTRAORDINARIA DE LÍDERES', NULL, NULL, '2023-11-12 04:17:24', NULL, '2023-09-22 04:00:00', 'SDFSDF', NULL, NULL, 1, 3, 1, 1, 1, '2023-09-23 12:28:00', '2023-11-12 04:17:24'),
	(4, 3, 3, 0, 'WEREWRWER', NULL, NULL, NULL, NULL, '2023-10-26 22:40:00', NULL, NULL, NULL, 1, 3, 1, 1, 1, '2023-10-02 03:40:27', NULL),
	(5, 4, 4, 0, 'DIOKMWE KSJDK', NULL, NULL, '2023-11-12 04:17:26', NULL, '2023-10-27 13:42:00', NULL, NULL, NULL, 1, 3, 1, 1, 1, '2023-10-02 03:42:56', '2023-11-12 04:17:26');
/*!40000 ALTER TABLE `actividads` ENABLE KEYS */;

-- Volcando estructura para tabla mip.archivos
CREATE TABLE IF NOT EXISTS `archivos` (
  `id` int(10) unsigned NOT NULL AUTO_INCREMENT,
  `id_inventarios` int(10) unsigned DEFAULT '0',
  `nombre` varchar(70) COLLATE utf8mb4_unicode_ci DEFAULT NULL,
  `adjunto` varchar(200) COLLATE utf8mb4_unicode_ci DEFAULT NULL,
  `created_at` timestamp NULL DEFAULT NULL,
  `updated_at` timestamp NULL DEFAULT NULL,
  PRIMARY KEY (`id`)
) ENGINE=InnoDB DEFAULT CHARSET=utf8mb4 COLLATE=utf8mb4_unicode_ci;

-- Volcando datos para la tabla mip.archivos: ~0 rows (aproximadamente)
DELETE FROM `archivos`;
/*!40000 ALTER TABLE `archivos` DISABLE KEYS */;
/*!40000 ALTER TABLE `archivos` ENABLE KEYS */;

-- Volcando estructura para tabla mip.asistencias
CREATE TABLE IF NOT EXISTS `asistencias` (
  `id` int(10) unsigned NOT NULL AUTO_INCREMENT,
  `referencia` varchar(70) COLLATE utf8mb4_unicode_ci DEFAULT NULL,
  `id_actividad` int(10) unsigned DEFAULT NULL,
  `fecha` date DEFAULT NULL,
  `id_estado` int(10) unsigned DEFAULT NULL,
  `created_at` timestamp NULL DEFAULT NULL,
  `updated_at` timestamp NULL DEFAULT NULL,
  PRIMARY KEY (`id`)
) ENGINE=InnoDB AUTO_INCREMENT=3 DEFAULT CHARSET=utf8mb4 COLLATE=utf8mb4_unicode_ci;

-- Volcando datos para la tabla mip.asistencias: ~2 rows (aproximadamente)
DELETE FROM `asistencias`;
/*!40000 ALTER TABLE `asistencias` DISABLE KEYS */;
INSERT INTO `asistencias` (`id`, `referencia`, `id_actividad`, `fecha`, `id_estado`, `created_at`, `updated_at`) VALUES
	(1, 'ASISTENCIA-0505-0909-20232023', 1, '2023-09-05', 3, '2023-09-23 12:35:17', NULL),
	(2, 'ASISTENCIA-0505-0909-20232023', 2, '2023-09-05', 3, '2023-09-23 12:35:34', NULL);
/*!40000 ALTER TABLE `asistencias` ENABLE KEYS */;

-- Volcando estructura para tabla mip.cargos
CREATE TABLE IF NOT EXISTS `cargos` (
  `id` int(10) unsigned NOT NULL AUTO_INCREMENT,
  `id_trabajador` int(10) unsigned DEFAULT '0',
  `id_tipo_cargo` int(10) unsigned DEFAULT '0',
  `sueldo` double DEFAULT NULL,
  `fecha_inicio` date DEFAULT NULL,
  `fecha_fin` date DEFAULT NULL,
  `detalle` text COLLATE utf8mb4_unicode_ci,
  `id_estado` int(10) unsigned DEFAULT '1',
  `listable` int(10) unsigned DEFAULT '1',
  `id_user_create` int(10) unsigned DEFAULT NULL,
  `id_user_update` int(10) unsigned DEFAULT NULL,
  `created_at` timestamp NULL DEFAULT NULL,
  `updated_at` timestamp NULL DEFAULT NULL,
  PRIMARY KEY (`id`)
) ENGINE=InnoDB DEFAULT CHARSET=utf8mb4 COLLATE=utf8mb4_unicode_ci;

-- Volcando datos para la tabla mip.cargos: ~0 rows (aproximadamente)
DELETE FROM `cargos`;
/*!40000 ALTER TABLE `cargos` DISABLE KEYS */;
/*!40000 ALTER TABLE `cargos` ENABLE KEYS */;

-- Volcando estructura para tabla mip.categorias
CREATE TABLE IF NOT EXISTS `categorias` (
  `id` int(10) unsigned NOT NULL AUTO_INCREMENT,
  `nombre` varchar(30) COLLATE utf8mb4_unicode_ci NOT NULL,
  `nombre_p` varchar(30) COLLATE utf8mb4_unicode_ci NOT NULL,
  `color` varchar(30) COLLATE utf8mb4_unicode_ci DEFAULT 'secondary',
  `created_at` timestamp NULL DEFAULT NULL,
  `updated_at` timestamp NULL DEFAULT NULL,
  PRIMARY KEY (`id`)
) ENGINE=InnoDB AUTO_INCREMENT=5 DEFAULT CHARSET=utf8mb4 COLLATE=utf8mb4_unicode_ci;

-- Volcando datos para la tabla mip.categorias: ~4 rows (aproximadamente)
DELETE FROM `categorias`;
/*!40000 ALTER TABLE `categorias` DISABLE KEYS */;
INSERT INTO `categorias` (`id`, `nombre`, `nombre_p`, `color`, `created_at`, `updated_at`) VALUES
	(1, 'NIÑO/A', 'NIÑOS', 'success', NULL, '2023-08-23 12:01:19'),
	(2, 'JOVEN', 'JÓVENES', 'primary', NULL, '2023-08-23 12:01:32'),
	(3, 'ADULTO', 'ADULTOS', 'warning', NULL, '2023-08-23 12:01:43'),
	(4, 'ANCIANO/A', 'ANCIANOS', 'danger', NULL, '2023-08-23 12:01:59');
/*!40000 ALTER TABLE `categorias` ENABLE KEYS */;

-- Volcando estructura para tabla mip.clientes
CREATE TABLE IF NOT EXISTS `clientes` (
  `id` int(10) unsigned NOT NULL AUTO_INCREMENT,
  `id_tipo_documento` int(10) unsigned DEFAULT '0',
  `nro_documento` varchar(20) COLLATE utf8mb4_unicode_ci DEFAULT NULL,
  `nombres_razon_social` varchar(140) COLLATE utf8mb4_unicode_ci NOT NULL,
  `foto` varchar(255) COLLATE utf8mb4_unicode_ci DEFAULT NULL,
  `correo` varchar(70) COLLATE utf8mb4_unicode_ci DEFAULT NULL,
  `celular` varchar(11) COLLATE utf8mb4_unicode_ci DEFAULT NULL,
  `telefono` varchar(20) COLLATE utf8mb4_unicode_ci DEFAULT NULL,
  `id_pais` int(10) unsigned NOT NULL DEFAULT '0',
  `id_departamento` int(10) unsigned NOT NULL DEFAULT '0',
  `id_provincia` int(10) unsigned NOT NULL DEFAULT '0',
  `id_distrito` int(10) unsigned NOT NULL DEFAULT '0',
  `direccion` varchar(150) COLLATE utf8mb4_unicode_ci DEFAULT NULL,
  `detalle` text COLLATE utf8mb4_unicode_ci,
  `id_estado` int(10) unsigned DEFAULT '1',
  `listable` int(10) unsigned DEFAULT '1',
  `id_user_create` int(10) unsigned DEFAULT NULL,
  `id_user_update` int(10) unsigned DEFAULT NULL,
  `created_at` timestamp NULL DEFAULT NULL,
  `updated_at` timestamp NULL DEFAULT NULL,
  PRIMARY KEY (`id`),
  UNIQUE KEY `clientes_nro_documento_unique` (`nro_documento`),
  UNIQUE KEY `clientes_correo_unique` (`correo`)
) ENGINE=InnoDB DEFAULT CHARSET=utf8mb4 COLLATE=utf8mb4_unicode_ci;

-- Volcando datos para la tabla mip.clientes: ~0 rows (aproximadamente)
DELETE FROM `clientes`;
/*!40000 ALTER TABLE `clientes` DISABLE KEYS */;
/*!40000 ALTER TABLE `clientes` ENABLE KEYS */;

-- Volcando estructura para tabla mip.cms_apicustom
CREATE TABLE IF NOT EXISTS `cms_apicustom` (
  `id` int(10) unsigned NOT NULL AUTO_INCREMENT,
  `permalink` varchar(255) COLLATE utf8mb4_unicode_ci DEFAULT NULL,
  `tabel` varchar(255) COLLATE utf8mb4_unicode_ci DEFAULT NULL,
  `aksi` varchar(255) COLLATE utf8mb4_unicode_ci DEFAULT NULL,
  `kolom` varchar(255) COLLATE utf8mb4_unicode_ci DEFAULT NULL,
  `orderby` varchar(255) COLLATE utf8mb4_unicode_ci DEFAULT NULL,
  `sub_query_1` varchar(255) COLLATE utf8mb4_unicode_ci DEFAULT NULL,
  `sql_where` varchar(255) COLLATE utf8mb4_unicode_ci DEFAULT NULL,
  `nama` varchar(255) COLLATE utf8mb4_unicode_ci DEFAULT NULL,
  `keterangan` varchar(255) COLLATE utf8mb4_unicode_ci DEFAULT NULL,
  `parameter` varchar(255) COLLATE utf8mb4_unicode_ci DEFAULT NULL,
  `created_at` timestamp NULL DEFAULT NULL,
  `updated_at` timestamp NULL DEFAULT NULL,
  `method_type` varchar(25) COLLATE utf8mb4_unicode_ci DEFAULT NULL,
  `parameters` longtext COLLATE utf8mb4_unicode_ci,
  `responses` longtext COLLATE utf8mb4_unicode_ci,
  PRIMARY KEY (`id`)
) ENGINE=InnoDB DEFAULT CHARSET=utf8mb4 COLLATE=utf8mb4_unicode_ci;

-- Volcando datos para la tabla mip.cms_apicustom: ~0 rows (aproximadamente)
DELETE FROM `cms_apicustom`;
/*!40000 ALTER TABLE `cms_apicustom` DISABLE KEYS */;
/*!40000 ALTER TABLE `cms_apicustom` ENABLE KEYS */;

-- Volcando estructura para tabla mip.cms_apikey
CREATE TABLE IF NOT EXISTS `cms_apikey` (
  `id` int(10) unsigned NOT NULL AUTO_INCREMENT,
  `screetkey` varchar(255) COLLATE utf8mb4_unicode_ci DEFAULT NULL,
  `hit` int(11) DEFAULT NULL,
  `status` varchar(25) COLLATE utf8mb4_unicode_ci NOT NULL DEFAULT 'active',
  `created_at` timestamp NULL DEFAULT NULL,
  `updated_at` timestamp NULL DEFAULT NULL,
  PRIMARY KEY (`id`)
) ENGINE=InnoDB DEFAULT CHARSET=utf8mb4 COLLATE=utf8mb4_unicode_ci;

-- Volcando datos para la tabla mip.cms_apikey: ~0 rows (aproximadamente)
DELETE FROM `cms_apikey`;
/*!40000 ALTER TABLE `cms_apikey` DISABLE KEYS */;
/*!40000 ALTER TABLE `cms_apikey` ENABLE KEYS */;

-- Volcando estructura para tabla mip.cms_dashboard
CREATE TABLE IF NOT EXISTS `cms_dashboard` (
  `id` int(10) unsigned NOT NULL AUTO_INCREMENT,
  `name` varchar(255) COLLATE utf8mb4_unicode_ci DEFAULT NULL,
  `id_cms_privileges` int(11) DEFAULT NULL,
  `content` longtext COLLATE utf8mb4_unicode_ci,
  `created_at` timestamp NULL DEFAULT NULL,
  `updated_at` timestamp NULL DEFAULT NULL,
  PRIMARY KEY (`id`)
) ENGINE=InnoDB DEFAULT CHARSET=utf8mb4 COLLATE=utf8mb4_unicode_ci;

-- Volcando datos para la tabla mip.cms_dashboard: ~0 rows (aproximadamente)
DELETE FROM `cms_dashboard`;
/*!40000 ALTER TABLE `cms_dashboard` DISABLE KEYS */;
/*!40000 ALTER TABLE `cms_dashboard` ENABLE KEYS */;

-- Volcando estructura para tabla mip.cms_email_queues
CREATE TABLE IF NOT EXISTS `cms_email_queues` (
  `id` int(10) unsigned NOT NULL AUTO_INCREMENT,
  `send_at` datetime DEFAULT NULL,
  `email_recipient` varchar(255) COLLATE utf8mb4_unicode_ci DEFAULT NULL,
  `email_from_email` varchar(255) COLLATE utf8mb4_unicode_ci DEFAULT NULL,
  `email_from_name` varchar(255) COLLATE utf8mb4_unicode_ci DEFAULT NULL,
  `email_cc_email` varchar(255) COLLATE utf8mb4_unicode_ci DEFAULT NULL,
  `email_subject` varchar(255) COLLATE utf8mb4_unicode_ci DEFAULT NULL,
  `email_content` text COLLATE utf8mb4_unicode_ci,
  `email_attachments` text COLLATE utf8mb4_unicode_ci,
  `is_sent` tinyint(1) DEFAULT NULL,
  `created_at` timestamp NULL DEFAULT NULL,
  `updated_at` timestamp NULL DEFAULT NULL,
  PRIMARY KEY (`id`)
) ENGINE=InnoDB DEFAULT CHARSET=utf8mb4 COLLATE=utf8mb4_unicode_ci;

-- Volcando datos para la tabla mip.cms_email_queues: ~0 rows (aproximadamente)
DELETE FROM `cms_email_queues`;
/*!40000 ALTER TABLE `cms_email_queues` DISABLE KEYS */;
/*!40000 ALTER TABLE `cms_email_queues` ENABLE KEYS */;

-- Volcando estructura para tabla mip.cms_email_templates
CREATE TABLE IF NOT EXISTS `cms_email_templates` (
  `id` int(10) unsigned NOT NULL AUTO_INCREMENT,
  `name` varchar(255) COLLATE utf8mb4_unicode_ci DEFAULT NULL,
  `slug` varchar(255) COLLATE utf8mb4_unicode_ci DEFAULT NULL,
  `subject` varchar(255) COLLATE utf8mb4_unicode_ci DEFAULT NULL,
  `content` longtext COLLATE utf8mb4_unicode_ci,
  `description` varchar(255) COLLATE utf8mb4_unicode_ci DEFAULT NULL,
  `from_name` varchar(255) COLLATE utf8mb4_unicode_ci DEFAULT NULL,
  `from_email` varchar(255) COLLATE utf8mb4_unicode_ci DEFAULT NULL,
  `cc_email` varchar(255) COLLATE utf8mb4_unicode_ci DEFAULT NULL,
  `created_at` timestamp NULL DEFAULT NULL,
  `updated_at` timestamp NULL DEFAULT NULL,
  PRIMARY KEY (`id`)
) ENGINE=InnoDB AUTO_INCREMENT=2 DEFAULT CHARSET=utf8mb4 COLLATE=utf8mb4_unicode_ci;

-- Volcando datos para la tabla mip.cms_email_templates: ~0 rows (aproximadamente)
DELETE FROM `cms_email_templates`;
/*!40000 ALTER TABLE `cms_email_templates` DISABLE KEYS */;
INSERT INTO `cms_email_templates` (`id`, `name`, `slug`, `subject`, `content`, `description`, `from_name`, `from_email`, `cc_email`, `created_at`, `updated_at`) VALUES
	(1, 'Email Template Forgot Password Backend', 'forgot_password_backend', NULL, '<p>Hi,</p><p>Someone requested forgot password, here is your new password : </p><p>[password]</p><p><br></p><p>--</p><p>Regards,</p><p>Admin</p>', '[password]', 'System', 'system@crudbooster.com', NULL, '2023-06-16 00:17:48', NULL);
/*!40000 ALTER TABLE `cms_email_templates` ENABLE KEYS */;

-- Volcando estructura para tabla mip.cms_logs
CREATE TABLE IF NOT EXISTS `cms_logs` (
  `id` int(10) unsigned NOT NULL AUTO_INCREMENT,
  `ipaddress` varchar(50) COLLATE utf8mb4_unicode_ci DEFAULT NULL,
  `useragent` varchar(255) COLLATE utf8mb4_unicode_ci DEFAULT NULL,
  `url` varchar(255) COLLATE utf8mb4_unicode_ci DEFAULT NULL,
  `description` varchar(255) COLLATE utf8mb4_unicode_ci DEFAULT NULL,
  `details` text COLLATE utf8mb4_unicode_ci,
  `id_cms_users` int(11) DEFAULT NULL,
  `created_at` timestamp NULL DEFAULT NULL,
  `updated_at` timestamp NULL DEFAULT NULL,
  PRIMARY KEY (`id`)
) ENGINE=InnoDB AUTO_INCREMENT=590 DEFAULT CHARSET=utf8mb4 COLLATE=utf8mb4_unicode_ci;

-- Volcando datos para la tabla mip.cms_logs: ~558 rows (aproximadamente)
DELETE FROM `cms_logs`;
/*!40000 ALTER TABLE `cms_logs` DISABLE KEYS */;
INSERT INTO `cms_logs` (`id`, `ipaddress`, `useragent`, `url`, `description`, `details`, `id_cms_users`, `created_at`, `updated_at`) VALUES
	(1, '127.0.0.1', 'Mozilla/5.0 (Windows NT 10.0; Win64; x64) AppleWebKit/537.36 (KHTML, like Gecko) Chrome/114.0.0.0 Safari/537.36', 'http://127.0.0.1:8000/admin/menu_management/edit-save/1', 'Actualizar información Sliders en Gestión de Menús', '<table class="table table-striped"><thead><tr><th>Key</th><th>Old Value</th><th>New Value</th></thead><tbody><tr><td>path</td><td>AdminSliders1ControllerGetIndex</td><td>AdminSlidersControllerGetIndex</td></tr><tr><td>color</td><td></td><td>normal</td></tr></tbody></table>', 1, '2023-06-16 00:22:10', NULL),
	(2, '127.0.0.1', 'Mozilla/5.0 (Windows NT 10.0; Win64; x64) AppleWebKit/537.36 (KHTML, like Gecko) Chrome/114.0.0.0 Safari/537.36', 'http://127.0.0.1:8000/admin/menu_management/edit-save/2', 'Actualizar información Mina en Gestión de Menús', '<table class="table table-striped"><thead><tr><th>Key</th><th>Old Value</th><th>New Value</th></thead><tbody><tr><td>path</td><td>AdminMina1ControllerGetIndex</td><td>AdminMinaControllerGetIndex</td></tr><tr><td>color</td><td></td><td>normal</td></tr><tr><td>sorting</td><td>2</td><td></td></tr></tbody></table>', 1, '2023-06-16 00:23:35', NULL),
	(3, '127.0.0.1', 'Mozilla/5.0 (Windows NT 10.0; Win64; x64) AppleWebKit/537.36 (KHTML, like Gecko) Chrome/114.0.0.0 Safari/537.36', 'http://127.0.0.1:8000/admin/menu_management/add-save', 'Añadir nueva información CONFIGURACIONES en Gestión de Menús', '', 1, '2023-06-16 00:24:15', NULL),
	(4, '127.0.0.1', 'Mozilla/5.0 (Windows NT 10.0; Win64; x64) AppleWebKit/537.36 (KHTML, like Gecko) Chrome/114.0.0.0 Safari/537.36', 'http://127.0.0.1:8000/admin/menu_management/add-save', 'Añadir nueva información MAESTROS en Gestión de Menús', '', 1, '2023-06-16 00:24:54', NULL),
	(5, '127.0.0.1', 'Mozilla/5.0 (Windows NT 10.0; Win64; x64) AppleWebKit/537.36 (KHTML, like Gecko) Chrome/114.0.0.0 Safari/537.36', 'http://127.0.0.1:8000/admin/menu_management/edit-save/4', 'Actualizar información MAESTROS en Gestión de Menús', '<table class="table table-striped"><thead><tr><th>Key</th><th>Old Value</th><th>New Value</th></thead><tbody><tr><td>icon</td><td>fa fa-list-ul</td><td>fa fa-table</td></tr><tr><td>sorting</td><td></td><td></td></tr></tbody></table>', 1, '2023-06-16 00:25:30', NULL),
	(6, '127.0.0.1', 'Mozilla/5.0 (Windows NT 10.0; Win64; x64) AppleWebKit/537.36 (KHTML, like Gecko) Chrome/114.0.0.0 Safari/537.36', 'http://127.0.0.1:8000/admin/menu_management/edit-save/5', 'Actualizar información Yacimientos en Gestión de Menús', '<table class="table table-striped"><thead><tr><th>Key</th><th>Old Value</th><th>New Value</th></thead><tbody><tr><td>path</td><td>AdminYacimientos1ControllerGetIndex</td><td>AdminYacimientosControllerGetIndex</td></tr><tr><td>color</td><td></td><td>normal</td></tr><tr><td>sorting</td><td>3</td><td></td></tr></tbody></table>', 1, '2023-06-16 00:27:56', NULL),
	(7, '127.0.0.1', 'Mozilla/5.0 (Windows NT 10.0; Win64; x64) AppleWebKit/537.36 (KHTML, like Gecko) Chrome/114.0.0.0 Safari/537.36', 'http://127.0.0.1:8000/admin/menu_management/edit-save/2', 'Actualizar información Mina en Gestión de Menús', '<table class="table table-striped"><thead><tr><th>Key</th><th>Old Value</th><th>New Value</th></thead><tbody><tr><td>icon</td><td>fa fa-briefcase</td><td>fa fa-building-o</td></tr><tr><td>parent_id</td><td>3</td><td></td></tr></tbody></table>', 1, '2023-06-16 00:28:05', NULL),
	(8, '127.0.0.1', 'Mozilla/5.0 (Windows NT 10.0; Win64; x64) AppleWebKit/537.36 (KHTML, like Gecko) Chrome/114.0.0.0 Safari/537.36', 'http://127.0.0.1:8000/admin/menu_management/edit-save/5', 'Actualizar información Yacimientos en Gestión de Menús', '<table class="table table-striped"><thead><tr><th>Key</th><th>Old Value</th><th>New Value</th></thead><tbody><tr><td>icon</td><td>fa fa-briefcase</td><td>fa fa-map-marker</td></tr><tr><td>sorting</td><td>3</td><td></td></tr></tbody></table>', 1, '2023-06-16 00:29:28', NULL),
	(9, '127.0.0.1', 'Mozilla/5.0 (Windows NT 10.0; Win64; x64) AppleWebKit/537.36 (KHTML, like Gecko) Chrome/114.0.0.0 Safari/537.36', 'http://127.0.0.1:8000/admin/login', 'Ingreso de admin@crudbooster.com desde la Dirección IP 127.0.0.1', '', 1, '2023-06-16 20:18:51', NULL),
	(10, '127.0.0.1', 'Mozilla/5.0 (Windows NT 10.0; Win64; x64) AppleWebKit/537.36 (KHTML, like Gecko) Chrome/114.0.0.0 Safari/537.36', 'http://127.0.0.1:8000/admin/menu_management/edit-save/6', 'Actualizar información Trabajadores en Gestión de Menús', '<table class="table table-striped"><thead><tr><th>Key</th><th>Old Value</th><th>New Value</th></thead><tbody><tr><td>path</td><td>AdminTrabajadorsControllerGetIndex</td><td>AdminTrabajadoresControllerGetIndex</td></tr><tr><td>color</td><td></td><td>normal</td></tr><tr><td>sorting</td><td>3</td><td></td></tr></tbody></table>', 1, '2023-06-16 20:24:30', NULL),
	(11, '127.0.0.1', 'Mozilla/5.0 (Windows NT 10.0; Win64; x64) AppleWebKit/537.36 (KHTML, like Gecko) Chrome/114.0.0.0 Safari/537.36', 'http://127.0.0.1:8000/admin/menu_management/edit-save/7', 'Actualizar información Stting estados en Gestión de Menús', '<table class="table table-striped"><thead><tr><th>Key</th><th>Old Value</th><th>New Value</th></thead><tbody><tr><td>path</td><td>AdminSettingEstados1ControllerGetIndex</td><td>AdminSettingEstadosControllerGetIndex</td></tr><tr><td>color</td><td></td><td>normal</td></tr><tr><td>sorting</td><td>4</td><td></td></tr></tbody></table>', 1, '2023-06-16 20:32:59', NULL),
	(12, '127.0.0.1', 'Mozilla/5.0 (Windows NT 10.0; Win64; x64) AppleWebKit/537.36 (KHTML, like Gecko) Chrome/114.0.0.0 Safari/537.36', 'http://127.0.0.1:8000/admin/login', 'Ingreso de admin@crudbooster.com desde la Dirección IP 127.0.0.1', '', 1, '2023-06-17 07:25:59', NULL),
	(13, '127.0.0.1', 'Mozilla/5.0 (Windows NT 10.0; Win64; x64) AppleWebKit/537.36 (KHTML, like Gecko) Chrome/114.0.0.0 Safari/537.36', 'http://127.0.0.1:8000/admin/login', 'Ingreso de admin@crudbooster.com desde la Dirección IP 127.0.0.1', '', 1, '2023-06-17 19:14:25', NULL),
	(14, '127.0.0.1', 'Mozilla/5.0 (Windows NT 10.0; Win64; x64) AppleWebKit/537.36 (KHTML, like Gecko) Chrome/114.0.0.0 Safari/537.36', 'http://127.0.0.1:8000/admin/menu_management/edit-save/8', 'Actualizar información Setting tipo documentos en Gestión de Menús', '<table class="table table-striped"><thead><tr><th>Key</th><th>Old Value</th><th>New Value</th></thead><tbody><tr><td>path</td><td>AdminSettingTipoDocumentos1ControllerGetIndex</td><td>AdminSettingTipoDocumentosControllerGetIndex</td></tr><tr><td>color</td><td></td><td>normal</td></tr><tr><td>sorting</td><td>5</td><td></td></tr></tbody></table>', 1, '2023-06-17 19:16:07', NULL),
	(15, '127.0.0.1', 'Mozilla/5.0 (Windows NT 10.0; Win64; x64) AppleWebKit/537.36 (KHTML, like Gecko) Chrome/114.0.0.0 Safari/537.36', 'http://127.0.0.1:8000/admin/setting_tipo_documentos/edit-save/1', 'Actualizar información  en Setting tipo documentos', '<table class="table table-striped"><thead><tr><th>Key</th><th>Old Value</th><th>New Value</th></thead><tbody><tr><td>nombre</td><td>Dni</td><td>DNI</td></tr></tbody></table>', 1, '2023-06-17 19:16:15', NULL),
	(16, '127.0.0.1', 'Mozilla/5.0 (Windows NT 10.0; Win64; x64) AppleWebKit/537.36 (KHTML, like Gecko) Chrome/114.0.0.0 Safari/537.36', 'http://127.0.0.1:8000/admin/setting_tipo_documentos/edit-save/2', 'Actualizar información  en Setting tipo documentos', '<table class="table table-striped"><thead><tr><th>Key</th><th>Old Value</th><th>New Value</th></thead><tbody><tr><td>nombre</td><td>Pasaporte</td><td>PASAPORTE</td></tr></tbody></table>', 1, '2023-06-17 19:16:33', NULL),
	(17, '127.0.0.1', 'Mozilla/5.0 (Windows NT 10.0; Win64; x64) AppleWebKit/537.36 (KHTML, like Gecko) Chrome/114.0.0.0 Safari/537.36', 'http://127.0.0.1:8000/admin/setting_tipo_documentos/edit-save/3', 'Actualizar información  en Setting tipo documentos', '<table class="table table-striped"><thead><tr><th>Key</th><th>Old Value</th><th>New Value</th></thead><tbody><tr><td>nombre</td><td>Carnet Ext.</td><td>CARNET EXT.</td></tr></tbody></table>', 1, '2023-06-17 19:16:47', NULL),
	(18, '127.0.0.1', 'Mozilla/5.0 (Windows NT 10.0; Win64; x64) AppleWebKit/537.36 (KHTML, like Gecko) Chrome/114.0.0.0 Safari/537.36', 'http://127.0.0.1:8000/admin/setting_tipo_documentos/edit-save/4', 'Actualizar información  en Setting tipo documentos', '<table class="table table-striped"><thead><tr><th>Key</th><th>Old Value</th><th>New Value</th></thead><tbody><tr><td>nombre</td><td>Ruc</td><td>RUC</td></tr></tbody></table>', 1, '2023-06-17 19:17:07', NULL),
	(19, '127.0.0.1', 'Mozilla/5.0 (Windows NT 10.0; Win64; x64) AppleWebKit/537.36 (KHTML, like Gecko) Chrome/114.0.0.0 Safari/537.36', 'http://127.0.0.1:8000/admin/setting_tipo_documentos/edit-save/5', 'Actualizar información  en Setting tipo documentos', '<table class="table table-striped"><thead><tr><th>Key</th><th>Old Value</th><th>New Value</th></thead><tbody><tr><td>nombre</td><td>Otro</td><td>OTR}</td></tr></tbody></table>', 1, '2023-06-17 19:17:43', NULL),
	(20, '127.0.0.1', 'Mozilla/5.0 (Windows NT 10.0; Win64; x64) AppleWebKit/537.36 (KHTML, like Gecko) Chrome/114.0.0.0 Safari/537.36', 'http://127.0.0.1:8000/admin/setting_tipo_documentos/edit-save/5', 'Actualizar información  en Setting tipo documentos', '<table class="table table-striped"><thead><tr><th>Key</th><th>Old Value</th><th>New Value</th></thead><tbody><tr><td>nombre</td><td>OTR}</td><td>OTRO</td></tr></tbody></table>', 1, '2023-06-17 19:17:49', NULL),
	(21, '127.0.0.1', 'Mozilla/5.0 (Windows NT 10.0; Win64; x64) AppleWebKit/537.36 (KHTML, like Gecko) Chrome/114.0.0.0 Safari/537.36', 'http://127.0.0.1:8000/admin/menu_management/edit-save/9', 'Actualizar información Setting géneros en Gestión de Menús', '<table class="table table-striped"><thead><tr><th>Key</th><th>Old Value</th><th>New Value</th></thead><tbody><tr><td>path</td><td>AdminSettingGeneros1ControllerGetIndex</td><td>AdminSettingGenerosControllerGetIndex</td></tr><tr><td>color</td><td></td><td>normal</td></tr><tr><td>sorting</td><td>6</td><td></td></tr></tbody></table>', 1, '2023-06-17 19:19:07', NULL),
	(22, '127.0.0.1', 'Mozilla/5.0 (Windows NT 10.0; Win64; x64) AppleWebKit/537.36 (KHTML, like Gecko) Chrome/114.0.0.0 Safari/537.36', 'http://127.0.0.1:8000/admin/menu_management/edit-save/9', 'Actualizar información Setting géneros en Gestión de Menús', '<table class="table table-striped"><thead><tr><th>Key</th><th>Old Value</th><th>New Value</th></thead><tbody><tr><td>parent_id</td><td>4</td><td></td></tr><tr><td>sorting</td><td>2</td><td></td></tr></tbody></table>', 1, '2023-06-17 19:20:31', NULL),
	(23, '127.0.0.1', 'Mozilla/5.0 (Windows NT 10.0; Win64; x64) AppleWebKit/537.36 (KHTML, like Gecko) Chrome/114.0.0.0 Safari/537.36', 'http://127.0.0.1:8000/admin/menu_management/edit-save/9', 'Actualizar información Setting géneros en Gestión de Menús', '<table class="table table-striped"><thead><tr><th>Key</th><th>Old Value</th><th>New Value</th></thead><tbody><tr><td>parent_id</td><td>4</td><td></td></tr><tr><td>sorting</td><td>2</td><td></td></tr></tbody></table>', 1, '2023-06-17 19:21:14', NULL),
	(24, '127.0.0.1', 'Mozilla/5.0 (Windows NT 10.0; Win64; x64) AppleWebKit/537.36 (KHTML, like Gecko) Chrome/114.0.0.0 Safari/537.36', 'http://127.0.0.1:8000/admin/setting_generos/edit-save/1', 'Actualizar información  en Setting géneros', '<table class="table table-striped"><thead><tr><th>Key</th><th>Old Value</th><th>New Value</th></thead><tbody><tr><td>nombre</td><td>Masculino</td><td>MASCULINO</td></tr></tbody></table>', 1, '2023-06-17 19:22:13', NULL),
	(25, '127.0.0.1', 'Mozilla/5.0 (Windows NT 10.0; Win64; x64) AppleWebKit/537.36 (KHTML, like Gecko) Chrome/114.0.0.0 Safari/537.36', 'http://127.0.0.1:8000/admin/setting_generos/edit-save/2', 'Actualizar información  en Setting géneros', '<table class="table table-striped"><thead><tr><th>Key</th><th>Old Value</th><th>New Value</th></thead><tbody><tr><td>nombre</td><td>Femenino</td><td>FEMENINO</td></tr></tbody></table>', 1, '2023-06-17 19:22:19', NULL),
	(26, '127.0.0.1', 'Mozilla/5.0 (Windows NT 10.0; Win64; x64) AppleWebKit/537.36 (KHTML, like Gecko) Chrome/114.0.0.0 Safari/537.36', 'http://127.0.0.1:8000/admin/menu_management/edit-save/7', 'Actualizar información Setting estados en Gestión de Menús', '<table class="table table-striped"><thead><tr><th>Key</th><th>Old Value</th><th>New Value</th></thead><tbody><tr><td>name</td><td>Stting estados</td><td>Setting estados</td></tr><tr><td>parent_id</td><td>4</td><td></td></tr></tbody></table>', 1, '2023-06-17 19:24:42', NULL),
	(27, '127.0.0.1', 'Mozilla/5.0 (Windows NT 10.0; Win64; x64) AppleWebKit/537.36 (KHTML, like Gecko) Chrome/114.0.0.0 Safari/537.36', 'http://127.0.0.1:8000/admin/menu_management/edit-save/11', 'Actualizar información Setting departamentos en Gestión de Menús', '<table class="table table-striped"><thead><tr><th>Key</th><th>Old Value</th><th>New Value</th></thead><tbody><tr><td>path</td><td>AdminSettingDepartamentos1ControllerGetIndex</td><td>AdminSettingDepartamentosControllerGetIndex</td></tr><tr><td>color</td><td></td><td>normal</td></tr><tr><td>parent_id</td><td>4</td><td></td></tr><tr><td>sorting</td><td>2</td><td></td></tr></tbody></table>', 1, '2023-06-17 19:29:23', NULL),
	(28, '127.0.0.1', 'Mozilla/5.0 (Windows NT 10.0; Win64; x64) AppleWebKit/537.36 (KHTML, like Gecko) Chrome/114.0.0.0 Safari/537.36', 'http://127.0.0.1:8000/admin/menu_management/edit-save/12', 'Actualizar información Setting provincias en Gestión de Menús', '<table class="table table-striped"><thead><tr><th>Key</th><th>Old Value</th><th>New Value</th></thead><tbody><tr><td>path</td><td>AdminSettingProvincias1ControllerGetIndex</td><td>AdminSettingProvinciasControllerGetIndex</td></tr><tr><td>color</td><td></td><td>normal</td></tr><tr><td>parent_id</td><td>4</td><td></td></tr><tr><td>sorting</td><td>3</td><td></td></tr></tbody></table>', 1, '2023-06-17 19:29:35', NULL),
	(29, '127.0.0.1', 'Mozilla/5.0 (Windows NT 10.0; Win64; x64) AppleWebKit/537.36 (KHTML, like Gecko) Chrome/114.0.0.0 Safari/537.36', 'http://127.0.0.1:8000/admin/menu_management/edit-save/13', 'Actualizar información Setting distritos en Gestión de Menús', '<table class="table table-striped"><thead><tr><th>Key</th><th>Old Value</th><th>New Value</th></thead><tbody><tr><td>path</td><td>AdminSettingDistritos1ControllerGetIndex</td><td>AdminSettingDistritosControllerGetIndex</td></tr><tr><td>color</td><td></td><td>normal</td></tr><tr><td>parent_id</td><td>4</td><td></td></tr><tr><td>sorting</td><td>4</td><td></td></tr></tbody></table>', 1, '2023-06-17 19:29:42', NULL),
	(30, '127.0.0.1', 'Mozilla/5.0 (Windows NT 10.0; Win64; x64) AppleWebKit/537.36 (KHTML, like Gecko) Chrome/114.0.0.0 Safari/537.36', 'http://127.0.0.1:8000/admin/trabajadores/add-save', 'Añadir nueva información  en Trabajadores', '', 1, '2023-06-17 19:24:05', NULL),
	(31, '127.0.0.1', 'Mozilla/5.0 (Windows NT 10.0; Win64; x64) AppleWebKit/537.36 (KHTML, like Gecko) Chrome/114.0.0.0 Safari/537.36', 'http://127.0.0.1:8000/admin/menu_management/edit-save/14', 'Actualizar información Contratos en Gestión de Menús', '<table class="table table-striped"><thead><tr><th>Key</th><th>Old Value</th><th>New Value</th></thead><tbody><tr><td>path</td><td>AdminContratos1ControllerGetIndex</td><td>AdminContratosControllerGetIndex</td></tr><tr><td>color</td><td></td><td>normal</td></tr><tr><td>sorting</td><td>3</td><td></td></tr></tbody></table>', 1, '2023-06-17 19:34:04', NULL),
	(32, '127.0.0.1', 'Mozilla/5.0 (Windows NT 10.0; Win64; x64) AppleWebKit/537.36 (KHTML, like Gecko) Chrome/114.0.0.0 Safari/537.36', 'http://127.0.0.1:8000/admin/setting_cargos/add-save', 'Añadir nueva información  en Setting cargos', '', 1, '2023-06-17 19:39:44', NULL),
	(33, '127.0.0.1', 'Mozilla/5.0 (Windows NT 10.0; Win64; x64) AppleWebKit/537.36 (KHTML, like Gecko) Chrome/114.0.0.0 Safari/537.36', 'http://127.0.0.1:8000/admin/setting_cargos/add-save', 'Añadir nueva información  en Setting cargos', '', 1, '2023-06-17 19:40:03', NULL),
	(34, '127.0.0.1', 'Mozilla/5.0 (Windows NT 10.0; Win64; x64) AppleWebKit/537.36 (KHTML, like Gecko) Chrome/114.0.0.0 Safari/537.36', 'http://127.0.0.1:8000/admin/setting_cargos/add-save', 'Añadir nueva información  en Setting cargos', '', 1, '2023-06-17 19:40:34', NULL),
	(35, '127.0.0.1', 'Mozilla/5.0 (Windows NT 10.0; Win64; x64) AppleWebKit/537.36 (KHTML, like Gecko) Chrome/114.0.0.0 Safari/537.36', 'http://127.0.0.1:8000/admin/menu_management/edit-save/16', 'Actualizar información Setting periodo pagos en Gestión de Menús', '<table class="table table-striped"><thead><tr><th>Key</th><th>Old Value</th><th>New Value</th></thead><tbody><tr><td>path</td><td>AdminSettingPeriodoPagos1ControllerGetIndex</td><td>AdminSettingPeriodoPagosControllerGetIndex</td></tr><tr><td>color</td><td></td><td>normal</td></tr><tr><td>sorting</td><td>5</td><td></td></tr></tbody></table>', 1, '2023-06-17 19:43:27', NULL),
	(36, '127.0.0.1', 'Mozilla/5.0 (Windows NT 10.0; Win64; x64) AppleWebKit/537.36 (KHTML, like Gecko) Chrome/114.0.0.0 Safari/537.36', 'http://127.0.0.1:8000/admin/setting_periodo_pagos/add-save', 'Añadir nueva información  en Setting periodo pagos', '', 1, '2023-06-17 19:55:04', NULL),
	(37, '127.0.0.1', 'Mozilla/5.0 (Windows NT 10.0; Win64; x64) AppleWebKit/537.36 (KHTML, like Gecko) Chrome/114.0.0.0 Safari/537.36', 'http://127.0.0.1:8000/admin/setting_periodo_pagos/add-save', 'Añadir nueva información  en Setting periodo pagos', '', 1, '2023-06-17 19:55:33', NULL),
	(38, '127.0.0.1', 'Mozilla/5.0 (Windows NT 10.0; Win64; x64) AppleWebKit/537.36 (KHTML, like Gecko) Chrome/114.0.0.0 Safari/537.36', 'http://127.0.0.1:8000/admin/setting_periodo_pagos/add-save', 'Añadir nueva información  en Setting periodo pagos', '', 1, '2023-06-17 19:56:05', NULL),
	(39, '127.0.0.1', 'Mozilla/5.0 (Windows NT 10.0; Win64; x64) AppleWebKit/537.36 (KHTML, like Gecko) Chrome/114.0.0.0 Safari/537.36', 'http://127.0.0.1:8000/admin/setting_periodo_pagos/add-save', 'Añadir nueva información  en Setting periodo pagos', '', 1, '2023-06-17 19:56:22', NULL),
	(40, '127.0.0.1', 'Mozilla/5.0 (Windows NT 10.0; Win64; x64) AppleWebKit/537.36 (KHTML, like Gecko) Chrome/114.0.0.0 Safari/537.36', 'http://127.0.0.1:8000/admin/setting_periodo_pagos/add-save', 'Añadir nueva información  en Setting periodo pagos', '', 1, '2023-06-17 19:56:39', NULL),
	(41, '127.0.0.1', 'Mozilla/5.0 (Windows NT 10.0; Win64; x64) AppleWebKit/537.36 (KHTML, like Gecko) Chrome/114.0.0.0 Safari/537.36', 'http://127.0.0.1:8000/admin/setting_periodo_pagos/edit-save/3', 'Actualizar información  en Setting periodo pagos', '<table class="table table-striped"><thead><tr><th>Key</th><th>Old Value</th><th>New Value</th></thead><tbody><tr><td>dia_pago</td><td>6</td><td>0</td></tr></tbody></table>', 1, '2023-06-17 19:56:45', NULL),
	(42, '127.0.0.1', 'Mozilla/5.0 (Windows NT 10.0; Win64; x64) AppleWebKit/537.36 (KHTML, like Gecko) Chrome/114.0.0.0 Safari/537.36', 'http://127.0.0.1:8000/admin/login', 'Ingreso de admin@crudbooster.com desde la Dirección IP 127.0.0.1', '', 1, '2023-06-18 01:39:09', NULL),
	(43, '127.0.0.1', 'Mozilla/5.0 (Windows NT 10.0; Win64; x64) AppleWebKit/537.36 (KHTML, like Gecko) Chrome/114.0.0.0 Safari/537.36', 'http://127.0.0.1:8000/admin/setting_tiempo_contratos/add-save', 'Añadir nueva información  en Setting tiempo contratos', '', 1, '2023-06-18 01:43:03', NULL),
	(44, '127.0.0.1', 'Mozilla/5.0 (Windows NT 10.0; Win64; x64) AppleWebKit/537.36 (KHTML, like Gecko) Chrome/114.0.0.0 Safari/537.36', 'http://127.0.0.1:8000/admin/setting_tiempo_contratos/add-save', 'Añadir nueva información  en Setting tiempo contratos', '', 1, '2023-06-18 01:43:10', NULL),
	(45, '127.0.0.1', 'Mozilla/5.0 (Windows NT 10.0; Win64; x64) AppleWebKit/537.36 (KHTML, like Gecko) Chrome/114.0.0.0 Safari/537.36', 'http://127.0.0.1:8000/admin/setting_tiempo_contratos/add-save', 'Añadir nueva información  en Setting tiempo contratos', '', 1, '2023-06-18 01:43:23', NULL),
	(46, '127.0.0.1', 'Mozilla/5.0 (Windows NT 10.0; Win64; x64) AppleWebKit/537.36 (KHTML, like Gecko) Chrome/114.0.0.0 Safari/537.36', 'http://127.0.0.1:8000/admin/setting_tiempo_contratos/add-save', 'Añadir nueva información  en Setting tiempo contratos', '', 1, '2023-06-18 01:43:54', NULL),
	(47, '127.0.0.1', 'Mozilla/5.0 (Windows NT 10.0; Win64; x64) AppleWebKit/537.36 (KHTML, like Gecko) Chrome/114.0.0.0 Safari/537.36', 'http://127.0.0.1:8000/admin/setting_tiempo_contratos/edit-save/4', 'Actualizar información  en Setting tiempo contratos', '<table class="table table-striped"><thead><tr><th>Key</th><th>Old Value</th><th>New Value</th></thead><tbody><tr><td>nombre</td><td>Meses</td><td>6 Meses</td></tr></tbody></table>', 1, '2023-06-18 01:44:51', NULL),
	(48, '127.0.0.1', 'Mozilla/5.0 (Windows NT 10.0; Win64; x64) AppleWebKit/537.36 (KHTML, like Gecko) Chrome/114.0.0.0 Safari/537.36', 'http://127.0.0.1:8000/admin/setting_tiempo_contratos/edit-save/3', 'Actualizar información  en Setting tiempo contratos', '<table class="table table-striped"><thead><tr><th>Key</th><th>Old Value</th><th>New Value</th></thead><tbody><tr><td>nombre</td><td>Años</td><td>3 Años</td></tr></tbody></table>', 1, '2023-06-18 01:44:56', NULL),
	(49, '127.0.0.1', 'Mozilla/5.0 (Windows NT 10.0; Win64; x64) AppleWebKit/537.36 (KHTML, like Gecko) Chrome/114.0.0.0 Safari/537.36', 'http://127.0.0.1:8000/admin/setting_tiempo_contratos/edit-save/2', 'Actualizar información  en Setting tiempo contratos', '<table class="table table-striped"><thead><tr><th>Key</th><th>Old Value</th><th>New Value</th></thead><tbody><tr><td>nombre</td><td>Años</td><td>2 Años</td></tr></tbody></table>', 1, '2023-06-18 01:45:01', NULL),
	(50, '127.0.0.1', 'Mozilla/5.0 (Windows NT 10.0; Win64; x64) AppleWebKit/537.36 (KHTML, like Gecko) Chrome/114.0.0.0 Safari/537.36', 'http://127.0.0.1:8000/admin/setting_tiempo_contratos/edit-save/1', 'Actualizar información  en Setting tiempo contratos', '<table class="table table-striped"><thead><tr><th>Key</th><th>Old Value</th><th>New Value</th></thead><tbody><tr><td>nombre</td><td>Año</td><td>1 Año</td></tr></tbody></table>', 1, '2023-06-18 01:45:06', NULL),
	(51, '127.0.0.1', 'Mozilla/5.0 (Windows NT 10.0; Win64; x64) AppleWebKit/537.36 (KHTML, like Gecko) Chrome/114.0.0.0 Safari/537.36', 'http://127.0.0.1:8000/admin/setting_tiempo_contratos/add-save', 'Añadir nueva información  en Setting tiempo contratos', '', 1, '2023-06-18 01:45:22', NULL),
	(52, '127.0.0.1', 'Mozilla/5.0 (Windows NT 10.0; Win64; x64) AppleWebKit/537.36 (KHTML, like Gecko) Chrome/114.0.0.0 Safari/537.36', 'http://127.0.0.1:8000/admin/setting_tiempo_contratos/add-save', 'Añadir nueva información  en Setting tiempo contratos', '', 1, '2023-06-18 01:45:38', NULL),
	(53, '127.0.0.1', 'Mozilla/5.0 (Windows NT 10.0; Win64; x64) AppleWebKit/537.36 (KHTML, like Gecko) Chrome/114.0.0.0 Safari/537.36', 'http://127.0.0.1:8000/admin/setting_tiempo_contratos/edit-save/6', 'Actualizar información  en Setting tiempo contratos', '<table class="table table-striped"><thead><tr><th>Key</th><th>Old Value</th><th>New Value</th></thead><tbody><tr><td>nombre</td><td>1 MES</td><td>PERIODO PRUEBA (1 MES)</td></tr></tbody></table>', 1, '2023-06-18 01:45:58', NULL),
	(54, '127.0.0.1', 'Mozilla/5.0 (Windows NT 10.0; Win64; x64) AppleWebKit/537.36 (KHTML, like Gecko) Chrome/114.0.0.0 Safari/537.36', 'http://127.0.0.1:8000/admin/setting_tiempo_contratos/edit-save/1', 'Actualizar información  en Setting tiempo contratos', '<table class="table table-striped"><thead><tr><th>Key</th><th>Old Value</th><th>New Value</th></thead><tbody><tr><td>nombre</td><td>1 Año</td><td>AÑO</td></tr><tr><td>id_periodo</td><td>0</td><td>1</td></tr></tbody></table>', 1, '2023-06-18 01:54:47', NULL),
	(55, '127.0.0.1', 'Mozilla/5.0 (Windows NT 10.0; Win64; x64) AppleWebKit/537.36 (KHTML, like Gecko) Chrome/114.0.0.0 Safari/537.36', 'http://127.0.0.1:8000/admin/setting_tiempo_contratos/edit-save/2', 'Actualizar información  en Setting tiempo contratos', '<table class="table table-striped"><thead><tr><th>Key</th><th>Old Value</th><th>New Value</th></thead><tbody><tr><td>nombre</td><td>2 Años</td><td>AÑOS</td></tr><tr><td>id_periodo</td><td>0</td><td>1</td></tr></tbody></table>', 1, '2023-06-18 01:54:56', NULL),
	(56, '127.0.0.1', 'Mozilla/5.0 (Windows NT 10.0; Win64; x64) AppleWebKit/537.36 (KHTML, like Gecko) Chrome/114.0.0.0 Safari/537.36', 'http://127.0.0.1:8000/admin/setting_tiempo_contratos/edit-save/3', 'Actualizar información  en Setting tiempo contratos', '<table class="table table-striped"><thead><tr><th>Key</th><th>Old Value</th><th>New Value</th></thead><tbody><tr><td>nombre</td><td>3 Años</td><td>AÑOS</td></tr><tr><td>id_periodo</td><td>0</td><td>1</td></tr></tbody></table>', 1, '2023-06-18 01:55:06', NULL),
	(57, '127.0.0.1', 'Mozilla/5.0 (Windows NT 10.0; Win64; x64) AppleWebKit/537.36 (KHTML, like Gecko) Chrome/114.0.0.0 Safari/537.36', 'http://127.0.0.1:8000/admin/setting_tiempo_contratos/edit-save/4', 'Actualizar información  en Setting tiempo contratos', '<table class="table table-striped"><thead><tr><th>Key</th><th>Old Value</th><th>New Value</th></thead><tbody><tr><td>nombre</td><td>6 Meses</td><td>MESES</td></tr><tr><td>id_periodo</td><td>0</td><td>2</td></tr></tbody></table>', 1, '2023-06-18 01:55:17', NULL),
	(58, '127.0.0.1', 'Mozilla/5.0 (Windows NT 10.0; Win64; x64) AppleWebKit/537.36 (KHTML, like Gecko) Chrome/114.0.0.0 Safari/537.36', 'http://127.0.0.1:8000/admin/setting_tiempo_contratos/edit-save/5', 'Actualizar información  en Setting tiempo contratos', '<table class="table table-striped"><thead><tr><th>Key</th><th>Old Value</th><th>New Value</th></thead><tbody><tr><td>nombre</td><td>2 MESES</td><td>MESES</td></tr><tr><td>id_periodo</td><td>0</td><td>2</td></tr></tbody></table>', 1, '2023-06-18 01:55:26', NULL),
	(59, '127.0.0.1', 'Mozilla/5.0 (Windows NT 10.0; Win64; x64) AppleWebKit/537.36 (KHTML, like Gecko) Chrome/114.0.0.0 Safari/537.36', 'http://127.0.0.1:8000/admin/setting_tiempo_contratos/edit-save/6', 'Actualizar información  en Setting tiempo contratos', '<table class="table table-striped"><thead><tr><th>Key</th><th>Old Value</th><th>New Value</th></thead><tbody><tr><td>nombre</td><td>PERIODO PRUEBA (1 MES)</td><td>MES (Perido prueba)</td></tr><tr><td>id_periodo</td><td>0</td><td>2</td></tr></tbody></table>', 1, '2023-06-18 01:55:59', NULL),
	(60, '127.0.0.1', 'Mozilla/5.0 (Windows NT 10.0; Win64; x64) AppleWebKit/537.36 (KHTML, like Gecko) Chrome/114.0.0.0 Safari/537.36', 'http://127.0.0.1:8000/admin/setting_tiempo_contratos/edit-save/5', 'Actualizar información  en Setting tiempo contratos', '<table class="table table-striped"><thead><tr><th>Key</th><th>Old Value</th><th>New Value</th></thead><tbody></tbody></table>', 1, '2023-06-18 01:56:39', NULL),
	(61, '127.0.0.1', 'Mozilla/5.0 (Windows NT 10.0; Win64; x64) AppleWebKit/537.36 (KHTML, like Gecko) Chrome/114.0.0.0 Safari/537.36', 'http://127.0.0.1:8000/admin/setting_tiempo_contratos/edit-save/6', 'Actualizar información  en Setting tiempo contratos', '<table class="table table-striped"><thead><tr><th>Key</th><th>Old Value</th><th>New Value</th></thead><tbody><tr><td>nombre</td><td>MES (Perido prueba)</td><td>MESES</td></tr><tr><td>tiempo</td><td>1</td><td>2</td></tr></tbody></table>', 1, '2023-06-18 01:56:50', NULL),
	(62, '127.0.0.1', 'Mozilla/5.0 (Windows NT 10.0; Win64; x64) AppleWebKit/537.36 (KHTML, like Gecko) Chrome/114.0.0.0 Safari/537.36', 'http://127.0.0.1:8000/admin/setting_tiempo_contratos/add-save', 'Añadir nueva información  en Setting tiempo contratos', '', 1, '2023-06-18 01:57:00', NULL),
	(63, '127.0.0.1', 'Mozilla/5.0 (Windows NT 10.0; Win64; x64) AppleWebKit/537.36 (KHTML, like Gecko) Chrome/114.0.0.0 Safari/537.36', 'http://127.0.0.1:8000/admin/setting_tiempo_contratos/add-save', 'Añadir nueva información  en Setting tiempo contratos', '', 1, '2023-06-18 01:59:02', NULL),
	(64, '127.0.0.1', 'Mozilla/5.0 (Windows NT 10.0; Win64; x64) AppleWebKit/537.36 (KHTML, like Gecko) Chrome/114.0.0.0 Safari/537.36', 'http://127.0.0.1:8000/admin/setting_tiempo_contratos/add-save', 'Añadir nueva información  en Setting tiempo contratos', '', 1, '2023-06-18 01:59:26', NULL),
	(65, '127.0.0.1', 'Mozilla/5.0 (Windows NT 10.0; Win64; x64) AppleWebKit/537.36 (KHTML, like Gecko) Chrome/114.0.0.0 Safari/537.36', 'http://127.0.0.1:8000/admin/setting_periodo_pagos/edit-save/4', 'Actualizar información  en Setting periodo pagos', '<table class="table table-striped"><thead><tr><th>Key</th><th>Old Value</th><th>New Value</th></thead><tbody><tr><td>color</td><td>warning</td><td>danger</td></tr></tbody></table>', 1, '2023-06-18 02:03:05', NULL),
	(66, '127.0.0.1', 'Mozilla/5.0 (Windows NT 10.0; Win64; x64) AppleWebKit/537.36 (KHTML, like Gecko) Chrome/114.0.0.0 Safari/537.36', 'http://127.0.0.1:8000/admin/setting_tiempo_contratos/edit-save/1', 'Actualizar información  en Setting tiempo contratos', '<table class="table table-striped"><thead><tr><th>Key</th><th>Old Value</th><th>New Value</th></thead><tbody><tr><td>nombre</td><td>AÑO</td><td>1 AÑO</td></tr></tbody></table>', 1, '2023-06-18 02:05:28', NULL),
	(67, '127.0.0.1', 'Mozilla/5.0 (Windows NT 10.0; Win64; x64) AppleWebKit/537.36 (KHTML, like Gecko) Chrome/114.0.0.0 Safari/537.36', 'http://127.0.0.1:8000/admin/setting_tiempo_contratos/edit-save/2', 'Actualizar información  en Setting tiempo contratos', '<table class="table table-striped"><thead><tr><th>Key</th><th>Old Value</th><th>New Value</th></thead><tbody><tr><td>nombre</td><td>AÑOS</td><td>2 AÑOS</td></tr></tbody></table>', 1, '2023-06-18 02:05:35', NULL),
	(68, '127.0.0.1', 'Mozilla/5.0 (Windows NT 10.0; Win64; x64) AppleWebKit/537.36 (KHTML, like Gecko) Chrome/114.0.0.0 Safari/537.36', 'http://127.0.0.1:8000/admin/setting_tiempo_contratos/edit-save/3', 'Actualizar información  en Setting tiempo contratos', '<table class="table table-striped"><thead><tr><th>Key</th><th>Old Value</th><th>New Value</th></thead><tbody><tr><td>nombre</td><td>AÑOS</td><td>3 AÑOS</td></tr></tbody></table>', 1, '2023-06-18 02:05:39', NULL),
	(69, '127.0.0.1', 'Mozilla/5.0 (Windows NT 10.0; Win64; x64) AppleWebKit/537.36 (KHTML, like Gecko) Chrome/114.0.0.0 Safari/537.36', 'http://127.0.0.1:8000/admin/setting_tiempo_contratos/edit-save/4', 'Actualizar información  en Setting tiempo contratos', '<table class="table table-striped"><thead><tr><th>Key</th><th>Old Value</th><th>New Value</th></thead><tbody><tr><td>nombre</td><td>MES (Perido prueba)</td><td>1 MES (Perido prueba)</td></tr></tbody></table>', 1, '2023-06-18 02:05:46', NULL),
	(70, '127.0.0.1', 'Mozilla/5.0 (Windows NT 10.0; Win64; x64) AppleWebKit/537.36 (KHTML, like Gecko) Chrome/114.0.0.0 Safari/537.36', 'http://127.0.0.1:8000/admin/setting_tiempo_contratos/edit-save/5', 'Actualizar información  en Setting tiempo contratos', '<table class="table table-striped"><thead><tr><th>Key</th><th>Old Value</th><th>New Value</th></thead><tbody><tr><td>nombre</td><td>MESES</td><td>2 MESES</td></tr></tbody></table>', 1, '2023-06-18 02:05:52', NULL),
	(71, '127.0.0.1', 'Mozilla/5.0 (Windows NT 10.0; Win64; x64) AppleWebKit/537.36 (KHTML, like Gecko) Chrome/114.0.0.0 Safari/537.36', 'http://127.0.0.1:8000/admin/setting_tiempo_contratos/edit-save/6', 'Actualizar información  en Setting tiempo contratos', '<table class="table table-striped"><thead><tr><th>Key</th><th>Old Value</th><th>New Value</th></thead><tbody><tr><td>nombre</td><td>MESES</td><td>3 MESES</td></tr></tbody></table>', 1, '2023-06-18 02:05:59', NULL),
	(72, '127.0.0.1', 'Mozilla/5.0 (Windows NT 10.0; Win64; x64) AppleWebKit/537.36 (KHTML, like Gecko) Chrome/114.0.0.0 Safari/537.36', 'http://127.0.0.1:8000/admin/setting_tiempo_contratos/edit-save/7', 'Actualizar información  en Setting tiempo contratos', '<table class="table table-striped"><thead><tr><th>Key</th><th>Old Value</th><th>New Value</th></thead><tbody><tr><td>nombre</td><td>MESES</td><td>6 MESES</td></tr></tbody></table>', 1, '2023-06-18 02:07:18', NULL),
	(73, '127.0.0.1', 'Mozilla/5.0 (Windows NT 10.0; Win64; x64) AppleWebKit/537.36 (KHTML, like Gecko) Chrome/114.0.0.0 Safari/537.36', 'http://127.0.0.1:8000/admin/setting_tiempo_contratos/edit-save/9', 'Actualizar información  en Setting tiempo contratos', '<table class="table table-striped"><thead><tr><th>Key</th><th>Old Value</th><th>New Value</th></thead><tbody><tr><td>nombre</td><td>SEMANAS</td><td>1 SEMANAS</td></tr></tbody></table>', 1, '2023-06-18 02:07:25', NULL),
	(74, '127.0.0.1', 'Mozilla/5.0 (Windows NT 10.0; Win64; x64) AppleWebKit/537.36 (KHTML, like Gecko) Chrome/114.0.0.0 Safari/537.36', 'http://127.0.0.1:8000/admin/setting_tiempo_contratos/edit-save/8', 'Actualizar información  en Setting tiempo contratos', '<table class="table table-striped"><thead><tr><th>Key</th><th>Old Value</th><th>New Value</th></thead><tbody><tr><td>nombre</td><td>SEMANA</td><td>1 SEMANA</td></tr></tbody></table>', 1, '2023-06-18 02:07:38', NULL),
	(75, '127.0.0.1', 'Mozilla/5.0 (Windows NT 10.0; Win64; x64) AppleWebKit/537.36 (KHTML, like Gecko) Chrome/114.0.0.0 Safari/537.36', 'http://127.0.0.1:8000/admin/trabajadores/add-save', 'Añadir nueva información  en Trabajadores', '', 1, '2023-06-18 02:33:23', NULL),
	(76, '127.0.0.1', 'Mozilla/5.0 (Windows NT 10.0; Win64; x64) AppleWebKit/537.36 (KHTML, like Gecko) Chrome/114.0.0.0 Safari/537.36', 'http://127.0.0.1:8000/admin/trabajadores/add-save', 'Añadir nueva información  en Trabajadores', '', 1, '2023-06-18 02:34:06', NULL),
	(77, '127.0.0.1', 'Mozilla/5.0 (Windows NT 10.0; Win64; x64) AppleWebKit/537.36 (KHTML, like Gecko) Chrome/114.0.0.0 Safari/537.36', 'http://127.0.0.1:8000/admin/setting_pais/add-save', 'Añadir nueva información  en Setting pais', '', 1, '2023-06-18 03:56:40', NULL),
	(78, '127.0.0.1', 'Mozilla/5.0 (Windows NT 10.0; Win64; x64) AppleWebKit/537.36 (KHTML, like Gecko) Chrome/114.0.0.0 Safari/537.36', 'http://127.0.0.1:8000/admin/setting_pais/edit-save/1', 'Actualizar información  en Setting pais', '<table class="table table-striped"><thead><tr><th>Key</th><th>Old Value</th><th>New Value</th></thead><tbody><tr><td>nombre</td><td>PAIS</td><td>PERÚ</td></tr></tbody></table>', 1, '2023-06-18 04:03:53', NULL),
	(79, '127.0.0.1', 'Mozilla/5.0 (Windows NT 10.0; Win64; x64) AppleWebKit/537.36 (KHTML, like Gecko) Chrome/114.0.0.0 Safari/537.36', 'http://127.0.0.1:8000/admin/mina/add-save', 'Añadir nueva información  en Mina', '', 1, '2023-06-18 04:05:28', NULL),
	(80, '127.0.0.1', 'Mozilla/5.0 (Windows NT 10.0; Win64; x64) AppleWebKit/537.36 (KHTML, like Gecko) Chrome/114.0.0.0 Safari/537.36', 'http://127.0.0.1:8000/admin/yacimientos/add-save', 'Añadir nueva información  en Yacimientos', '', 1, '2023-06-18 04:10:39', NULL),
	(81, '127.0.0.1', 'Mozilla/5.0 (Windows NT 10.0; Win64; x64) AppleWebKit/537.36 (KHTML, like Gecko) Chrome/114.0.0.0 Safari/537.36', 'http://127.0.0.1:8000/admin/yacimientos/add-save', 'Añadir nueva información  en Yacimientos', '', 1, '2023-06-18 04:15:56', NULL),
	(82, '127.0.0.1', 'Mozilla/5.0 (Windows NT 10.0; Win64; x64) AppleWebKit/537.36 (KHTML, like Gecko) Chrome/114.0.0.0 Safari/537.36', 'http://127.0.0.1:8000/admin/yacimientos/edit-save/1', 'Actualizar información  en Yacimientos', '<table class="table table-striped"><thead><tr><th>Key</th><th>Old Value</th><th>New Value</th></thead><tbody><tr><td>codigo</td><td>MIP-YAC-PH-001</td><td>MIP-YAC-PHU-001</td></tr><tr><td>nombre</td><td>YACIMIENTO PUNKU HUAYCO</td><td>YACIMIENTO PUNCU HUAYCO</td></tr><tr><td>direccion</td><td></td><td></td></tr><tr><td>telefono</td><td></td><td></td></tr><tr><td>celular</td><td></td><td></td></tr><tr><td>correo</td><td></td><td></td></tr></tbody></table>', 1, '2023-06-18 04:16:17', NULL),
	(83, '127.0.0.1', 'Mozilla/5.0 (Windows NT 10.0; Win64; x64) AppleWebKit/537.36 (KHTML, like Gecko) Chrome/114.0.0.0 Safari/537.36', 'http://127.0.0.1:8000/admin/yacimientos/add-save', 'Añadir nueva información  en Yacimientos', '', 1, '2023-06-18 04:16:52', NULL),
	(84, '127.0.0.1', 'Mozilla/5.0 (Windows NT 10.0; Win64; x64) AppleWebKit/537.36 (KHTML, like Gecko) Chrome/114.0.0.0 Safari/537.36', 'http://127.0.0.1:8000/admin/yacimientos/add-save', 'Añadir nueva información  en Yacimientos', '', 1, '2023-06-18 04:17:42', NULL),
	(85, '127.0.0.1', 'Mozilla/5.0 (Windows NT 10.0; Win64; x64) AppleWebKit/537.36 (KHTML, like Gecko) Chrome/114.0.0.0 Safari/537.36', 'http://127.0.0.1:8000/admin/yacimientos/edit-save/4', 'Actualizar información  en Yacimientos', '<table class="table table-striped"><thead><tr><th>Key</th><th>Old Value</th><th>New Value</th></thead><tbody><tr><td>codigo</td><td>MIP-YAC-CHU-04</td><td>MIP-YAC-CHU-004</td></tr><tr><td>direccion</td><td></td><td></td></tr><tr><td>telefono</td><td></td><td></td></tr><tr><td>celular</td><td></td><td></td></tr><tr><td>correo</td><td></td><td></td></tr></tbody></table>', 1, '2023-06-18 04:17:48', NULL),
	(86, '127.0.0.1', 'Mozilla/5.0 (Windows NT 10.0; Win64; x64) AppleWebKit/537.36 (KHTML, like Gecko) Chrome/114.0.0.0 Safari/537.36', 'http://127.0.0.1:8000/admin/menu_management/edit-save/18', 'Actualizar información Setting tipo monedas en Gestión de Menús', '<table class="table table-striped"><thead><tr><th>Key</th><th>Old Value</th><th>New Value</th></thead><tbody><tr><td>path</td><td>AdminSettingTipoMonedas1ControllerGetIndex</td><td>AdminSettingTipoMonedasControllerGetIndex</td></tr><tr><td>color</td><td></td><td>normal</td></tr><tr><td>icon</td><td>fa fa-money</td><td>fa fa-wrench</td></tr><tr><td>sorting</td><td>5</td><td></td></tr></tbody></table>', 1, '2023-06-18 04:20:41', NULL),
	(87, '127.0.0.1', 'Mozilla/5.0 (Windows NT 10.0; Win64; x64) AppleWebKit/537.36 (KHTML, like Gecko) Chrome/114.0.0.0 Safari/537.36', 'http://127.0.0.1:8000/admin/setting_tipo_monedas/edit-save/1', 'Actualizar información  en Setting tipo monedas', '<table class="table table-striped"><thead><tr><th>Key</th><th>Old Value</th><th>New Value</th></thead><tbody><tr><td>nombre</td><td>Nuevo Sol</td><td>NUEVO SOL</td></tr></tbody></table>', 1, '2023-06-18 04:21:04', NULL),
	(88, '127.0.0.1', 'Mozilla/5.0 (Windows NT 10.0; Win64; x64) AppleWebKit/537.36 (KHTML, like Gecko) Chrome/114.0.0.0 Safari/537.36', 'http://127.0.0.1:8000/admin/setting_tipo_monedas/edit-save/2', 'Actualizar información  en Setting tipo monedas', '<table class="table table-striped"><thead><tr><th>Key</th><th>Old Value</th><th>New Value</th></thead><tbody><tr><td>nombre</td><td>Dólar</td><td>DOLAR</td></tr></tbody></table>', 1, '2023-06-18 04:21:11', NULL),
	(89, '127.0.0.1', 'Mozilla/5.0 (Windows NT 10.0; Win64; x64) AppleWebKit/537.36 (KHTML, like Gecko) Chrome/114.0.0.0 Safari/537.36', 'http://127.0.0.1:8000/admin/menu_management/edit-save/19', 'Actualizar información Pagos en Gestión de Menús', '<table class="table table-striped"><thead><tr><th>Key</th><th>Old Value</th><th>New Value</th></thead><tbody><tr><td>path</td><td>AdminPagos1ControllerGetIndex</td><td>AdminPagosControllerGetIndex</td></tr><tr><td>color</td><td></td><td>normal</td></tr><tr><td>sorting</td><td>4</td><td></td></tr></tbody></table>', 1, '2023-06-18 04:24:19', NULL),
	(90, '127.0.0.1', 'Mozilla/5.0 (Windows NT 10.0; Win64; x64) AppleWebKit/537.36 (KHTML, like Gecko) Chrome/114.0.0.0 Safari/537.36', 'http://127.0.0.1:8000/admin/menu_management/edit-save/20', 'Actualizar información Pago personal en Gestión de Menús', '<table class="table table-striped"><thead><tr><th>Key</th><th>Old Value</th><th>New Value</th></thead><tbody><tr><td>path</td><td>AdminPagosPersonal1ControllerGetIndex</td><td>AdminPagosPersonalControllerGetIndex</td></tr><tr><td>color</td><td></td><td>normal</td></tr><tr><td>sorting</td><td>5</td><td></td></tr></tbody></table>', 1, '2023-06-18 04:26:14', NULL),
	(91, '127.0.0.1', 'Mozilla/5.0 (Windows NT 10.0; Win64; x64) AppleWebKit/537.36 (KHTML, like Gecko) Chrome/114.0.0.0 Safari/537.36', 'http://127.0.0.1:8000/admin/menu_management/delete/20', 'Eliminar información Pago personal en Gestión de Menús', '', 1, '2023-06-18 04:27:52', NULL),
	(92, '127.0.0.1', 'Mozilla/5.0 (Windows NT 10.0; Win64; x64) AppleWebKit/537.36 (KHTML, like Gecko) Chrome/114.0.0.0 Safari/537.36', 'http://127.0.0.1:8000/admin/login', 'Ingreso de admin@crudbooster.com desde la Dirección IP 127.0.0.1', '', 1, '2023-06-19 00:22:15', NULL),
	(93, '127.0.0.1', 'Mozilla/5.0 (Windows NT 10.0; Win64; x64) AppleWebKit/537.36 (KHTML, like Gecko) Chrome/114.0.0.0 Safari/537.36', 'http://127.0.0.1:8000/admin/menu_management/edit-save/21', 'Actualizar información Egresos en Gestión de Menús', '<table class="table table-striped"><thead><tr><th>Key</th><th>Old Value</th><th>New Value</th></thead><tbody><tr><td>path</td><td>AdminEgresos1ControllerGetIndex</td><td>AdminEgresosControllerGetIndex</td></tr><tr><td>color</td><td></td><td>normal</td></tr><tr><td>sorting</td><td>6</td><td></td></tr></tbody></table>', 1, '2023-06-19 00:29:39', NULL),
	(94, '127.0.0.1', 'Mozilla/5.0 (Windows NT 10.0; Win64; x64) AppleWebKit/537.36 (KHTML, like Gecko) Chrome/114.0.0.0 Safari/537.36', 'http://127.0.0.1:8000/admin/menu_management/edit-save/22', 'Actualizar información Ingresos en Gestión de Menús', '<table class="table table-striped"><thead><tr><th>Key</th><th>Old Value</th><th>New Value</th></thead><tbody><tr><td>path</td><td>AdminIngresos1ControllerGetIndex</td><td>AdminIngresosControllerGetIndex</td></tr><tr><td>color</td><td></td><td>normal</td></tr><tr><td>sorting</td><td>7</td><td></td></tr></tbody></table>', 1, '2023-06-19 00:30:51', NULL),
	(95, '127.0.0.1', 'Mozilla/5.0 (Windows NT 10.0; Win64; x64) AppleWebKit/537.36 (KHTML, like Gecko) Chrome/114.0.0.0 Safari/537.36', 'http://127.0.0.1:8000/admin/menu_management/edit-save/23', 'Actualizar información Setting tipo ingresos en Gestión de Menús', '<table class="table table-striped"><thead><tr><th>Key</th><th>Old Value</th><th>New Value</th></thead><tbody><tr><td>path</td><td>AdminSettingTipoIngresos1ControllerGetIndex</td><td>AdminSettingTipoIngresosControllerGetIndex</td></tr><tr><td>color</td><td></td><td>normal</td></tr><tr><td>sorting</td><td>8</td><td></td></tr></tbody></table>', 1, '2023-06-19 00:41:44', NULL),
	(96, '127.0.0.1', 'Mozilla/5.0 (Windows NT 10.0; Win64; x64) AppleWebKit/537.36 (KHTML, like Gecko) Chrome/114.0.0.0 Safari/537.36', 'http://127.0.0.1:8000/admin/menu_management/add-save', 'Añadir nueva información ADMINISTRACIÓN en Gestión de Menús', '', 1, '2023-06-19 00:48:25', NULL),
	(97, '127.0.0.1', 'Mozilla/5.0 (Windows NT 10.0; Win64; x64) AppleWebKit/537.36 (KHTML, like Gecko) Chrome/114.0.0.0 Safari/537.36', 'http://127.0.0.1:8000/admin/menu_management/add-save', 'Añadir nueva información CONTABILIDAD en Gestión de Menús', '', 1, '2023-06-19 00:48:59', NULL),
	(98, '127.0.0.1', 'Mozilla/5.0 (Windows NT 10.0; Win64; x64) AppleWebKit/537.36 (KHTML, like Gecko) Chrome/114.0.0.0 Safari/537.36', 'http://127.0.0.1:8000/admin/menu_management/edit-save/26', 'Actualizar información Setting tipo egresos en Gestión de Menús', '<table class="table table-striped"><thead><tr><th>Key</th><th>Old Value</th><th>New Value</th></thead><tbody><tr><td>path</td><td>AdminSettingTipoEgresos1ControllerGetIndex</td><td>AdminSettingTipoEgresosControllerGetIndex</td></tr><tr><td>color</td><td></td><td>normal</td></tr><tr><td>sorting</td><td>5</td><td></td></tr></tbody></table>', 1, '2023-06-19 00:51:52', NULL),
	(99, '127.0.0.1', 'Mozilla/5.0 (Windows NT 10.0; Win64; x64) AppleWebKit/537.36 (KHTML, like Gecko) Chrome/114.0.0.0 Safari/537.36', 'http://127.0.0.1:8000/admin/setting_tipo_egresos/edit-save/1', 'Actualizar información  en Setting tipo egresos', '<table class="table table-striped"><thead><tr><th>Key</th><th>Old Value</th><th>New Value</th></thead><tbody><tr><td>nombre</td><td>Pago</td><td>PAGO</td></tr></tbody></table>', 1, '2023-06-19 00:57:48', NULL),
	(100, '127.0.0.1', 'Mozilla/5.0 (Windows NT 10.0; Win64; x64) AppleWebKit/537.36 (KHTML, like Gecko) Chrome/114.0.0.0 Safari/537.36', 'http://127.0.0.1:8000/admin/setting_tipo_egresos/edit-save/2', 'Actualizar información  en Setting tipo egresos', '<table class="table table-striped"><thead><tr><th>Key</th><th>Old Value</th><th>New Value</th></thead><tbody><tr><td>nombre</td><td>Compra</td><td>COMPRA</td></tr></tbody></table>', 1, '2023-06-19 00:57:55', NULL),
	(101, '127.0.0.1', 'Mozilla/5.0 (Windows NT 10.0; Win64; x64) AppleWebKit/537.36 (KHTML, like Gecko) Chrome/114.0.0.0 Safari/537.36', 'http://127.0.0.1:8000/admin/setting_tipo_egresos/edit-save/3', 'Actualizar información  en Setting tipo egresos', '<table class="table table-striped"><thead><tr><th>Key</th><th>Old Value</th><th>New Value</th></thead><tbody><tr><td>nombre</td><td>Otro</td><td>GASTO</td></tr></tbody></table>', 1, '2023-06-19 00:59:35', NULL),
	(102, '127.0.0.1', 'Mozilla/5.0 (Windows NT 10.0; Win64; x64) AppleWebKit/537.36 (KHTML, like Gecko) Chrome/114.0.0.0 Safari/537.36', 'http://127.0.0.1:8000/admin/login', 'Ingreso de admin@crudbooster.com desde la Dirección IP 127.0.0.1', '', 1, '2023-06-19 01:18:39', NULL),
	(103, '127.0.0.1', 'Mozilla/5.0 (Windows NT 10.0; Win64; x64) AppleWebKit/537.36 (KHTML, like Gecko) Chrome/114.0.0.0 Safari/537.36', 'http://127.0.0.1:8000/admin/users/add-save', 'Añadir nueva información JAIME en Gestión de usuarios', '', 1, '2023-06-19 01:21:05', NULL),
	(104, '127.0.0.1', 'Mozilla/5.0 (Windows NT 10.0; Win64; x64) AppleWebKit/537.36 (KHTML, like Gecko) Chrome/114.0.0.0 Safari/537.36', 'http://127.0.0.1:8000/admin/users/edit-save/2', 'Actualizar información JAIME en Gestión de usuarios', '<table class="table table-striped"><thead><tr><th>Key</th><th>Old Value</th><th>New Value</th></thead><tbody><tr><td>password</td><td>$2y$10$bwm16vLdfJCIqWIDBfpwPe1qbU.pJgmaFDoxZoYuWOrqFrxJT6J62</td><td></td></tr></tbody></table>', 1, '2023-06-19 01:21:13', NULL),
	(105, '127.0.0.1', 'Mozilla/5.0 (Windows NT 10.0; Win64; x64) AppleWebKit/537.36 (KHTML, like Gecko) Chrome/114.0.0.0 Safari/537.36', 'http://127.0.0.1:8000/admin/users/edit-save/2', 'Actualizar información EMERSON MAICOL en Gestión de usuarios', '<table class="table table-striped"><thead><tr><th>Key</th><th>Old Value</th><th>New Value</th></thead><tbody><tr><td>name</td><td>JAIME</td><td>EMERSON MAICOL</td></tr><tr><td>apellidos</td><td>HUAMANÍ CENTENO</td><td>ÑAUPA PARIONA</td></tr><tr><td>email</td><td>jaymmehc777@outlook.com</td><td>mpariona340550@gmail.com</td></tr><tr><td>clave_email</td><td>JH$#051?&</td><td>EM$#052?&</td></tr><tr><td>password</td><td>$2y$10$bwm16vLdfJCIqWIDBfpwPe1qbU.pJgmaFDoxZoYuWOrqFrxJT6J62</td><td>$2y$10$acZnuip7RFKH6LBVg/4HPeKPUl9LLTUtUuiYyT73B0N9YzRsgaQ1m</td></tr></tbody></table>', 1, '2023-06-19 01:22:18', NULL),
	(106, '127.0.0.1', 'Mozilla/5.0 (Windows NT 10.0; Win64; x64) AppleWebKit/537.36 (KHTML, like Gecko) Chrome/114.0.0.0 Safari/537.36', 'http://127.0.0.1:8000/admin/users/delete-image', 'Eliminar la imagen de EMERSON MAICOL en Gestión de usuarios', '', 1, '2023-06-19 01:22:23', NULL),
	(107, '127.0.0.1', 'Mozilla/5.0 (Windows NT 10.0; Win64; x64) AppleWebKit/537.36 (KHTML, like Gecko) Chrome/114.0.0.0 Safari/537.36', 'http://127.0.0.1:8000/admin/users/edit-save/2', 'Actualizar información EMERSON MAICOL en Gestión de usuarios', '<table class="table table-striped"><thead><tr><th>Key</th><th>Old Value</th><th>New Value</th></thead><tbody><tr><td>password</td><td>$2y$10$acZnuip7RFKH6LBVg/4HPeKPUl9LLTUtUuiYyT73B0N9YzRsgaQ1m</td><td>$2y$10$TN/hCPRn9o5smsn6.XpTA.bgzEVNEa5ocpAsqLcbxVadIN9IqP9.K</td></tr></tbody></table>', 1, '2023-06-19 01:22:28', NULL),
	(108, '127.0.0.1', 'Mozilla/5.0 (Windows NT 10.0; Win64; x64) AppleWebKit/537.36 (KHTML, like Gecko) Chrome/114.0.0.0 Safari/537.36', 'http://127.0.0.1:8000/admin/users/add-save', 'Añadir nueva información JAIME en Gestión de usuarios', '', 1, '2023-06-19 01:23:16', NULL),
	(109, '127.0.0.1', 'Mozilla/5.0 (Windows NT 10.0; Win64; x64) AppleWebKit/537.36 (KHTML, like Gecko) Chrome/114.0.0.0 Safari/537.36', 'http://127.0.0.1:8000/admin/users/add-save', 'Añadir nueva información WILBER en Gestión de usuarios', '', 1, '2023-06-19 01:24:25', NULL),
	(110, '127.0.0.1', 'Mozilla/5.0 (Windows NT 10.0; Win64; x64) AppleWebKit/537.36 (KHTML, like Gecko) Chrome/114.0.0.0 Safari/537.36', 'http://127.0.0.1:8000/admin/login', 'Ingreso de jaymmehc777@outlook.com desde la Dirección IP 127.0.0.1', '', 3, '2023-06-19 01:25:17', NULL),
	(111, '127.0.0.1', 'Mozilla/5.0 (Windows NT 10.0; Win64; x64) AppleWebKit/537.36 (KHTML, like Gecko) Chrome/114.0.0.0 Safari/537.36', 'http://127.0.0.1:8000/admin/menu_management/edit-save/24', 'Actualizar información ADMINISTRACIÓN en Gestión de Menús', '<table class="table table-striped"><thead><tr><th>Key</th><th>Old Value</th><th>New Value</th></thead><tbody></tbody></table>', 1, '2023-06-19 01:25:31', NULL),
	(112, '127.0.0.1', 'Mozilla/5.0 (Windows NT 10.0; Win64; x64) AppleWebKit/537.36 (KHTML, like Gecko) Chrome/114.0.0.0 Safari/537.36', 'http://127.0.0.1:8000/admin/menu_management/edit-save/6', 'Actualizar información Trabajadores en Gestión de Menús', '<table class="table table-striped"><thead><tr><th>Key</th><th>Old Value</th><th>New Value</th></thead><tbody><tr><td>parent_id</td><td>24</td><td></td></tr></tbody></table>', 1, '2023-06-19 01:25:42', NULL),
	(113, '127.0.0.1', 'Mozilla/5.0 (Windows NT 10.0; Win64; x64) AppleWebKit/537.36 (KHTML, like Gecko) Chrome/114.0.0.0 Safari/537.36', 'http://127.0.0.1:8000/admin/setting_tipo_ingresos/add-save', 'Añadir nueva información  en Setting tipo ingresos', '', 1, '2023-06-19 02:50:58', NULL),
	(114, '127.0.0.1', 'Mozilla/5.0 (Windows NT 10.0; Win64; x64) AppleWebKit/537.36 (KHTML, like Gecko) Chrome/114.0.0.0 Safari/537.36', 'http://127.0.0.1:8000/admin/setting_estados/edit-save/1', 'Actualizar información  en Stting estados', '<table class="table table-striped"><thead><tr><th>Key</th><th>Old Value</th><th>New Value</th></thead><tbody><tr><td>estado_actividad</td><td></td><td></td></tr></tbody></table>', 1, '2023-06-19 03:06:09', NULL),
	(115, '127.0.0.1', 'Mozilla/5.0 (Windows NT 10.0; Win64; x64) AppleWebKit/537.36 (KHTML, like Gecko) Chrome/114.0.0.0 Safari/537.36', 'http://127.0.0.1:8000/admin/setting_estados/edit-save/1', 'Actualizar información  en Stting estados', '<table class="table table-striped"><thead><tr><th>Key</th><th>Old Value</th><th>New Value</th></thead><tbody><tr><td>estado_actividad</td><td></td><td>FINALIZADO</td></tr></tbody></table>', 1, '2023-06-19 03:06:18', NULL),
	(116, '127.0.0.1', 'Mozilla/5.0 (Windows NT 10.0; Win64; x64) AppleWebKit/537.36 (KHTML, like Gecko) Chrome/114.0.0.0 Safari/537.36', 'http://127.0.0.1:8000/admin/setting_estados/edit-save/2', 'Actualizar información  en Stting estados', '<table class="table table-striped"><thead><tr><th>Key</th><th>Old Value</th><th>New Value</th></thead><tbody><tr><td>estado_actividad</td><td></td><td>CANCELADO</td></tr></tbody></table>', 1, '2023-06-19 03:06:28', NULL),
	(117, '127.0.0.1', 'Mozilla/5.0 (Windows NT 10.0; Win64; x64) AppleWebKit/537.36 (KHTML, like Gecko) Chrome/114.0.0.0 Safari/537.36', 'http://127.0.0.1:8000/admin/setting_estados/edit-save/3', 'Actualizar información  en Stting estados', '<table class="table table-striped"><thead><tr><th>Key</th><th>Old Value</th><th>New Value</th></thead><tbody><tr><td>estado_actividad</td><td></td><td>EN PROCESO</td></tr><tr><td>estado_activacion</td><td></td><td></td></tr><tr><td>estado_si_no</td><td></td><td></td></tr></tbody></table>', 1, '2023-06-19 03:10:39', NULL),
	(118, '127.0.0.1', 'Mozilla/5.0 (Windows NT 10.0; Win64; x64) AppleWebKit/537.36 (KHTML, like Gecko) Chrome/114.0.0.0 Safari/537.36', 'http://127.0.0.1:8000/admin/setting_estados/edit-save/4', 'Actualizar información  en Stting estados', '<table class="table table-striped"><thead><tr><th>Key</th><th>Old Value</th><th>New Value</th></thead><tbody><tr><td>estado_actividad</td><td></td><td>OBSERVADO</td></tr><tr><td>estado_prioridad</td><td></td><td></td></tr><tr><td>estado_uso</td><td></td><td></td></tr><tr><td>estado_activacion</td><td></td><td></td></tr><tr><td>estado_si_no</td><td></td><td></td></tr></tbody></table>', 1, '2023-06-19 03:10:54', NULL),
	(119, '127.0.0.1', 'Mozilla/5.0 (Windows NT 10.0; Win64; x64) AppleWebKit/537.36 (KHTML, like Gecko) Chrome/114.0.0.0 Safari/537.36', 'http://127.0.0.1:8000/admin/login', 'Ingreso de mpariona340550@gmail.com desde la Dirección IP 127.0.0.1', '', 2, '2023-06-20 04:30:02', NULL),
	(120, '127.0.0.1', 'Mozilla/5.0 (Windows NT 10.0; Win64; x64) AppleWebKit/537.36 (KHTML, like Gecko) Chrome/114.0.0.0 Safari/537.36', 'http://127.0.0.1:8000/admin/logout', 'mpariona340550@gmail.com se desconectó', '', 2, '2023-06-20 04:31:23', NULL),
	(121, '127.0.0.1', 'Mozilla/5.0 (Windows NT 10.0; Win64; x64) AppleWebKit/537.36 (KHTML, like Gecko) Chrome/114.0.0.0 Safari/537.36', 'http://127.0.0.1:8000/admin/login', 'Ingreso de admin@crudbooster.com desde la Dirección IP 127.0.0.1', '', 1, '2023-06-20 04:32:59', NULL),
	(122, '127.0.0.1', 'Mozilla/5.0 (Windows NT 10.0; Win64; x64) AppleWebKit/537.36 (KHTML, like Gecko) Chrome/114.0.0.0 Safari/537.36', 'http://127.0.0.1:8000/admin/login', 'Ingreso de mpariona340550@gmail.com desde la Dirección IP 127.0.0.1', '', 2, '2023-06-21 18:22:31', NULL),
	(123, '127.0.0.1', 'Mozilla/5.0 (Windows NT 10.0; Win64; x64) AppleWebKit/537.36 (KHTML, like Gecko) Chrome/114.0.0.0 Safari/537.36', 'http://127.0.0.1:8000/admin/contratos', 'Intentar ver :name en Contratos', '', 2, '2023-06-21 18:22:50', NULL),
	(124, '127.0.0.1', 'Mozilla/5.0 (Windows NT 10.0; Win64; x64) AppleWebKit/537.36 (KHTML, like Gecko) Chrome/114.0.0.0 Safari/537.36', 'http://127.0.0.1:8000/admin/logout', 'mpariona340550@gmail.com se desconectó', '', 2, '2023-06-21 18:36:50', NULL),
	(125, '127.0.0.1', 'Mozilla/5.0 (Windows NT 10.0; Win64; x64) AppleWebKit/537.36 (KHTML, like Gecko) Chrome/114.0.0.0 Safari/537.36', 'http://127.0.0.1:8000/admin/login', 'Ingreso de admin@crudbooster.com desde la Dirección IP 127.0.0.1', '', 1, '2023-06-21 18:37:02', NULL),
	(126, '127.0.0.1', 'Mozilla/5.0 (Windows NT 10.0; Win64; x64) AppleWebKit/537.36 (KHTML, like Gecko) Chrome/114.0.0.0 Safari/537.36', 'http://127.0.0.1:8000/admin/logout', 'admin@crudbooster.com se desconectó', '', 1, '2023-06-21 18:40:32', NULL),
	(127, '127.0.0.1', 'Mozilla/5.0 (Windows NT 10.0; Win64; x64) AppleWebKit/537.36 (KHTML, like Gecko) Chrome/114.0.0.0 Safari/537.36', 'http://127.0.0.1:8000/admin/login', 'Ingreso de mpariona340550@gmail.com desde la Dirección IP 127.0.0.1', '', 2, '2023-06-21 18:40:35', NULL),
	(128, '190.239.232.31', 'Mozilla/5.0 (Windows NT 10.0; Win64; x64) AppleWebKit/537.36 (KHTML, like Gecko) Chrome/114.0.0.0 Safari/537.36', 'https://mip.maicol.info/admin/login', 'Ingreso de admin@crudbooster.com desde la Dirección IP 190.239.232.31', '', 1, '2023-06-22 02:01:45', NULL),
	(129, '190.239.232.31', 'Mozilla/5.0 (Windows NT 10.0; Win64; x64) AppleWebKit/537.36 (KHTML, like Gecko) Chrome/114.0.0.0 Safari/537.36', 'https://mip.maicol.info/admin/trabajadores/delete-image', 'Eliminar la imagen de 2 en Trabajadores', '', 1, '2023-06-22 02:02:08', NULL),
	(130, '190.239.232.31', 'Mozilla/5.0 (Windows NT 10.0; Win64; x64) AppleWebKit/537.36 (KHTML, like Gecko) Chrome/114.0.0.0 Safari/537.36', 'https://mip.maicol.info/admin/trabajadores/delete-image', 'Eliminar la imagen de 1 en Trabajadores', '', 1, '2023-06-22 02:02:45', NULL),
	(131, '190.239.232.31', 'Mozilla/5.0 (Windows NT 10.0; Win64; x64) AppleWebKit/537.36 (KHTML, like Gecko) Chrome/114.0.0.0 Safari/537.36', 'https://mip.maicol.info/admin/logout', 'admin@crudbooster.com se desconectó', '', 1, '2023-06-22 02:03:47', NULL),
	(132, '190.239.232.31', 'Mozilla/5.0 (Windows NT 10.0; Win64; x64) AppleWebKit/537.36 (KHTML, like Gecko) Chrome/114.0.0.0 Safari/537.36', 'https://mip.maicol.info/admin/login', 'Ingreso de admin@crudbooster.com desde la Dirección IP 190.239.232.31', '', 1, '2023-06-22 02:04:04', NULL),
	(133, '190.239.232.31', 'Mozilla/5.0 (Windows NT 10.0; Win64; x64) AppleWebKit/537.36 (KHTML, like Gecko) Chrome/114.0.0.0 Safari/537.36', 'https://mip.maicol.info/admin/logout', 'admin@crudbooster.com se desconectó', '', 1, '2023-06-22 02:05:40', NULL),
	(134, '190.239.232.31', 'Mozilla/5.0 (Windows NT 10.0; Win64; x64) AppleWebKit/537.36 (KHTML, like Gecko) Chrome/114.0.0.0 Safari/537.36', 'https://mip.maicol.info/admin/login', 'Ingreso de admin@crudbooster.com desde la Dirección IP 190.239.232.31', '', 1, '2023-06-22 02:06:30', NULL),
	(135, '190.239.232.31', 'Mozilla/5.0 (Windows NT 10.0; Win64; x64) AppleWebKit/537.36 (KHTML, like Gecko) Chrome/114.0.0.0 Safari/537.36', 'https://mip.maicol.info/admin/logout', 'admin@crudbooster.com se desconectó', '', 1, '2023-06-22 02:07:16', NULL),
	(136, '190.239.232.31', 'Mozilla/5.0 (Windows NT 10.0; Win64; x64) AppleWebKit/537.36 (KHTML, like Gecko) Chrome/114.0.0.0 Safari/537.36', 'https://mip.maicol.info/admin/login', 'Ingreso de jaymmehc777@outlook.com desde la Dirección IP 190.239.232.31', '', 3, '2023-06-22 02:07:25', NULL),
	(137, '190.239.232.31', 'Mozilla/5.0 (Windows NT 10.0; Win64; x64) AppleWebKit/537.36 (KHTML, like Gecko) Chrome/114.0.0.0 Safari/537.36', 'https://mip.maicol.info/admin/users/delete-image', 'Intentar eliminar la imagen de JAIME en módulo Gestión de usuarios', '', 3, '2023-06-22 02:10:43', NULL),
	(138, '181.176.106.19', 'Mozilla/5.0 (Linux; Android 10; K) AppleWebKit/537.36 (KHTML, like Gecko) Chrome/114.0.0.0 Mobile Safari/537.36', 'https://mip.maicol.info/admin/login', 'Ingreso de jaymmehc777@outlook.com desde la Dirección IP 181.176.106.19', '', 3, '2023-06-22 03:13:06', NULL),
	(139, '181.176.106.19', 'Mozilla/5.0 (Linux; Android 10; K) AppleWebKit/537.36 (KHTML, like Gecko) Chrome/114.0.0.0 Mobile Safari/537.36', 'https://mip.maicol.info/admin/login', 'Ingreso de jaymmehc777@outlook.com desde la Dirección IP 181.176.106.19', '', 3, '2023-06-22 03:17:55', NULL),
	(140, '181.67.136.131', 'Mozilla/5.0 (Windows NT 10.0; Win64; x64) AppleWebKit/537.36 (KHTML, like Gecko) Chrome/114.0.0.0 Safari/537.36', 'https://mip.maicol.info/admin/login', 'Ingreso de jaymmehc777@outlook.com desde la Dirección IP 181.67.136.131', '', 3, '2023-06-22 18:39:41', NULL),
	(141, '181.67.136.131', 'Mozilla/5.0 (Windows NT 10.0; Win64; x64) AppleWebKit/537.36 (KHTML, like Gecko) Chrome/114.0.0.0 Safari/537.36', 'https://mip.maicol.info/admin/contratos', 'Intentar ver :name en Contratos', '', 3, '2023-06-22 18:42:39', NULL),
	(142, '181.67.136.131', 'Mozilla/5.0 (Windows NT 10.0; Win64; x64) AppleWebKit/537.36 (KHTML, like Gecko) Chrome/114.0.0.0 Safari/537.36', 'https://mip.maicol.info/admin/logout', 'jaymmehc777@outlook.com se desconectó', '', 3, '2023-06-22 18:50:07', NULL),
	(143, '181.67.136.131', 'Mozilla/5.0 (Windows NT 10.0; Win64; x64) AppleWebKit/537.36 (KHTML, like Gecko) Chrome/114.0.0.0 Safari/537.36', 'https://mip.maicol.info/admin/login', 'Ingreso de admin@crudbooster.com desde la Dirección IP 181.67.136.131', '', 1, '2023-06-22 18:50:17', NULL),
	(144, '181.67.136.131', 'Mozilla/5.0 (Windows NT 10.0; Win64; x64) AppleWebKit/537.36 (KHTML, like Gecko) Chrome/114.0.0.0 Safari/537.36', 'https://mip.maicol.info/admin/users/edit-save/1', 'Actualizar información Super Admin en Gestión de usuarios', '<table class="table table-striped"><thead><tr><th>Key</th><th>Old Value</th><th>New Value</th></thead><tbody><tr><td>password</td><td>$2y$10$nFX9FeBD2h7bJddbRMNJhOLhPUZ5rkQIDB3Qg1.WxKaxW1gpPvQhW</td><td>$2y$10$E5BJZM8vsGa.I/0WqWHoKOk51C1NUWdjJ92eB7Ox7EhTmL0hM5Q2i</td></tr><tr><td>status</td><td>Active</td><td></td></tr></tbody></table>', 1, '2023-06-22 18:50:35', NULL),
	(145, '181.67.136.131', 'Mozilla/5.0 (Windows NT 10.0; Win64; x64) AppleWebKit/537.36 (KHTML, like Gecko) Chrome/114.0.0.0 Safari/537.36', 'https://mip.maicol.info/admin/sliders/add-save', 'Añadir nueva información  en Sliders', '', 1, '2023-06-22 18:58:04', NULL),
	(146, '181.67.136.131', 'Mozilla/5.0 (Windows NT 10.0; Win64; x64) AppleWebKit/537.36 (KHTML, like Gecko) Chrome/114.0.0.0 Safari/537.36', 'https://mip.maicol.info/admin/sliders/edit-save/1', 'Actualizar información  en Sliders', '<table class="table table-striped"><thead><tr><th>Key</th><th>Old Value</th><th>New Value</th></thead><tbody><tr><td>frase</td><td></td><td>Buscando fortuna oculta en un mundo de tesoros escondidos.</td></tr><tr><td>sub_titulo</td><td></td><td>VALIENTES</td></tr><tr><td>id_mina</td><td></td><td></td></tr><tr><td>id_yacimiento</td><td></td><td></td></tr></tbody></table>', 1, '2023-06-22 19:00:22', NULL),
	(147, '181.67.136.131', 'Mozilla/5.0 (Windows NT 10.0; Win64; x64) AppleWebKit/537.36 (KHTML, like Gecko) Chrome/114.0.0.0 Safari/537.36', 'https://mip.maicol.info/admin/setting_tiempo_contratos/edit-save/4', 'Actualizar información  en Setting tiempo contratos', '<table class="table table-striped"><thead><tr><th>Key</th><th>Old Value</th><th>New Value</th></thead><tbody><tr><td>nombre</td><td>1 MES (Perido prueba)</td><td>1 MES (Periodo prueba)</td></tr></tbody></table>', 1, '2023-06-22 19:16:13', NULL),
	(148, '181.67.136.131', 'Mozilla/5.0 (Windows NT 10.0; Win64; x64) AppleWebKit/537.36 (KHTML, like Gecko) Chrome/114.0.0.0 Safari/537.36', 'https://mip.maicol.info/admin/setting_tiempo_contratos/edit-save/9', 'Actualizar información  en Setting tiempo contratos', '<table class="table table-striped"><thead><tr><th>Key</th><th>Old Value</th><th>New Value</th></thead><tbody><tr><td>nombre</td><td>1 SEMANAS</td><td>2 SEMANAS</td></tr></tbody></table>', 1, '2023-06-22 19:17:27', NULL),
	(149, '190.236.204.119', 'Mozilla/5.0 (Windows NT 10.0; Win64; x64) AppleWebKit/537.36 (KHTML, like Gecko) Chrome/114.0.0.0 Safari/537.36', 'http://mip.maicol.info/admin/login', 'Ingreso de admin@crudbooster.com desde la Dirección IP 190.236.204.119', '', 1, '2023-07-05 20:36:09', NULL),
	(150, '190.236.204.119', 'Mozilla/5.0 (Windows NT 10.0; Win64; x64) AppleWebKit/537.36 (KHTML, like Gecko) Chrome/114.0.0.0 Safari/537.36', 'http://mip.maicol.info/admin/menu_management/edit-save/2', 'Actualizar información Mina en Gestión de Menús', '<table class="table table-striped"><thead><tr><th>Key</th><th>Old Value</th><th>New Value</th></thead><tbody><tr><td>parent_id</td><td>3</td><td></td></tr></tbody></table>', 1, '2023-07-05 20:36:43', NULL),
	(151, '190.236.204.119', 'Mozilla/5.0 (Windows NT 10.0; Win64; x64) AppleWebKit/537.36 (KHTML, like Gecko) Chrome/114.0.0.0 Safari/537.36', 'http://mip.maicol.info/admin/menu_management/edit-save/5', 'Actualizar información Yacimientos en Gestión de Menús', '<table class="table table-striped"><thead><tr><th>Key</th><th>Old Value</th><th>New Value</th></thead><tbody><tr><td>parent_id</td><td>3</td><td></td></tr><tr><td>sorting</td><td>2</td><td></td></tr></tbody></table>', 1, '2023-07-05 20:36:52', NULL),
	(152, '190.236.204.119', 'Mozilla/5.0 (Windows NT 10.0; Win64; x64) AppleWebKit/537.36 (KHTML, like Gecko) Chrome/114.0.0.0 Safari/537.36', 'http://mip.maicol.info/admin/menu_management/edit-save/3', 'Actualizar información CONFIGURACIONES en Gestión de Menús', '<table class="table table-striped"><thead><tr><th>Key</th><th>Old Value</th><th>New Value</th></thead><tbody><tr><td>sorting</td><td>3</td><td></td></tr></tbody></table>', 1, '2023-07-05 20:37:06', NULL),
	(153, '190.238.29.222', 'Mozilla/5.0 (Windows NT 10.0; Win64; x64) AppleWebKit/537.36 (KHTML, like Gecko) Chrome/115.0.0.0 Safari/537.36', 'https://mip.maicol.info/admin/login', 'Ingreso de admin@crudbooster.com desde la Dirección IP 190.238.29.222', '', 1, '2023-07-23 23:50:40', NULL),
	(154, '161.132.222.13', 'Mozilla/5.0 (Windows NT 10.0; Win64; x64) AppleWebKit/537.36 (KHTML, like Gecko) Chrome/116.0.0.0 Safari/537.36', 'https://mip.maicol.info/admin/login', 'Ingreso de admin@crudbooster.com desde la Dirección IP 161.132.222.13', '', 1, '2023-09-21 23:01:24', NULL),
	(155, '161.132.222.13', 'Mozilla/5.0 (Windows NT 10.0; Win64; x64) AppleWebKit/537.36 (KHTML, like Gecko) Chrome/116.0.0.0 Safari/537.36', 'https://mip.maicol.info/admin/users/edit-save/3', 'Actualizar información JAIME en Gestión de usuarios', '<table class="table table-striped"><thead><tr><th>Key</th><th>Old Value</th><th>New Value</th></thead><tbody><tr><td>password</td><td>$2y$10$ZeS.K6kSHu/wU3ir9n1rNuyXOKwjnP0IeGPXA7nTgigtdbQ9Afklm</td><td>$2y$10$TOqWmKuLJBbfTCbrT2LTW.8Xoszz0ff/hUmfU1Gw3WLECNEstVRhG</td></tr></tbody></table>', 1, '2023-09-21 23:02:56', NULL),
	(156, '181.176.109.163', 'Mozilla/5.0 (Linux; Android 10; K) AppleWebKit/537.36 (KHTML, like Gecko) Chrome/114.0.0.0 Mobile Safari/537.36', 'https://mip.maicol.info/admin/login', 'Ingreso de jaymmehc777@outlook.com desde la Dirección IP 181.176.109.163', '', 3, '2023-09-21 23:05:46', NULL),
	(157, '181.176.109.163', 'Mozilla/5.0 (Linux; Android 10; K) AppleWebKit/537.36 (KHTML, like Gecko) Chrome/114.0.0.0 Mobile Safari/537.36', 'https://mip.maicol.info/admin/login', 'Ingreso de jaymmehc777@outlook.com desde la Dirección IP 181.176.109.163', '', 3, '2023-09-21 23:07:06', NULL),
	(158, '181.176.109.163', 'Mozilla/5.0 (Linux; Android 10; K) AppleWebKit/537.36 (KHTML, like Gecko) Chrome/114.0.0.0 Mobile Safari/537.36', 'https://mip.maicol.info/admin/logout', 'jaymmehc777@outlook.com se desconectó', '', 3, '2023-09-21 23:10:04', NULL),
	(159, '181.176.109.163', 'Mozilla/5.0 (Linux; Android 10; K) AppleWebKit/537.36 (KHTML, like Gecko) Chrome/114.0.0.0 Mobile Safari/537.36', 'https://mip.maicol.info/admin/login', 'Ingreso de jaymmehc777@outlook.com desde la Dirección IP 181.176.109.163', '', 3, '2023-09-21 23:18:44', NULL),
	(160, '181.176.109.163', 'Mozilla/5.0 (Linux; Android 10; K) AppleWebKit/537.36 (KHTML, like Gecko) Chrome/114.0.0.0 Mobile Safari/537.36', 'https://mip.maicol.info/admin/login', 'Ingreso de jaymmehc777@outlook.com desde la Dirección IP 181.176.109.163', '', 3, '2023-09-21 23:19:52', NULL),
	(161, '181.176.109.163', 'Mozilla/5.0 (Linux; Android 10; K) AppleWebKit/537.36 (KHTML, like Gecko) Chrome/114.0.0.0 Mobile Safari/537.36', 'https://mip.maicol.info/admin/mina/edit-save/1', 'Actualizar información  en Mina', '<table class="table table-striped"><thead><tr><th>Key</th><th>Old Value</th><th>New Value</th></thead><tbody><tr><td>nombre</td><td>MINA PALLCCA</td><td>MINA CCARAMPA</td></tr></tbody></table>', 3, '2023-09-21 23:27:56', NULL),
	(162, '132.251.3.189', 'Mozilla/5.0 (Linux; Android 10; K) AppleWebKit/537.36 (KHTML, like Gecko) Chrome/116.0.0.0 Mobile Safari/537.36', 'https://mip.maicol.info/admin/login', 'Ingreso de admin@crudbooster.com desde la Dirección IP 132.251.3.189', '', 1, '2023-09-21 23:54:47', NULL),
	(163, '161.132.222.13', 'Mozilla/5.0 (Windows NT 10.0; Win64; x64) AppleWebKit/537.36 (KHTML, like Gecko) Chrome/116.0.0.0 Safari/537.36', 'https://mip.maicol.info/admin/login', 'Ingreso de jaymmehc777@outlook.com desde la Dirección IP 161.132.222.13', '', 3, '2023-09-22 01:46:17', NULL),
	(164, '161.132.222.13', 'Mozilla/5.0 (Windows NT 10.0; Win64; x64) AppleWebKit/537.36 (KHTML, like Gecko) Chrome/116.0.0.0 Safari/537.36', 'https://mip.maicol.info/admin/login', 'Ingreso de admin@crudbooster.com desde la Dirección IP 161.132.222.13', '', 1, '2023-09-22 01:47:14', NULL),
	(165, '161.132.222.13', 'Mozilla/5.0 (Windows NT 10.0; Win64; x64) AppleWebKit/537.36 (KHTML, like Gecko) Chrome/116.0.0.0 Safari/537.36', 'https://mip.maicol.info/admin/menu_management/edit-save/14', 'Actualizar información Contratos en Gestión de Menús', '<table class="table table-striped"><thead><tr><th>Key</th><th>Old Value</th><th>New Value</th></thead><tbody><tr><td>parent_id</td><td>24</td><td></td></tr><tr><td>sorting</td><td>2</td><td></td></tr></tbody></table>', 1, '2023-09-22 01:47:43', NULL),
	(166, '161.132.222.13', 'Mozilla/5.0 (Windows NT 10.0; Win64; x64) AppleWebKit/537.36 (KHTML, like Gecko) Chrome/116.0.0.0 Safari/537.36', 'https://mip.maicol.info/admin/menu_management/edit-save/27', 'Actualizar información Actividades en Gestión de Menús', '<table class="table table-striped"><thead><tr><th>Key</th><th>Old Value</th><th>New Value</th></thead><tbody><tr><td>color</td><td></td><td>normal</td></tr><tr><td>parent_id</td><td>24</td><td></td></tr><tr><td>sorting</td><td>3</td><td></td></tr></tbody></table>', 1, '2023-09-22 01:47:51', NULL),
	(167, '161.132.222.13', 'Mozilla/5.0 (Windows NT 10.0; Win64; x64) AppleWebKit/537.36 (KHTML, like Gecko) Chrome/116.0.0.0 Safari/537.36', 'https://mip.maicol.info/admin/menu_management/edit-save/25', 'Actualizar información CONTABILIDAD en Gestión de Menús', '<table class="table table-striped"><thead><tr><th>Key</th><th>Old Value</th><th>New Value</th></thead><tbody><tr><td>sorting</td><td>2</td><td></td></tr></tbody></table>', 1, '2023-09-22 01:47:58', NULL),
	(168, '161.132.222.13', 'Mozilla/5.0 (Windows NT 10.0; Win64; x64) AppleWebKit/537.36 (KHTML, like Gecko) Chrome/116.0.0.0 Safari/537.36', 'https://mip.maicol.info/admin/menu_management/edit-save/22', 'Actualizar información Ingresos en Gestión de Menús', '<table class="table table-striped"><thead><tr><th>Key</th><th>Old Value</th><th>New Value</th></thead><tbody><tr><td>parent_id</td><td>25</td><td></td></tr></tbody></table>', 1, '2023-09-22 01:48:05', NULL),
	(169, '161.132.222.13', 'Mozilla/5.0 (Windows NT 10.0; Win64; x64) AppleWebKit/537.36 (KHTML, like Gecko) Chrome/116.0.0.0 Safari/537.36', 'https://mip.maicol.info/admin/menu_management/edit-save/21', 'Actualizar información Egresos en Gestión de Menús', '<table class="table table-striped"><thead><tr><th>Key</th><th>Old Value</th><th>New Value</th></thead><tbody><tr><td>parent_id</td><td>25</td><td></td></tr><tr><td>sorting</td><td>2</td><td></td></tr></tbody></table>', 1, '2023-09-22 01:48:25', NULL),
	(170, '161.132.222.13', 'Mozilla/5.0 (Windows NT 10.0; Win64; x64) AppleWebKit/537.36 (KHTML, like Gecko) Chrome/116.0.0.0 Safari/537.36', 'https://mip.maicol.info/admin/menu_management/edit-save/19', 'Actualizar información Pagos en Gestión de Menús', '<table class="table table-striped"><thead><tr><th>Key</th><th>Old Value</th><th>New Value</th></thead><tbody><tr><td>parent_id</td><td>25</td><td></td></tr><tr><td>sorting</td><td>3</td><td></td></tr></tbody></table>', 1, '2023-09-22 01:48:34', NULL),
	(171, '161.132.222.13', 'Mozilla/5.0 (Windows NT 10.0; Win64; x64) AppleWebKit/537.36 (KHTML, like Gecko) Chrome/116.0.0.0 Safari/537.36', 'https://mip.maicol.info/admin/menu_management/edit-save/1', 'Actualizar información Sliders en Gestión de Menús', '<table class="table table-striped"><thead><tr><th>Key</th><th>Old Value</th><th>New Value</th></thead><tbody><tr><td>parent_id</td><td>3</td><td></td></tr><tr><td>sorting</td><td>3</td><td></td></tr></tbody></table>', 1, '2023-09-22 01:48:44', NULL),
	(172, '181.176.110.178', 'Mozilla/5.0 (Linux; Android 10; K) AppleWebKit/537.36 (KHTML, like Gecko) Chrome/114.0.0.0 Mobile Safari/537.36', 'https://mip.maicol.info/admin/login', 'Ingreso de jaymmehc777@outlook.com desde la Dirección IP 181.176.110.178', '', 3, '2023-09-22 06:58:04', NULL),
	(173, '181.176.110.178', 'Mozilla/5.0 (Linux; Android 10; K) AppleWebKit/537.36 (KHTML, like Gecko) Chrome/114.0.0.0 Mobile Safari/537.36', 'https://mip.maicol.info/admin/logout', 'jaymmehc777@outlook.com se desconectó', '', 3, '2023-09-22 07:46:53', NULL),
	(174, '132.191.1.134', 'Mozilla/5.0 (Linux; Android 10; K) AppleWebKit/537.36 (KHTML, like Gecko) Chrome/116.0.0.0 Mobile Safari/537.36', 'https://mip.maicol.info/admin/login', 'Ingreso de admin@crudbooster.com desde la Dirección IP 132.191.1.134', '', 1, '2023-09-22 16:54:14', NULL),
	(175, '161.132.222.13', 'Mozilla/5.0 (Windows NT 10.0; Win64; x64) AppleWebKit/537.36 (KHTML, like Gecko) Chrome/116.0.0.0 Safari/537.36', 'https://mip.maicol.info/admin/login', 'Ingreso de admin@crudbooster.com desde la Dirección IP 161.132.222.13', '', 1, '2023-09-22 19:29:53', NULL),
	(176, '127.0.0.1', 'Mozilla/5.0 (Windows NT 10.0; Win64; x64) AppleWebKit/537.36 (KHTML, like Gecko) Chrome/116.0.0.0 Safari/537.36', 'http://127.0.0.1:8000/admin/module_generator/delete/34', 'Delete data Actividades at Generador de Módulos', '', 1, '2023-09-22 21:25:34', NULL),
	(177, '127.0.0.1', 'Mozilla/5.0 (Windows NT 10.0; Win64; x64) AppleWebKit/537.36 (KHTML, like Gecko) Chrome/116.0.0.0 Safari/537.36', 'http://127.0.0.1:8000/admin/module_generator/delete/23', 'Delete data Contratos at Generador de Módulos', '', 1, '2023-09-22 21:25:44', NULL),
	(178, '127.0.0.1', 'Mozilla/5.0 (Windows NT 10.0; Win64; x64) AppleWebKit/537.36 (KHTML, like Gecko) Chrome/116.0.0.0 Safari/537.36', 'http://127.0.0.1:8000/admin/module_generator/action-selected', 'Delete data 30,31,13,28,29,24,20,22,18,19,25,21,26,17,33,32,27,12,16,15,14 at Generador de Módulos', '', 1, '2023-09-22 21:28:32', NULL),
	(179, '127.0.0.1', 'Mozilla/5.0 (Windows NT 10.0; Win64; x64) AppleWebKit/537.36 (KHTML, like Gecko) Chrome/116.0.0.0 Safari/537.36', 'http://127.0.0.1:8000/admin/menu_management/delete/29', 'Eliminar información Ingresos en Gestión de Menús', '', 1, '2023-09-22 18:08:47', NULL),
	(180, '127.0.0.1', 'Mozilla/5.0 (Windows NT 10.0; Win64; x64) AppleWebKit/537.36 (KHTML, like Gecko) Chrome/116.0.0.0 Safari/537.36', 'http://127.0.0.1:8000/admin/menu_management/delete/28', 'Eliminar información Trabajadores en Gestión de Menús', '', 1, '2023-09-22 18:09:10', NULL),
	(181, '127.0.0.1', 'Mozilla/5.0 (Windows NT 10.0; Win64; x64) AppleWebKit/537.36 (KHTML, like Gecko) Chrome/116.0.0.0 Safari/537.36', 'http://127.0.0.1:8000/admin/trabajadores/add-save', 'Añadir nueva información  en Trabajadores', '', 1, '2023-09-22 18:30:28', NULL),
	(182, '127.0.0.1', 'Mozilla/5.0 (Windows NT 10.0; Win64; x64) AppleWebKit/537.36 (KHTML, like Gecko) Chrome/116.0.0.0 Safari/537.36', 'http://127.0.0.1:8000/admin/menu_management/delete/2', 'Eliminar información Mina en Gestión de Menús', '', 1, '2023-09-22 19:32:41', NULL),
	(183, '127.0.0.1', 'Mozilla/5.0 (Windows NT 10.0; Win64; x64) AppleWebKit/537.36 (KHTML, like Gecko) Chrome/116.0.0.0 Safari/537.36', 'http://127.0.0.1:8000/admin/logout', ' se desconectó', '', 1, '2023-09-22 19:38:15', NULL),
	(184, '127.0.0.1', 'Mozilla/5.0 (Windows NT 10.0; Win64; x64) AppleWebKit/537.36 (KHTML, like Gecko) Chrome/116.0.0.0 Safari/537.36', 'http://127.0.0.1:8000/admin/login', 'Ingreso de admin@crudbooster.com desde la Dirección IP 127.0.0.1', '', 1, '2023-09-22 19:45:43', NULL),
	(185, '127.0.0.1', 'Mozilla/5.0 (Windows NT 10.0; Win64; x64) AppleWebKit/537.36 (KHTML, like Gecko) Chrome/116.0.0.0 Safari/537.36', 'http://127.0.0.1:8000/admin/minas/edit-save/1', 'Actualizar información  en Mina', '<table class="table table-striped"><thead><tr><th>Key</th><th>Old Value</th><th>New Value</th></thead><tbody><tr><td>logo</td><td></td><td>uploads/2023-09/20230922_14525810.png</td></tr><tr><td>id_departamento</td><td>5</td><td>0</td></tr><tr><td>id_provincia</td><td>46</td><td>0</td></tr><tr><td>id_distrito</td><td>1832</td><td>0</td></tr></tbody></table>', 1, '2023-09-22 19:52:58', NULL),
	(186, '127.0.0.1', 'Mozilla/5.0 (Windows NT 10.0; Win64; x64) AppleWebKit/537.36 (KHTML, like Gecko) Chrome/116.0.0.0 Safari/537.36', 'http://127.0.0.1:8000/admin/logout', 'admin@crudbooster.com se desconectó', '', 1, '2023-09-22 19:53:05', NULL),
	(187, '127.0.0.1', 'Mozilla/5.0 (Windows NT 10.0; Win64; x64) AppleWebKit/537.36 (KHTML, like Gecko) Chrome/116.0.0.0 Safari/537.36', 'http://127.0.0.1:8000/admin/login', 'Ingreso de admin@crudbooster.com desde la Dirección IP 127.0.0.1', '', 1, '2023-09-22 19:53:07', NULL),
	(188, '127.0.0.1', 'Mozilla/5.0 (Windows NT 10.0; Win64; x64) AppleWebKit/537.36 (KHTML, like Gecko) Chrome/116.0.0.0 Safari/537.36', 'http://127.0.0.1:8000/admin/users/edit-save/1', 'Actualizar información Super admin en Gestión de usuarios', '<table class="table table-striped"><thead><tr><th>Key</th><th>Old Value</th><th>New Value</th></thead><tbody><tr><td>password</td><td>$2y$10$Ph6XXOx9waWqZPOKJHyGHO.oQXmHZhdoe9CPykDah.7bo0xYNrWia</td><td>$2y$10$ilCkhKUtG0c6YzxDSY9kQeRfLa4BsfCAWo1/v0u.ArRYFJEcnW6re</td></tr><tr><td>status</td><td>Active</td><td></td></tr></tbody></table>', 1, '2023-09-22 19:59:09', NULL),
	(189, '127.0.0.1', 'Mozilla/5.0 (Windows NT 10.0; Win64; x64) AppleWebKit/537.36 (KHTML, like Gecko) Chrome/116.0.0.0 Safari/537.36', 'http://127.0.0.1:8000/admin/logout', 'admin@crudbooster.com se desconectó', '', 1, '2023-09-22 19:59:26', NULL),
	(190, '127.0.0.1', 'Mozilla/5.0 (Windows NT 10.0; Win64; x64) AppleWebKit/537.36 (KHTML, like Gecko) Chrome/116.0.0.0 Safari/537.36', 'http://127.0.0.1:8000/admin/login', 'Ingreso de admin@crudbooster.com desde la Dirección IP 127.0.0.1', '', 1, '2023-09-22 19:59:28', NULL),
	(191, '127.0.0.1', 'Mozilla/5.0 (Windows NT 10.0; Win64; x64) AppleWebKit/537.36 (KHTML, like Gecko) Chrome/116.0.0.0 Safari/537.36', 'http://127.0.0.1:8000/admin/logout', 'admin@crudbooster.com se desconectó', '', 1, '2023-09-22 20:47:56', NULL),
	(192, '127.0.0.1', 'Mozilla/5.0 (Windows NT 10.0; Win64; x64) AppleWebKit/537.36 (KHTML, like Gecko) Chrome/116.0.0.0 Safari/537.36', 'http://127.0.0.1:8000/admin/login', 'Ingreso de admin@crudbooster.com desde la Dirección IP 127.0.0.1', '', 1, '2023-09-22 20:48:58', NULL),
	(193, '127.0.0.1', 'Mozilla/5.0 (Windows NT 10.0; Win64; x64) AppleWebKit/537.36 (KHTML, like Gecko) Chrome/116.0.0.0 Safari/537.36', 'http://127.0.0.1:8000/admin/minas/delete-image', 'Eliminar la imagen de 1 en Mina', '', 1, '2023-09-22 20:49:42', NULL),
	(194, '127.0.0.1', 'Mozilla/5.0 (Windows NT 10.0; Win64; x64) AppleWebKit/537.36 (KHTML, like Gecko) Chrome/116.0.0.0 Safari/537.36', 'http://127.0.0.1:8000/admin/minas/edit-save/1', 'Actualizar información  en Mina', '<table class="table table-striped"><thead><tr><th>Key</th><th>Old Value</th><th>New Value</th></thead><tbody><tr><td>logo</td><td></td><td>uploads/2023-09/20230922_15494714.png</td></tr></tbody></table>', 1, '2023-09-22 20:49:47', NULL),
	(195, '127.0.0.1', 'Mozilla/5.0 (Windows NT 10.0; Win64; x64) AppleWebKit/537.36 (KHTML, like Gecko) Chrome/116.0.0.0 Safari/537.36', 'http://127.0.0.1:8000/admin/logout', 'admin@crudbooster.com se desconectó', '', 1, '2023-09-22 20:49:53', NULL),
	(196, '127.0.0.1', 'Mozilla/5.0 (Windows NT 10.0; Win64; x64) AppleWebKit/537.36 (KHTML, like Gecko) Chrome/116.0.0.0 Safari/537.36', 'http://127.0.0.1:8000/admin/login', 'Ingreso de admin@crudbooster.com desde la Dirección IP 127.0.0.1', '', 1, '2023-09-22 20:49:54', NULL),
	(197, '127.0.0.1', 'Mozilla/5.0 (Windows NT 10.0; Win64; x64) AppleWebKit/537.36 (KHTML, like Gecko) Chrome/116.0.0.0 Safari/537.36', 'http://127.0.0.1:8000/admin/users/add-save', 'Añadir nueva información FIDEL en Gestión de usuarios', '', 1, '2023-09-22 21:32:24', NULL),
	(198, '127.0.0.1', 'Mozilla/5.0 (Windows NT 10.0; Win64; x64) AppleWebKit/537.36 (KHTML, like Gecko) Chrome/116.0.0.0 Safari/537.36', 'http://127.0.0.1:8000/admin/actividads/add-save', 'Añadir nueva información  en Actividades', '', 1, '2023-09-22 21:40:11', NULL),
	(199, '127.0.0.1', 'Mozilla/5.0 (Windows NT 10.0; Win64; x64) AppleWebKit/537.36 (KHTML, like Gecko) Chrome/116.0.0.0 Safari/537.36', 'http://127.0.0.1:8000/admin/users/edit-save/1', 'Actualizar información Super admin en Gestión de usuarios', '<table class="table table-striped"><thead><tr><th>Key</th><th>Old Value</th><th>New Value</th></thead><tbody><tr><td>password</td><td>$2y$10$ilCkhKUtG0c6YzxDSY9kQeRfLa4BsfCAWo1/v0u.ArRYFJEcnW6re</td><td>$2y$10$7PHPP8jNCrvMkogL.Rs7A.DJ2V0LRfrR.XZ9wQIdXm9urz85pgRJe</td></tr><tr><td>status</td><td>Active</td><td></td></tr></tbody></table>', 1, '2023-09-22 22:29:19', NULL),
	(200, '127.0.0.1', 'Mozilla/5.0 (Windows NT 10.0; Win64; x64) AppleWebKit/537.36 (KHTML, like Gecko) Chrome/116.0.0.0 Safari/537.36', 'http://127.0.0.1:8000/admin/logout', 'admin@crudbooster.com se desconectó', '', 1, '2023-09-22 22:29:27', NULL),
	(201, '127.0.0.1', 'Mozilla/5.0 (Windows NT 10.0; Win64; x64) AppleWebKit/537.36 (KHTML, like Gecko) Chrome/116.0.0.0 Safari/537.36', 'http://127.0.0.1:8000/admin/login', 'Ingreso de admin@crudbooster.com desde la Dirección IP 127.0.0.1', '', 1, '2023-09-22 22:29:29', NULL),
	(202, '127.0.0.1', 'Mozilla/5.0 (Windows NT 10.0; Win64; x64) AppleWebKit/537.36 (KHTML, like Gecko) Chrome/116.0.0.0 Safari/537.36', 'http://127.0.0.1:8000/admin/trabajadores/add-save', 'Añadir nueva información  en Trabajadores', '', 1, '2023-09-22 22:30:30', NULL),
	(203, '127.0.0.1', 'Mozilla/5.0 (Windows NT 10.0; Win64; x64) AppleWebKit/537.36 (KHTML, like Gecko) Chrome/116.0.0.0 Safari/537.36', 'http://127.0.0.1:8000/admin/trabajadores/add-save', 'Añadir nueva información  en Trabajadores', '', 1, '2023-09-22 22:35:46', NULL),
	(204, '127.0.0.1', 'Mozilla/5.0 (Windows NT 10.0; Win64; x64) AppleWebKit/537.36 (KHTML, like Gecko) Chrome/116.0.0.0 Safari/537.36', 'http://127.0.0.1:8000/admin/menu_management/edit-save/15', 'Actualizar información Setting tipo cargos en Gestión de Menús', '<table class="table table-striped"><thead><tr><th>Key</th><th>Old Value</th><th>New Value</th></thead><tbody><tr><td>name</td><td>Setting cargos</td><td>Setting tipo cargos</td></tr><tr><td>path</td><td>AdminSettingCargosControllerGetIndex</td><td>AdminSettingTipoCargosControllerGetIndex</td></tr><tr><td>color</td><td></td><td>normal</td></tr><tr><td>parent_id</td><td>4</td><td></td></tr><tr><td>sorting</td><td>7</td><td></td></tr></tbody></table>', 1, '2023-09-22 22:51:06', NULL),
	(205, '127.0.0.1', 'Mozilla/5.0 (Windows NT 10.0; Win64; x64) AppleWebKit/537.36 (KHTML, like Gecko) Chrome/116.0.0.0 Safari/537.36', 'http://127.0.0.1:8000/admin/setting_tipo_cargos/add-save', 'Añadir nueva información  en Setting tipo cargos', '', 1, '2023-09-22 22:52:04', NULL),
	(206, '127.0.0.1', 'Mozilla/5.0 (Windows NT 10.0; Win64; x64) AppleWebKit/537.36 (KHTML, like Gecko) Chrome/116.0.0.0 Safari/537.36', 'http://127.0.0.1:8000/admin/setting_tipo_cargos/add-save', 'Añadir nueva información  en Setting tipo cargos', '', 1, '2023-09-22 22:52:21', NULL),
	(207, '127.0.0.1', 'Mozilla/5.0 (Windows NT 10.0; Win64; x64) AppleWebKit/537.36 (KHTML, like Gecko) Chrome/116.0.0.0 Safari/537.36', 'http://127.0.0.1:8000/admin/contratos/add-save', 'Añadir nueva información  en Contratos', '', 1, '2023-09-22 22:54:54', NULL),
	(208, '127.0.0.1', 'Mozilla/5.0 (Windows NT 10.0; Win64; x64) AppleWebKit/537.36 (KHTML, like Gecko) Chrome/116.0.0.0 Safari/537.36', 'http://127.0.0.1:8000/admin/contratos/edit-save/1', 'Actualizar información  en Contratos', '<table class="table table-striped"><thead><tr><th>Key</th><th>Old Value</th><th>New Value</th></thead><tbody><tr><td>id_cargo</td><td></td><td></td></tr><tr><td>monto</td><td>1300</td><td></td></tr><tr><td>id_referencia</td><td>0</td><td></td></tr><tr><td>referencia</td><td>CTO--20230922175454-0001</td><td></td></tr><tr><td>fecha_inicio</td><td>2023-09-30</td><td></td></tr><tr><td>fecha_fin</td><td></td><td></td></tr><tr><td>listable</td><td>0</td><td></td></tr></tbody></table>', 1, '2023-09-22 23:07:33', NULL),
	(209, '127.0.0.1', 'Mozilla/5.0 (Windows NT 10.0; Win64; x64) AppleWebKit/537.36 (KHTML, like Gecko) Chrome/116.0.0.0 Safari/537.36', 'http://127.0.0.1:8000/admin/contratos/add-save', 'Añadir nueva información  en Contratos', '', 1, '2023-09-22 23:19:24', NULL),
	(210, '127.0.0.1', 'Mozilla/5.0 (Windows NT 10.0; Win64; x64) AppleWebKit/537.36 (KHTML, like Gecko) Chrome/116.0.0.0 Safari/537.36', 'http://127.0.0.1:8000/admin/contratos/edit-save/1', 'Actualizar información  en Contratos', '<table class="table table-striped"><thead><tr><th>Key</th><th>Old Value</th><th>New Value</th></thead><tbody><tr><td>id_cargo</td><td></td><td></td></tr><tr><td>monto</td><td>1300</td><td></td></tr><tr><td>id_referencia</td><td>0</td><td></td></tr><tr><td>referencia</td><td>CTO--20230922175454-0001</td><td></td></tr><tr><td>fecha_inicio</td><td>2023-09-30</td><td></td></tr><tr><td>fecha_fin</td><td></td><td></td></tr><tr><td>id_estado</td><td>3</td><td>4</td></tr><tr><td>listable</td><td>0</td><td></td></tr></tbody></table>', 1, '2023-09-22 23:26:17', NULL),
	(211, '127.0.0.1', 'Mozilla/5.0 (Windows NT 10.0; Win64; x64) AppleWebKit/537.36 (KHTML, like Gecko) Chrome/116.0.0.0 Safari/537.36', 'http://127.0.0.1:8000/admin/contratos/edit-save/1', 'Actualizar información  en Contratos', '<table class="table table-striped"><thead><tr><th>Key</th><th>Old Value</th><th>New Value</th></thead><tbody><tr><td>id_cargo</td><td></td><td></td></tr><tr><td>monto</td><td>1300</td><td></td></tr><tr><td>id_referencia</td><td>0</td><td></td></tr><tr><td>referencia</td><td>CTO--20230922175454-0001</td><td></td></tr><tr><td>fecha_inicio</td><td>2023-09-30</td><td></td></tr><tr><td>fecha_fin</td><td></td><td></td></tr><tr><td>id_estado</td><td>4</td><td>3</td></tr><tr><td>listable</td><td>0</td><td></td></tr></tbody></table>', 1, '2023-09-22 23:26:36', NULL),
	(212, '127.0.0.1', 'Mozilla/5.0 (Windows NT 10.0; Win64; x64) AppleWebKit/537.36 (KHTML, like Gecko) Chrome/116.0.0.0 Safari/537.36', 'http://127.0.0.1:8000/admin/contratos/edit-save/1', 'Actualizar información  en Contratos', '<table class="table table-striped"><thead><tr><th>Key</th><th>Old Value</th><th>New Value</th></thead><tbody><tr><td>id_cargo</td><td></td><td></td></tr><tr><td>monto</td><td>1300</td><td></td></tr><tr><td>id_referencia</td><td>0</td><td></td></tr><tr><td>referencia</td><td>CTO--20230922175454-0001</td><td></td></tr><tr><td>fecha_inicio</td><td>2023-09-30</td><td></td></tr><tr><td>fecha_fin</td><td></td><td></td></tr><tr><td>id_estado</td><td>3</td><td>1</td></tr><tr><td>listable</td><td>0</td><td></td></tr></tbody></table>', 1, '2023-09-22 23:28:25', NULL),
	(213, '127.0.0.1', 'Mozilla/5.0 (Windows NT 10.0; Win64; x64) AppleWebKit/537.36 (KHTML, like Gecko) Chrome/116.0.0.0 Safari/537.36', 'http://127.0.0.1:8000/admin/contratos/edit-save/2', 'Actualizar información  en Contratos', '<table class="table table-striped"><thead><tr><th>Key</th><th>Old Value</th><th>New Value</th></thead><tbody><tr><td>id_cargo</td><td></td><td></td></tr><tr><td>id_moneda</td><td>1</td><td></td></tr><tr><td>monto</td><td>1500</td><td></td></tr><tr><td>id_referencia</td><td>0</td><td></td></tr><tr><td>tiempo_contrata</td><td>1</td><td></td></tr><tr><td>referencia</td><td>CTO-CP-20230922181924-0002</td><td></td></tr><tr><td>fecha_inicio</td><td>2023-09-30</td><td></td></tr><tr><td>fecha_fin</td><td></td><td></td></tr><tr><td>id_estado</td><td>1</td><td>2</td></tr><tr><td>listable</td><td>0</td><td></td></tr><tr><td>id_user_create</td><td>1</td><td></td></tr><tr><td>id_user_update</td><td>1</td><td></td></tr></tbody></table>', 1, '2023-09-22 23:28:31', NULL),
	(214, '127.0.0.1', 'Mozilla/5.0 (Windows NT 10.0; Win64; x64) AppleWebKit/537.36 (KHTML, like Gecko) Chrome/116.0.0.0 Safari/537.36', 'http://127.0.0.1:8000/admin/contratos/edit-save/2', 'Actualizar información  en Contratos', '<table class="table table-striped"><thead><tr><th>Key</th><th>Old Value</th><th>New Value</th></thead><tbody><tr><td>id_cargo</td><td></td><td></td></tr><tr><td>id_moneda</td><td>1</td><td></td></tr><tr><td>monto</td><td>1500</td><td></td></tr><tr><td>id_referencia</td><td>0</td><td></td></tr><tr><td>tiempo_contrata</td><td>1</td><td></td></tr><tr><td>referencia</td><td>CTO-CP-20230922181924-0002</td><td></td></tr><tr><td>fecha_inicio</td><td>2023-09-30</td><td></td></tr><tr><td>fecha_fin</td><td></td><td></td></tr><tr><td>listable</td><td>0</td><td></td></tr><tr><td>id_user_create</td><td>1</td><td></td></tr><tr><td>id_user_update</td><td>1</td><td></td></tr></tbody></table>', 1, '2023-09-22 23:28:36', NULL),
	(215, '127.0.0.1', 'Mozilla/5.0 (Windows NT 10.0; Win64; x64) AppleWebKit/537.36 (KHTML, like Gecko) Chrome/116.0.0.0 Safari/537.36', 'http://127.0.0.1:8000/admin/contratos/edit-save/2', 'Actualizar información  en Contratos', '<table class="table table-striped"><thead><tr><th>Key</th><th>Old Value</th><th>New Value</th></thead><tbody><tr><td>id_cargo</td><td></td><td></td></tr><tr><td>id_moneda</td><td>1</td><td></td></tr><tr><td>monto</td><td>1500</td><td></td></tr><tr><td>id_referencia</td><td>0</td><td></td></tr><tr><td>tiempo_contrata</td><td>1</td><td></td></tr><tr><td>referencia</td><td>CTO-CP-20230922181924-0002</td><td></td></tr><tr><td>fecha_inicio</td><td>2023-09-30</td><td></td></tr><tr><td>fecha_fin</td><td></td><td></td></tr><tr><td>listable</td><td>0</td><td></td></tr><tr><td>id_user_create</td><td>1</td><td></td></tr><tr><td>id_user_update</td><td>1</td><td></td></tr></tbody></table>', 1, '2023-09-22 23:28:42', NULL),
	(216, '127.0.0.1', 'Mozilla/5.0 (Windows NT 10.0; Win64; x64) AppleWebKit/537.36 (KHTML, like Gecko) Chrome/116.0.0.0 Safari/537.36', 'http://127.0.0.1:8000/admin/contratos/edit-save/2', 'Actualizar información  en Contratos', '<table class="table table-striped"><thead><tr><th>Key</th><th>Old Value</th><th>New Value</th></thead><tbody><tr><td>id_cargo</td><td></td><td></td></tr><tr><td>monto</td><td>1500</td><td></td></tr><tr><td>id_referencia</td><td>0</td><td></td></tr><tr><td>referencia</td><td>CTO-CP-20230922181924-0002</td><td></td></tr><tr><td>fecha_inicio</td><td>2023-09-30</td><td></td></tr><tr><td>fecha_fin</td><td></td><td></td></tr><tr><td>id_estado</td><td>4</td><td>1</td></tr><tr><td>listable</td><td>0</td><td></td></tr></tbody></table>', 1, '2023-09-22 23:28:56', NULL),
	(217, '127.0.0.1', 'Mozilla/5.0 (Windows NT 10.0; Win64; x64) AppleWebKit/537.36 (KHTML, like Gecko) Chrome/116.0.0.0 Safari/537.36', 'http://127.0.0.1:8000/admin/contratos/delete/1', 'Eliminar información 1 en Contratos', '', 1, '2023-09-22 23:29:29', NULL),
	(218, '127.0.0.1', 'Mozilla/5.0 (Windows NT 10.0; Win64; x64) AppleWebKit/537.36 (KHTML, like Gecko) Chrome/116.0.0.0 Safari/537.36', 'http://127.0.0.1:8000/admin/contratos/add-save', 'Añadir nueva información  en Contratos', '', 1, '2023-09-22 23:29:50', NULL),
	(219, '127.0.0.1', 'Mozilla/5.0 (Windows NT 10.0; Win64; x64) AppleWebKit/537.36 (KHTML, like Gecko) Chrome/116.0.0.0 Safari/537.36', 'http://127.0.0.1:8000/admin/contratos/add-save', 'Añadir nueva información  en Contratos', '', 1, '2023-09-22 23:30:39', NULL),
	(220, '127.0.0.1', 'Mozilla/5.0 (Windows NT 10.0; Win64; x64) AppleWebKit/537.36 (KHTML, like Gecko) Chrome/116.0.0.0 Safari/537.36', 'http://127.0.0.1:8000/admin/menu_management/edit-save/30', 'Actualizar información Egresos en Gestión de Menús', '<table class="table table-striped"><thead><tr><th>Key</th><th>Old Value</th><th>New Value</th></thead><tbody><tr><td>color</td><td></td><td>normal</td></tr><tr><td>icon</td><td>fa fa-money</td><td>fa fa-cart-arrow-down</td></tr><tr><td>parent_id</td><td>25</td><td></td></tr><tr><td>sorting</td><td>2</td><td></td></tr></tbody></table>', 1, '2023-09-22 23:42:55', NULL),
	(221, '127.0.0.1', 'Mozilla/5.0 (Windows NT 10.0; Win64; x64) AppleWebKit/537.36 (KHTML, like Gecko) Chrome/116.0.0.0 Safari/537.36', 'http://127.0.0.1:8000/admin/login', 'Ingreso de admin@crudbooster.com desde la Dirección IP 127.0.0.1', '', 1, '2023-09-23 12:01:57', NULL),
	(222, '127.0.0.1', 'Mozilla/5.0 (Windows NT 10.0; Win64; x64) AppleWebKit/537.36 (KHTML, like Gecko) Chrome/116.0.0.0 Safari/537.36', 'http://127.0.0.1:8000/admin/setting_tipo_documentos/edit-save/2', 'Actualizar información  en Setting tipo documentos', '<table class="table table-striped"><thead><tr><th>Key</th><th>Old Value</th><th>New Value</th></thead><tbody><tr><td>nombre</td><td>PASAPORTE</td><td>PAS</td></tr></tbody></table>', 1, '2023-09-23 12:02:37', NULL),
	(223, '127.0.0.1', 'Mozilla/5.0 (Windows NT 10.0; Win64; x64) AppleWebKit/537.36 (KHTML, like Gecko) Chrome/116.0.0.0 Safari/537.36', 'http://127.0.0.1:8000/admin/setting_tipo_documentos/edit-save/3', 'Actualizar información  en Setting tipo documentos', '<table class="table table-striped"><thead><tr><th>Key</th><th>Old Value</th><th>New Value</th></thead><tbody><tr><td>nombre</td><td>CARNET EXT.</td><td>CE.</td></tr></tbody></table>', 1, '2023-09-23 12:02:49', NULL),
	(224, '127.0.0.1', 'Mozilla/5.0 (Windows NT 10.0; Win64; x64) AppleWebKit/537.36 (KHTML, like Gecko) Chrome/116.0.0.0 Safari/537.36', 'http://127.0.0.1:8000/admin/setting_generos/edit-save/2', 'Actualizar información  en Setting géneros', '<table class="table table-striped"><thead><tr><th>Key</th><th>Old Value</th><th>New Value</th></thead><tbody><tr><td>nombre</td><td>FEMENINO</td><td>MUJER</td></tr></tbody></table>', 1, '2023-09-23 12:05:04', NULL),
	(225, '127.0.0.1', 'Mozilla/5.0 (Windows NT 10.0; Win64; x64) AppleWebKit/537.36 (KHTML, like Gecko) Chrome/116.0.0.0 Safari/537.36', 'http://127.0.0.1:8000/admin/setting_generos/edit-save/1', 'Actualizar información  en Setting géneros', '<table class="table table-striped"><thead><tr><th>Key</th><th>Old Value</th><th>New Value</th></thead><tbody><tr><td>nombre</td><td>MASCULINO</td><td>VARÓN</td></tr></tbody></table>', 1, '2023-09-23 12:05:12', NULL),
	(226, '127.0.0.1', 'Mozilla/5.0 (Windows NT 10.0; Win64; x64) AppleWebKit/537.36 (KHTML, like Gecko) Chrome/116.0.0.0 Safari/537.36', 'http://127.0.0.1:8000/admin/actividads/add-save', 'Añadir nueva información  en Actividades', '', 1, '2023-09-23 12:28:00', NULL),
	(227, '127.0.0.1', 'Mozilla/5.0 (Windows NT 10.0; Win64; x64) AppleWebKit/537.36 (KHTML, like Gecko) Chrome/116.0.0.0 Safari/537.36', 'http://127.0.0.1:8000/admin/asistencias/add-save', 'Añadir nueva información  en Asistencias', '', 1, '2023-09-23 12:35:17', NULL),
	(228, '127.0.0.1', 'Mozilla/5.0 (Windows NT 10.0; Win64; x64) AppleWebKit/537.36 (KHTML, like Gecko) Chrome/116.0.0.0 Safari/537.36', 'http://127.0.0.1:8000/admin/asistencias/add-save', 'Añadir nueva información  en Asistencias', '', 1, '2023-09-23 12:35:34', NULL),
	(229, '127.0.0.1', 'Mozilla/5.0 (Windows NT 10.0; Win64; x64) AppleWebKit/537.36 (KHTML, like Gecko) Chrome/116.0.0.0 Safari/537.36', 'http://127.0.0.1:8000/admin/integrantes/add-save', 'Añadir nueva información  en Integrantes', '', 1, '2023-09-23 12:44:14', NULL),
	(230, '127.0.0.1', 'Mozilla/5.0 (Windows NT 10.0; Win64; x64) AppleWebKit/537.36 (KHTML, like Gecko) Chrome/116.0.0.0 Safari/537.36', 'http://127.0.0.1:8000/admin/integrantes/add-save', 'Añadir nueva información  en Integrantes', '', 1, '2023-09-23 12:44:27', NULL),
	(231, '127.0.0.1', 'Mozilla/5.0 (Windows NT 10.0; Win64; x64) AppleWebKit/537.36 (KHTML, like Gecko) Chrome/116.0.0.0 Safari/537.36', 'http://127.0.0.1:8000/admin/integrantes/add-save', 'Añadir nueva información  en Integrantes', '', 1, '2023-09-23 12:44:32', NULL),
	(232, '127.0.0.1', 'Mozilla/5.0 (Windows NT 10.0; Win64; x64) AppleWebKit/537.36 (KHTML, like Gecko) Chrome/116.0.0.0 Safari/537.36', 'http://127.0.0.1:8000/admin/users/add-save', 'Añadir nueva información MARIO en Gestión de usuarios', '', 1, '2023-09-23 12:56:27', NULL),
	(233, '127.0.0.1', 'Mozilla/5.0 (Windows NT 10.0; Win64; x64) AppleWebKit/537.36 (KHTML, like Gecko) Chrome/116.0.0.0 Safari/537.36', 'http://127.0.0.1:8000/admin/setting_tipo_actividads/add-save', 'Añadir nueva información  en Setting Tipo Actividades', '', 1, '2023-09-23 13:00:19', NULL),
	(234, '127.0.0.1', 'Mozilla/5.0 (Windows NT 10.0; Win64; x64) AppleWebKit/537.36 (KHTML, like Gecko) Chrome/116.0.0.0 Safari/537.36', 'http://127.0.0.1:8000/admin/setting_tipo_actividads/edit-save/1', 'Actualizar información  en Setting Tipo Actividades', '<table class="table table-striped"><thead><tr><th>Key</th><th>Old Value</th><th>New Value</th></thead><tbody><tr><td>nombre</td><td>REUNIÓN</td><td>REUNIÓN GENERAL</td></tr></tbody></table>', 1, '2023-09-23 13:00:28', NULL),
	(235, '127.0.0.1', 'Mozilla/5.0 (Windows NT 10.0; Win64; x64) AppleWebKit/537.36 (KHTML, like Gecko) Chrome/116.0.0.0 Safari/537.36', 'http://127.0.0.1:8000/admin/setting_tipo_actividads/add-save', 'Añadir nueva información  en Setting Tipo Actividades', '', 1, '2023-09-23 13:00:43', NULL),
	(236, '127.0.0.1', 'Mozilla/5.0 (Windows NT 10.0; Win64; x64) AppleWebKit/537.36 (KHTML, like Gecko) Chrome/116.0.0.0 Safari/537.36', 'http://127.0.0.1:8000/admin/setting_tipo_actividads/edit-save/1', 'Actualizar información  en Setting Tipo Actividades', '<table class="table table-striped"><thead><tr><th>Key</th><th>Old Value</th><th>New Value</th></thead><tbody><tr><td>color</td><td>secondary</td><td>primary</td></tr></tbody></table>', 1, '2023-09-23 13:00:52', NULL),
	(237, '127.0.0.1', 'Mozilla/5.0 (Windows NT 10.0; Win64; x64) AppleWebKit/537.36 (KHTML, like Gecko) Chrome/116.0.0.0 Safari/537.36', 'http://127.0.0.1:8000/admin/setting_tipo_actividads/add-save', 'Añadir nueva información  en Setting Tipo Actividades', '', 1, '2023-09-23 13:01:23', NULL),
	(238, '127.0.0.1', 'Mozilla/5.0 (Windows NT 10.0; Win64; x64) AppleWebKit/537.36 (KHTML, like Gecko) Chrome/116.0.0.0 Safari/537.36', 'http://127.0.0.1:8000/admin/setting_tipo_actividads/add-save', 'Añadir nueva información  en Setting Tipo Actividades', '', 1, '2023-09-23 13:01:53', NULL),
	(239, '127.0.0.1', 'Mozilla/5.0 (Windows NT 10.0; Win64; x64) AppleWebKit/537.36 (KHTML, like Gecko) Chrome/116.0.0.0 Safari/537.36', 'http://127.0.0.1:8000/admin/setting_tipo_actividads/edit-save/4', 'Actualizar información  en Setting Tipo Actividades', '<table class="table table-striped"><thead><tr><th>Key</th><th>Old Value</th><th>New Value</th></thead><tbody><tr><td>nombre</td><td>REUNIÓN JEFES</td><td>REUNIÓN DE JEFES DE AREA</td></tr></tbody></table>', 1, '2023-09-23 13:02:09', NULL),
	(240, '127.0.0.1', 'Mozilla/5.0 (Windows NT 10.0; Win64; x64) AppleWebKit/537.36 (KHTML, like Gecko) Chrome/116.0.0.0 Safari/537.36', 'http://127.0.0.1:8000/admin/users/edit-save/1', 'Actualizar información Super admin en Gestión de usuarios', '<table class="table table-striped"><thead><tr><th>Key</th><th>Old Value</th><th>New Value</th></thead><tbody><tr><td>password</td><td>$2y$10$7PHPP8jNCrvMkogL.Rs7A.DJ2V0LRfrR.XZ9wQIdXm9urz85pgRJe</td><td>$2y$10$KTpfxiAobXHbdqwtuLrns.Z96S2YQ39NERQKODVJ7hgVfbHDGZ46y</td></tr><tr><td>theme_color</td><td>dark-skin-navi</td><td>light-skin-primary</td></tr><tr><td>status</td><td>Active</td><td></td></tr></tbody></table>', 1, '2023-09-23 13:08:55', NULL),
	(241, '127.0.0.1', 'Mozilla/5.0 (Windows NT 10.0; Win64; x64) AppleWebKit/537.36 (KHTML, like Gecko) Chrome/116.0.0.0 Safari/537.36', 'http://127.0.0.1:8000/admin/users/edit-save/1', 'Actualizar información Super admin en Gestión de usuarios', '<table class="table table-striped"><thead><tr><th>Key</th><th>Old Value</th><th>New Value</th></thead><tbody><tr><td>password</td><td>$2y$10$KTpfxiAobXHbdqwtuLrns.Z96S2YQ39NERQKODVJ7hgVfbHDGZ46y</td><td>$2y$10$cbnbW2AtWxwAlTSLcGT6be0C0apgRTfNmwlhJJWlU8EpsTrRTePv.</td></tr><tr><td>theme_color</td><td>light-skin-primary</td><td>dark-skin-navi</td></tr><tr><td>status</td><td>Active</td><td></td></tr></tbody></table>', 1, '2023-09-23 13:19:57', NULL),
	(242, '127.0.0.1', 'Mozilla/5.0 (Windows NT 10.0; Win64; x64) AppleWebKit/537.36 (KHTML, like Gecko) Chrome/116.0.0.0 Safari/537.36', 'http://127.0.0.1:8000/admin/users/edit-save/1', 'Actualizar información Super admin en Gestión de usuarios', '<table class="table table-striped"><thead><tr><th>Key</th><th>Old Value</th><th>New Value</th></thead><tbody><tr><td>password</td><td>$2y$10$cbnbW2AtWxwAlTSLcGT6be0C0apgRTfNmwlhJJWlU8EpsTrRTePv.</td><td>$2y$10$xOJ/Ksj.m6.t4Vj2Bg2h8u9l16tQbBCmE6kMVxApWp5EDgpJojmSu</td></tr><tr><td>theme_color</td><td>dark-skin-navi</td><td>light-skin-primary</td></tr><tr><td>status</td><td>Active</td><td></td></tr></tbody></table>', 1, '2023-09-23 13:20:02', NULL),
	(243, '127.0.0.1', 'Mozilla/5.0 (Windows NT 10.0; Win64; x64) AppleWebKit/537.36 (KHTML, like Gecko) Chrome/116.0.0.0 Safari/537.36', 'http://127.0.0.1:8000/admin/users/edit-save/1', 'Actualizar información Super admin en Gestión de usuarios', '<table class="table table-striped"><thead><tr><th>Key</th><th>Old Value</th><th>New Value</th></thead><tbody><tr><td>password</td><td>$2y$10$xOJ/Ksj.m6.t4Vj2Bg2h8u9l16tQbBCmE6kMVxApWp5EDgpJojmSu</td><td>$2y$10$w5eclLtoHEFw9ORmY1p42eJimZUYv39ZqMG8ixsvb9ljFwh6o2jEO</td></tr><tr><td>theme_color</td><td>light-skin-primary</td><td>dark-skin-navi</td></tr><tr><td>status</td><td>Active</td><td></td></tr></tbody></table>', 1, '2023-09-23 13:35:49', NULL),
	(244, '127.0.0.1', 'Mozilla/5.0 (Windows NT 10.0; Win64; x64) AppleWebKit/537.36 (KHTML, like Gecko) Chrome/116.0.0.0 Safari/537.36', 'http://127.0.0.1:8000/admin/setting_periodo_pagos/edit-save/2', 'Actualizar información  en Setting periodo pagos', '<table class="table table-striped"><thead><tr><th>Key</th><th>Old Value</th><th>New Value</th></thead><tbody><tr><td>dia_pago</td><td>0</td><td>28</td></tr></tbody></table>', 1, '2023-09-23 14:51:19', NULL),
	(245, '127.0.0.1', 'Mozilla/5.0 (Windows NT 10.0; Win64; x64) AppleWebKit/537.36 (KHTML, like Gecko) Chrome/116.0.0.0 Safari/537.36', 'http://127.0.0.1:8000/admin/setting_periodo_pagos/edit-save/3', 'Actualizar información  en Setting periodo pagos', '<table class="table table-striped"><thead><tr><th>Key</th><th>Old Value</th><th>New Value</th></thead><tbody><tr><td>dia_pago</td><td>0</td><td>14</td></tr></tbody></table>', 1, '2023-09-23 14:51:45', NULL),
	(246, '127.0.0.1', 'Mozilla/5.0 (Windows NT 10.0; Win64; x64) AppleWebKit/537.36 (KHTML, like Gecko) Chrome/116.0.0.0 Safari/537.36', 'http://127.0.0.1:8000/admin/setting_pais/delete-image', 'Eliminar la imagen de 1 en Setting pais', '', 1, '2023-09-23 15:14:58', NULL),
	(247, '127.0.0.1', 'Mozilla/5.0 (Windows NT 10.0; Win64; x64) AppleWebKit/537.36 (KHTML, like Gecko) Chrome/116.0.0.0 Safari/537.36', 'http://127.0.0.1:8000/admin/setting_pais/edit-save/1', 'Actualizar información  en Setting pais', '<table class="table table-striped"><thead><tr><th>Key</th><th>Old Value</th><th>New Value</th></thead><tbody><tr><td>imagen</td><td></td><td>uploads/2023-09/20230923_10150318.jpg</td></tr></tbody></table>', 1, '2023-09-23 15:15:03', NULL),
	(248, '127.0.0.1', 'Mozilla/5.0 (Windows NT 10.0; Win64; x64) AppleWebKit/537.36 (KHTML, like Gecko) Chrome/116.0.0.0 Safari/537.36', 'http://127.0.0.1:8000/admin/pagos_personal/add-save', 'Añadir nueva información  en Pagos', '', 1, '2023-09-23 15:19:29', NULL),
	(249, '127.0.0.1', 'Mozilla/5.0 (Windows NT 10.0; Win64; x64) AppleWebKit/537.36 (KHTML, like Gecko) Chrome/116.0.0.0 Safari/537.36', 'http://127.0.0.1:8000/admin/contratos/add-save', 'Añadir nueva información  en Contratos', '', 1, '2023-09-23 15:46:21', NULL),
	(250, '127.0.0.1', 'Mozilla/5.0 (Windows NT 10.0; Win64; x64) AppleWebKit/537.36 (KHTML, like Gecko) Chrome/116.0.0.0 Safari/537.36', 'http://127.0.0.1:8000/admin/contratos/edit-save/5', 'Actualizar información  en Contratos', '<table class="table table-striped"><thead><tr><th>Key</th><th>Old Value</th><th>New Value</th></thead><tbody><tr><td>id_cargo</td><td></td><td></td></tr><tr><td>id_moneda</td><td>1</td><td></td></tr><tr><td>monto</td><td>1500</td><td></td></tr><tr><td>id_referencia</td><td>0</td><td></td></tr><tr><td>tiempo_contrata</td><td>1</td><td></td></tr><tr><td>referencia</td><td>CTO-CP-20230923104621-0005</td><td></td></tr><tr><td>fecha_inicio</td><td>2023-10-01</td><td></td></tr><tr><td>fecha_fin</td><td></td><td></td></tr><tr><td>id_estado</td><td>1</td><td></td></tr><tr><td>listable</td><td>0</td><td></td></tr><tr><td>id_user_create</td><td>1</td><td></td></tr><tr><td>id_user_update</td><td>1</td><td></td></tr></tbody></table>', 1, '2023-09-23 15:47:36', NULL),
	(251, '127.0.0.1', 'Mozilla/5.0 (Windows NT 10.0; Win64; x64) AppleWebKit/537.36 (KHTML, like Gecko) Chrome/116.0.0.0 Safari/537.36', 'http://127.0.0.1:8000/admin/contratos/edit-save/5', 'Actualizar información  en Contratos', '<table class="table table-striped"><thead><tr><th>Key</th><th>Old Value</th><th>New Value</th></thead><tbody><tr><td>id_cargo</td><td></td><td></td></tr><tr><td>id_moneda</td><td>1</td><td></td></tr><tr><td>monto</td><td>1500</td><td></td></tr><tr><td>id_referencia</td><td>0</td><td></td></tr><tr><td>tiempo_contrata</td><td>1</td><td></td></tr><tr><td>referencia</td><td>CTO-CP-20230923104621-0005</td><td></td></tr><tr><td>fecha_inicio</td><td>2023-10-01</td><td></td></tr><tr><td>fecha_fin</td><td></td><td></td></tr><tr><td>id_estado</td><td>1</td><td></td></tr><tr><td>listable</td><td>0</td><td></td></tr><tr><td>id_user_create</td><td>1</td><td></td></tr><tr><td>id_user_update</td><td>1</td><td></td></tr></tbody></table>', 1, '2023-09-23 15:50:37', NULL),
	(252, '127.0.0.1', 'Mozilla/5.0 (Windows NT 10.0; Win64; x64) AppleWebKit/537.36 (KHTML, like Gecko) Chrome/116.0.0.0 Safari/537.36', 'http://127.0.0.1:8000/admin/contratos/edit-save/5', 'Actualizar información  en Contratos', '<table class="table table-striped"><thead><tr><th>Key</th><th>Old Value</th><th>New Value</th></thead><tbody><tr><td>id_cargo</td><td></td><td></td></tr><tr><td>id_moneda</td><td>1</td><td></td></tr><tr><td>monto</td><td>1500</td><td></td></tr><tr><td>id_referencia</td><td>0</td><td></td></tr><tr><td>tiempo_contrata</td><td>1</td><td></td></tr><tr><td>referencia</td><td>CTO-CP-20230923104621-0005</td><td></td></tr><tr><td>fecha_inicio</td><td>2023-10-01</td><td></td></tr><tr><td>fecha_fin</td><td></td><td></td></tr><tr><td>id_estado</td><td>1</td><td>2</td></tr><tr><td>listable</td><td>0</td><td></td></tr><tr><td>id_user_create</td><td>1</td><td></td></tr><tr><td>id_user_update</td><td>1</td><td></td></tr></tbody></table>', 1, '2023-09-23 15:50:59', NULL),
	(253, '127.0.0.1', 'Mozilla/5.0 (Windows NT 10.0; Win64; x64) AppleWebKit/537.36 (KHTML, like Gecko) Chrome/116.0.0.0 Safari/537.36', 'http://127.0.0.1:8000/admin/contratos/edit-save/4', 'Actualizar información  en Contratos', '<table class="table table-striped"><thead><tr><th>Key</th><th>Old Value</th><th>New Value</th></thead><tbody><tr><td>id_periodo_pago</td><td>2</td><td></td></tr><tr><td>id_cargo</td><td></td><td></td></tr><tr><td>monto</td><td>1600</td><td></td></tr><tr><td>id_referencia</td><td>0</td><td></td></tr><tr><td>referencia</td><td>CTO-NC-20230922183039-0004</td><td></td></tr><tr><td>fecha_inicio</td><td>2023-09-28</td><td></td></tr><tr><td>fecha_fin</td><td></td><td></td></tr><tr><td>listable</td><td>0</td><td></td></tr></tbody></table>', 1, '2023-09-23 15:51:10', NULL),
	(254, '127.0.0.1', 'Mozilla/5.0 (Windows NT 10.0; Win64; x64) AppleWebKit/537.36 (KHTML, like Gecko) Chrome/116.0.0.0 Safari/537.36', 'http://127.0.0.1:8000/admin/contratos/edit-save/3', 'Actualizar información  en Contratos', '<table class="table table-striped"><thead><tr><th>Key</th><th>Old Value</th><th>New Value</th></thead><tbody><tr><td>id_cargo</td><td></td><td></td></tr><tr><td>id_moneda</td><td>1</td><td></td></tr><tr><td>monto</td><td>1800</td><td></td></tr><tr><td>id_referencia</td><td>0</td><td></td></tr><tr><td>tiempo_contrata</td><td>1</td><td></td></tr><tr><td>referencia</td><td>CTO-IF-20230922182950-0003</td><td></td></tr><tr><td>fecha_inicio</td><td>2023-10-20</td><td></td></tr><tr><td>fecha_fin</td><td></td><td></td></tr><tr><td>id_estado</td><td>1</td><td>3</td></tr><tr><td>listable</td><td>0</td><td></td></tr><tr><td>id_user_create</td><td>1</td><td></td></tr><tr><td>id_user_update</td><td>1</td><td></td></tr></tbody></table>', 1, '2023-09-23 15:51:25', NULL),
	(255, '127.0.0.1', 'Mozilla/5.0 (Windows NT 10.0; Win64; x64) AppleWebKit/537.36 (KHTML, like Gecko) Chrome/116.0.0.0 Safari/537.36', 'http://127.0.0.1:8000/admin/login', 'Ingreso de admin@crudbooster.com desde la Dirección IP 127.0.0.1', '', 1, '2023-09-26 12:10:16', NULL),
	(256, '127.0.0.1', 'Mozilla/5.0 (Windows NT 10.0; Win64; x64) AppleWebKit/537.36 (KHTML, like Gecko) Chrome/116.0.0.0 Safari/537.36', 'http://127.0.0.1:8000/admin/trabajadores/detail/3', 'Intentar ver 3 en Trabajadores', '', 1, '2023-09-26 12:51:17', NULL),
	(257, '127.0.0.1', 'Mozilla/5.0 (Windows NT 10.0; Win64; x64) AppleWebKit/537.36 (KHTML, like Gecko) Chrome/116.0.0.0 Safari/537.36', 'http://127.0.0.1:8000/admin/trabajadores/edit-save/3', 'Actualizar información  en Trabajadores', '<table class="table table-striped"><thead><tr><th>Key</th><th>Old Value</th><th>New Value</th></thead><tbody><tr><td>monto</td><td></td><td></td></tr><tr><td>fecha_inicio</td><td></td><td></td></tr><tr><td>fecha_fin</td><td></td><td></td></tr><tr><td>foto</td><td></td><td>uploads/2023-09/20230926_08271714.jpeg</td></tr><tr><td>correo</td><td></td><td></td></tr><tr><td>celular</td><td></td><td></td></tr><tr><td>telefono</td><td></td><td></td></tr><tr><td>direccion</td><td></td><td></td></tr><tr><td>detalle</td><td></td><td></td></tr><tr><td>id_mina</td><td></td><td></td></tr><tr><td>id_yacimiento</td><td></td><td></td></tr></tbody></table>', 1, '2023-09-26 13:27:17', NULL),
	(258, '127.0.0.1', 'Mozilla/5.0 (Windows NT 10.0; Win64; x64) AppleWebKit/537.36 (KHTML, like Gecko) Chrome/116.0.0.0 Safari/537.36', 'http://127.0.0.1:8000/admin/trabajadores/edit-save/2', 'Actualizar información  en Trabajadores', '<table class="table table-striped"><thead><tr><th>Key</th><th>Old Value</th><th>New Value</th></thead><tbody><tr><td>monto</td><td></td><td></td></tr><tr><td>fecha_inicio</td><td></td><td></td></tr><tr><td>fecha_fin</td><td></td><td></td></tr><tr><td>foto</td><td></td><td>uploads/2023-09/20230926_08273410.jpg</td></tr><tr><td>correo</td><td></td><td></td></tr><tr><td>celular</td><td></td><td></td></tr><tr><td>telefono</td><td></td><td></td></tr><tr><td>direccion</td><td></td><td></td></tr><tr><td>detalle</td><td></td><td></td></tr><tr><td>id_mina</td><td></td><td></td></tr><tr><td>id_yacimiento</td><td></td><td></td></tr></tbody></table>', 1, '2023-09-26 13:27:34', NULL),
	(259, '127.0.0.1', 'Mozilla/5.0 (Windows NT 10.0; Win64; x64) AppleWebKit/537.36 (KHTML, like Gecko) Chrome/116.0.0.0 Safari/537.36', 'http://127.0.0.1:8000/admin/trabajadores/edit-save/1', 'Actualizar información  en Trabajadores', '<table class="table table-striped"><thead><tr><th>Key</th><th>Old Value</th><th>New Value</th></thead><tbody><tr><td>monto</td><td></td><td></td></tr><tr><td>fecha_inicio</td><td></td><td></td></tr><tr><td>fecha_fin</td><td></td><td></td></tr><tr><td>foto</td><td></td><td>uploads/2023-09/20230926_08274111.png</td></tr><tr><td>correo</td><td></td><td></td></tr><tr><td>celular</td><td></td><td></td></tr><tr><td>telefono</td><td></td><td></td></tr><tr><td>direccion</td><td></td><td></td></tr><tr><td>detalle</td><td></td><td></td></tr><tr><td>id_mina</td><td></td><td></td></tr><tr><td>id_yacimiento</td><td></td><td></td></tr></tbody></table>', 1, '2023-09-26 13:27:41', NULL),
	(260, '127.0.0.1', 'Mozilla/5.0 (Windows NT 10.0; Win64; x64) AppleWebKit/537.36 (KHTML, like Gecko) Chrome/116.0.0.0 Safari/537.36', 'http://127.0.0.1:8000/admin/pagos_personal/add-save', 'Añadir nueva información  en Pagos', '', 1, '2023-09-26 13:57:47', NULL),
	(261, '127.0.0.1', 'Mozilla/5.0 (Windows NT 10.0; Win64; x64) AppleWebKit/537.36 (KHTML, like Gecko) Chrome/116.0.0.0 Safari/537.36', 'http://127.0.0.1:8000/admin/pagos_personal/add-save', 'Añadir nueva información  en Pagos', '', 1, '2023-09-26 14:07:18', NULL),
	(262, '127.0.0.1', 'Mozilla/5.0 (Windows NT 10.0; Win64; x64) AppleWebKit/537.36 (KHTML, like Gecko) Chrome/116.0.0.0 Safari/537.36', 'http://127.0.0.1:8000/admin/login', 'Ingreso de admin@crudbooster.com desde la Dirección IP 127.0.0.1', '', 1, '2023-09-26 18:22:30', NULL),
	(263, '127.0.0.1', 'Mozilla/5.0 (Windows NT 10.0; Win64; x64) AppleWebKit/537.36 (KHTML, like Gecko) Chrome/116.0.0.0 Safari/537.36', 'http://127.0.0.1:8000/admin/menu_management/add-save', 'Añadir nueva información Usurios en Gestión de Menús', '', 1, '2023-09-26 18:24:41', NULL),
	(264, '127.0.0.1', 'Mozilla/5.0 (Windows NT 10.0; Win64; x64) AppleWebKit/537.36 (KHTML, like Gecko) Chrome/116.0.0.0 Safari/537.36', 'http://127.0.0.1:8000/admin/menu_management/edit-save/39', 'Actualizar información Usuarios en Gestión de Menús', '<table class="table table-striped"><thead><tr><th>Key</th><th>Old Value</th><th>New Value</th></thead><tbody><tr><td>name</td><td>Usurios</td><td>Usuarios</td></tr><tr><td>parent_id</td><td>24</td><td></td></tr></tbody></table>', 1, '2023-09-26 18:25:05', NULL),
	(265, '127.0.0.1', 'Mozilla/5.0 (Windows NT 10.0; Win64; x64) AppleWebKit/537.36 (KHTML, like Gecko) Chrome/116.0.0.0 Safari/537.36', 'http://127.0.0.1:8000/admin/trabajadores/edit-save/3', 'Actualizar información  en Trabajadores', '<table class="table table-striped"><thead><tr><th>Key</th><th>Old Value</th><th>New Value</th></thead><tbody><tr><td>monto</td><td></td><td></td></tr><tr><td>fecha_inicio</td><td></td><td></td></tr><tr><td>fecha_fin</td><td></td><td></td></tr><tr><td>correo</td><td></td><td></td></tr><tr><td>celular</td><td></td><td>992-078-988</td></tr><tr><td>telefono</td><td></td><td></td></tr><tr><td>direccion</td><td></td><td></td></tr><tr><td>detalle</td><td></td><td></td></tr><tr><td>id_mina</td><td></td><td></td></tr><tr><td>id_yacimiento</td><td></td><td></td></tr></tbody></table>', 1, '2023-09-26 18:36:21', NULL),
	(266, '127.0.0.1', 'Mozilla/5.0 (Windows NT 10.0; Win64; x64) AppleWebKit/537.36 (KHTML, like Gecko) Chrome/116.0.0.0 Safari/537.36', 'http://127.0.0.1:8000/admin/login', 'Ingreso de admin@crudbooster.com desde la Dirección IP 127.0.0.1', '', 1, '2023-09-27 11:25:37', NULL),
	(267, '127.0.0.1', 'Mozilla/5.0 (Windows NT 10.0; Win64; x64) AppleWebKit/537.36 (KHTML, like Gecko) Chrome/116.0.0.0 Safari/537.36', 'http://127.0.0.1:8000/admin/contratos/add-save', 'Añadir nueva información  en Contratos', '', 1, '2023-09-27 11:27:36', NULL),
	(268, '127.0.0.1', 'Mozilla/5.0 (Windows NT 10.0; Win64; x64) AppleWebKit/537.36 (KHTML, like Gecko) Chrome/116.0.0.0 Safari/537.36', 'http://127.0.0.1:8000/admin/contratos/add-save', 'Añadir nueva información  en Contratos', '', 1, '2023-09-27 11:27:55', NULL),
	(269, '127.0.0.1', 'Mozilla/5.0 (Windows NT 10.0; Win64; x64) AppleWebKit/537.36 (KHTML, like Gecko) Chrome/116.0.0.0 Safari/537.36', 'http://127.0.0.1:8000/admin/trabajadores/add-save', 'Añadir nueva información  en Trabajadores', '', 1, '2023-09-27 11:30:06', NULL),
	(270, '127.0.0.1', 'Mozilla/5.0 (Windows NT 10.0; Win64; x64) AppleWebKit/537.36 (KHTML, like Gecko) Chrome/116.0.0.0 Safari/537.36', 'http://127.0.0.1:8000/admin/contratos/add-save', 'Añadir nueva información  en Contratos', '', 1, '2023-09-27 11:30:36', NULL),
	(271, '127.0.0.1', 'Mozilla/5.0 (Windows NT 10.0; Win64; x64) AppleWebKit/537.36 (KHTML, like Gecko) Chrome/116.0.0.0 Safari/537.36', 'http://127.0.0.1:8000/admin/pagos_personal/add-save', 'Añadir nueva información  en Pagos', '', 1, '2023-09-27 11:31:32', NULL),
	(272, '127.0.0.1', 'Mozilla/5.0 (Windows NT 10.0; Win64; x64) AppleWebKit/537.36 (KHTML, like Gecko) Chrome/116.0.0.0 Safari/537.36', 'http://127.0.0.1:8000/admin/pagos_personal/add-save', 'Añadir nueva información  en Pagos', '', 1, '2023-09-27 11:39:12', NULL),
	(273, '127.0.0.1', 'Mozilla/5.0 (Windows NT 10.0; Win64; x64) AppleWebKit/537.36 (KHTML, like Gecko) Chrome/116.0.0.0 Safari/537.36', 'http://127.0.0.1:8000/admin/contratos/add-save', 'Añadir nueva información  en Contratos', '', 1, '2023-09-27 11:51:15', NULL),
	(274, '127.0.0.1', 'Mozilla/5.0 (Windows NT 10.0; Win64; x64) AppleWebKit/537.36 (KHTML, like Gecko) Chrome/116.0.0.0 Safari/537.36', 'http://127.0.0.1:8000/admin/pagos_personal/add-save', 'Añadir nueva información  en Pagos', '', 1, '2023-09-27 12:08:01', NULL),
	(275, '127.0.0.1', 'Mozilla/5.0 (Windows NT 10.0; Win64; x64) AppleWebKit/537.36 (KHTML, like Gecko) Chrome/116.0.0.0 Safari/537.36', 'http://127.0.0.1:8000/admin/pagos_personal/add-save', 'Añadir nueva información  en Pagos', '', 1, '2023-09-27 12:09:21', NULL),
	(276, '127.0.0.1', 'Mozilla/5.0 (Windows NT 10.0; Win64; x64) AppleWebKit/537.36 (KHTML, like Gecko) Chrome/116.0.0.0 Safari/537.36', 'http://127.0.0.1:8000/admin/pagos_personal/edit-save/11', 'Actualizar información  en Pagos', '<table class="table table-striped"><thead><tr><th>Key</th><th>Old Value</th><th>New Value</th></thead><tbody><tr><td>id_trabajador</td><td></td><td></td></tr><tr><td>archivo</td><td></td><td>uploads/2023-09/20230927_07263516.jpeg</td></tr><tr><td>fecha_pago</td><td></td><td></td></tr><tr><td>observacion</td><td></td><td></td></tr></tbody></table>', 1, '2023-09-27 12:26:35', NULL),
	(277, '127.0.0.1', 'Mozilla/5.0 (Windows NT 10.0; Win64; x64) AppleWebKit/537.36 (KHTML, like Gecko) Chrome/116.0.0.0 Safari/537.36', 'http://127.0.0.1:8000/admin/pagos_personal/edit-save/13', 'Actualizar información  en Pagos', '<table class="table table-striped"><thead><tr><th>Key</th><th>Old Value</th><th>New Value</th></thead><tbody><tr><td>referencia</td><td>SDFSDFSDFS</td><td>PAG-00001</td></tr><tr><td>id_trabajador</td><td>4</td><td></td></tr></tbody></table>', 1, '2023-09-27 12:40:34', NULL),
	(278, '127.0.0.1', 'Mozilla/5.0 (Windows NT 10.0; Win64; x64) AppleWebKit/537.36 (KHTML, like Gecko) Chrome/116.0.0.0 Safari/537.36', 'http://127.0.0.1:8000/admin/pagos_personal/edit-save/13', 'Actualizar información  en Pagos', '<table class="table table-striped"><thead><tr><th>Key</th><th>Old Value</th><th>New Value</th></thead><tbody><tr><td>referencia</td><td>PAG-00001</td><td>PAG-000001</td></tr><tr><td>id_trabajador</td><td>4</td><td></td></tr></tbody></table>', 1, '2023-09-27 12:40:46', NULL),
	(279, '127.0.0.1', 'Mozilla/5.0 (Windows NT 10.0; Win64; x64) AppleWebKit/537.36 (KHTML, like Gecko) Chrome/116.0.0.0 Safari/537.36', 'http://127.0.0.1:8000/admin/pagos/edit-save/3', 'Actualizar información  en Pagos', '<table class="table table-striped"><thead><tr><th>Key</th><th>Old Value</th><th>New Value</th></thead><tbody><tr><td>referencia</td><td>PAG-003</td><td></td></tr><tr><td>id_trabajador</td><td>3</td><td></td></tr></tbody></table>', 1, '2023-09-27 13:24:07', NULL),
	(280, '127.0.0.1', 'Mozilla/5.0 (Windows NT 10.0; Win64; x64) AppleWebKit/537.36 (KHTML, like Gecko) Chrome/116.0.0.0 Safari/537.36', 'http://127.0.0.1:8000/admin/pagos/edit-save/3', 'Actualizar información  en Pagos', '<table class="table table-striped"><thead><tr><th>Key</th><th>Old Value</th><th>New Value</th></thead><tbody><tr><td>referencia</td><td>PAG-003</td><td></td></tr><tr><td>id_trabajador</td><td>3</td><td></td></tr><tr><td>fecha_pago</td><td>2023-09-06</td><td>2023-08-24</td></tr></tbody></table>', 1, '2023-09-27 13:24:18', NULL),
	(281, '127.0.0.1', 'Mozilla/5.0 (Windows NT 10.0; Win64; x64) AppleWebKit/537.36 (KHTML, like Gecko) Chrome/116.0.0.0 Safari/537.36', 'http://127.0.0.1:8000/admin/pagos/edit-save/2', 'Actualizar información  en Pagos', '<table class="table table-striped"><thead><tr><th>Key</th><th>Old Value</th><th>New Value</th></thead><tbody><tr><td>referencia</td><td>PAG-002</td><td></td></tr><tr><td>id_contrato</td><td>4</td><td></td></tr><tr><td>fecha_pago</td><td>2023-09-27</td><td>2023-11-27</td></tr></tbody></table>', 1, '2023-09-27 13:24:35', NULL),
	(282, '127.0.0.1', 'Mozilla/5.0 (Windows NT 10.0; Win64; x64) AppleWebKit/537.36 (KHTML, like Gecko) Chrome/117.0.0.0 Safari/537.36', 'http://127.0.0.1:8000/admin/login', 'Ingreso de admin@crudbooster.com desde la Dirección IP 127.0.0.1', '', 1, '2023-09-30 13:33:01', NULL),
	(283, '127.0.0.1', 'Mozilla/5.0 (Windows NT 10.0; Win64; x64) AppleWebKit/537.36 (KHTML, like Gecko) Chrome/117.0.0.0 Safari/537.36', 'http://127.0.0.1:8000/admin/users/edit-save/1', 'Actualizar información Super admin en Usuarios', '<table class="table table-striped"><thead><tr><th>Key</th><th>Old Value</th><th>New Value</th></thead><tbody><tr><td>password</td><td>$2y$10$w5eclLtoHEFw9ORmY1p42eJimZUYv39ZqMG8ixsvb9ljFwh6o2jEO</td><td>$2y$10$UJ/PAbWNgllS9Anym0xfVOA071xnLs08nDflcPqaEPDKFUci2I7uW</td></tr><tr><td>theme_color</td><td>dark-skin-navi</td><td>light-skin-primary</td></tr><tr><td>status</td><td>Active</td><td></td></tr></tbody></table>', 1, '2023-09-30 13:42:59', NULL),
	(284, '127.0.0.1', 'Mozilla/5.0 (Windows NT 10.0; Win64; x64) AppleWebKit/537.36 (KHTML, like Gecko) Chrome/117.0.0.0 Safari/537.36', 'http://127.0.0.1:8000/admin/logout', 'admin@crudbooster.com se desconectó', '', 1, '2023-09-30 13:44:16', NULL),
	(285, '127.0.0.1', 'Mozilla/5.0 (Windows NT 10.0; Win64; x64) AppleWebKit/537.36 (KHTML, like Gecko) Chrome/117.0.0.0 Safari/537.36', 'http://127.0.0.1:8000/admin/login', 'Ingreso de admin@crudbooster.com desde la Dirección IP 127.0.0.1', '', 1, '2023-10-01 00:28:22', NULL),
	(286, '127.0.0.1', 'Mozilla/5.0 (Windows NT 10.0; Win64; x64) AppleWebKit/537.36 (KHTML, like Gecko) Chrome/117.0.0.0 Safari/537.36', 'http://127.0.0.1:8000/admin/users/edit-save/1', 'Actualizar información Super admin en Usuarios', '<table class="table table-striped"><thead><tr><th>Key</th><th>Old Value</th><th>New Value</th></thead><tbody><tr><td>password</td><td>$2y$10$UJ/PAbWNgllS9Anym0xfVOA071xnLs08nDflcPqaEPDKFUci2I7uW</td><td>$2y$10$BBAME72cm4CpRxkekW7LTe/iP152yTo7niA0fZ6aMuUFuYN4xP/3m</td></tr><tr><td>theme_color</td><td>light-skin-primary</td><td>dark-skin-navi</td></tr><tr><td>status</td><td>Active</td><td></td></tr></tbody></table>', 1, '2023-10-01 00:28:44', NULL),
	(287, '127.0.0.1', 'Mozilla/5.0 (Windows NT 10.0; Win64; x64) AppleWebKit/537.36 (KHTML, like Gecko) Chrome/117.0.0.0 Safari/537.36', 'http://127.0.0.1:8000/admin/users/edit-save/3', 'Actualizar información MARIO en Usuarios', '<table class="table table-striped"><thead><tr><th>Key</th><th>Old Value</th><th>New Value</th></thead><tbody><tr><td>password</td><td>$2y$10$HPo/hqHQnpZllH7bXE1RA.AHJonbCGJqeyW2D9YlGnGUNFOHZlGSm</td><td></td></tr></tbody></table>', 1, '2023-10-01 00:28:54', NULL),
	(288, '127.0.0.1', 'Mozilla/5.0 (Windows NT 10.0; Win64; x64) AppleWebKit/537.36 (KHTML, like Gecko) Chrome/117.0.0.0 Safari/537.36', 'http://127.0.0.1:8000/admin/trabajadores/edit-save/4', 'Actualizar información  en Trabajadores', '<table class="table table-striped"><thead><tr><th>Key</th><th>Old Value</th><th>New Value</th></thead><tbody></tbody></table>', 1, '2023-10-01 00:29:03', NULL),
	(289, '127.0.0.1', 'Mozilla/5.0 (Windows NT 10.0; Win64; x64) AppleWebKit/537.36 (KHTML, like Gecko) Chrome/117.0.0.0 Safari/537.36', 'http://127.0.0.1:8000/admin/contratos/edit-save/9', 'Actualizar información  en Contratos', '<table class="table table-striped"><thead><tr><th>Key</th><th>Old Value</th><th>New Value</th></thead><tbody><tr><td>id_periodo_pago</td><td>2</td><td></td></tr><tr><td>id_cargo</td><td></td><td></td></tr><tr><td>monto</td><td>1500</td><td></td></tr><tr><td>id_referencia</td><td>0</td><td></td></tr><tr><td>referencia</td><td>CTO-TM-20230927065115-0009</td><td></td></tr><tr><td>fecha_inicio</td><td>2023-09-14</td><td></td></tr><tr><td>fecha_fin</td><td></td><td></td></tr><tr><td>listable</td><td>0</td><td></td></tr></tbody></table>', 1, '2023-10-01 00:29:11', NULL),
	(290, '127.0.0.1', 'Mozilla/5.0 (Windows NT 10.0; Win64; x64) AppleWebKit/537.36 (KHTML, like Gecko) Chrome/117.0.0.0 Safari/537.36', 'http://127.0.0.1:8000/admin/actividads/edit-save/1', 'Actualizar información  en Actividades', '<table class="table table-striped"><thead><tr><th>Key</th><th>Old Value</th><th>New Value</th></thead><tbody><tr><td>fecha_inicio</td><td></td><td></td></tr><tr><td>fecha_fin</td><td></td><td></td></tr><tr><td>fecha_hora_inicio</td><td></td><td></td></tr><tr><td>fecha_hora_fin</td><td></td><td></td></tr><tr><td>fecha_programacion</td><td>2023-09-20 16:37:00</td><td>2023-09-20T16:37</td></tr><tr><td>id_mina</td><td></td><td></td></tr><tr><td>id_yacimiento</td><td></td><td></td></tr></tbody></table>', 1, '2023-10-01 00:29:20', NULL),
	(291, '127.0.0.1', 'Mozilla/5.0 (Windows NT 10.0; Win64; x64) AppleWebKit/537.36 (KHTML, like Gecko) Chrome/117.0.0.0 Safari/537.36', 'http://127.0.0.1:8000/admin/setting_tipo_ingresos/add-save', 'Añadir nueva información  en Setting tipo ingresos', '', 1, '2023-10-01 00:33:10', NULL),
	(292, '127.0.0.1', 'Mozilla/5.0 (Windows NT 10.0; Win64; x64) AppleWebKit/537.36 (KHTML, like Gecko) Chrome/117.0.0.0 Safari/537.36', 'http://127.0.0.1:8000/admin/setting_tipo_ingresos/add-save', 'Añadir nueva información  en Setting tipo ingresos', '', 1, '2023-10-01 00:35:37', NULL),
	(293, '127.0.0.1', 'Mozilla/5.0 (Windows NT 10.0; Win64; x64) AppleWebKit/537.36 (KHTML, like Gecko) Chrome/117.0.0.0 Safari/537.36', 'http://127.0.0.1:8000/admin/ingresos/add-save', 'Añadir nueva información  en Ingresos', '', 1, '2023-10-01 00:38:45', NULL),
	(294, '127.0.0.1', 'Mozilla/5.0 (Windows NT 10.0; Win64; x64) AppleWebKit/537.36 (KHTML, like Gecko) Chrome/117.0.0.0 Safari/537.36', 'http://127.0.0.1:8000/admin/login', 'Ingreso de admin@crudbooster.com desde la Dirección IP 127.0.0.1', '', 1, '2023-10-01 05:46:03', NULL),
	(295, '127.0.0.1', 'Mozilla/5.0 (Windows NT 10.0; Win64; x64) AppleWebKit/537.36 (KHTML, like Gecko) Chrome/117.0.0.0 Safari/537.36', 'http://127.0.0.1:8000/admin/login', 'Ingreso de admin@crudbooster.com desde la Dirección IP 127.0.0.1', '', 1, '2023-10-01 13:50:27', NULL),
	(296, '127.0.0.1', 'Mozilla/5.0 (Windows NT 10.0; Win64; x64) AppleWebKit/537.36 (KHTML, like Gecko) Chrome/117.0.0.0 Safari/537.36', 'http://127.0.0.1:8000/admin/ingresos/add-save', 'Añadir nueva información  en Ingresos', '', 1, '2023-10-01 13:50:52', NULL),
	(297, '127.0.0.1', 'Mozilla/5.0 (Windows NT 10.0; Win64; x64) AppleWebKit/537.36 (KHTML, like Gecko) Chrome/117.0.0.0 Safari/537.36', 'http://127.0.0.1:8000/admin/ingresos/add-save', 'Añadir nueva información  en Ingresos', '', 1, '2023-10-01 13:51:41', NULL),
	(298, '127.0.0.1', 'Mozilla/5.0 (Windows NT 10.0; Win64; x64) AppleWebKit/537.36 (KHTML, like Gecko) Chrome/117.0.0.0 Safari/537.36', 'http://127.0.0.1:8000/admin/setting_tipo_pagos/edit-save/3', 'Actualizar información  en Setting tipo pagos', '<table class="table table-striped"><thead><tr><th>Key</th><th>Old Value</th><th>New Value</th></thead><tbody><tr><td>nombre</td><td>Depósito</td><td>DEPÓSITO</td></tr></tbody></table>', 1, '2023-10-01 13:58:34', NULL),
	(299, '127.0.0.1', 'Mozilla/5.0 (Windows NT 10.0; Win64; x64) AppleWebKit/537.36 (KHTML, like Gecko) Chrome/117.0.0.0 Safari/537.36', 'http://127.0.0.1:8000/admin/setting_tipo_pagos/edit-save/2', 'Actualizar información  en Setting tipo pagos', '<table class="table table-striped"><thead><tr><th>Key</th><th>Old Value</th><th>New Value</th></thead><tbody><tr><td>nombre</td><td>Transferencia bancaria</td><td>TRANSFERENCIA</td></tr></tbody></table>', 1, '2023-10-01 13:58:48', NULL),
	(300, '127.0.0.1', 'Mozilla/5.0 (Windows NT 10.0; Win64; x64) AppleWebKit/537.36 (KHTML, like Gecko) Chrome/117.0.0.0 Safari/537.36', 'http://127.0.0.1:8000/admin/setting_tipo_pagos/edit-save/1', 'Actualizar información  en Setting tipo pagos', '<table class="table table-striped"><thead><tr><th>Key</th><th>Old Value</th><th>New Value</th></thead><tbody><tr><td>nombre</td><td>Efectivo</td><td>EFECTIVO</td></tr></tbody></table>', 1, '2023-10-01 13:58:57', NULL),
	(301, '127.0.0.1', 'Mozilla/5.0 (Windows NT 10.0; Win64; x64) AppleWebKit/537.36 (KHTML, like Gecko) Chrome/117.0.0.0 Safari/537.36', 'http://127.0.0.1:8000/admin/ingresos/edit-save/2', 'Actualizar información  en Ingresos', '<table class="table table-striped"><thead><tr><th>Key</th><th>Old Value</th><th>New Value</th></thead><tbody><tr><td>referencia</td><td></td><td></td></tr><tr><td>referencias</td><td>ajd</td><td>CUOTAS MEN DE AGOSTO</td></tr></tbody></table>', 1, '2023-10-01 14:02:40', NULL),
	(302, '127.0.0.1', 'Mozilla/5.0 (Windows NT 10.0; Win64; x64) AppleWebKit/537.36 (KHTML, like Gecko) Chrome/117.0.0.0 Safari/537.36', 'http://127.0.0.1:8000/admin/ingresos/edit-save/3', 'Actualizar información  en Ingresos', '<table class="table table-striped"><thead><tr><th>Key</th><th>Old Value</th><th>New Value</th></thead><tbody><tr><td>referencia</td><td></td><td></td></tr><tr><td>referencias</td><td>APORTE</td><td>APORTE MES DE JULIO</td></tr></tbody></table>', 1, '2023-10-01 14:02:51', NULL),
	(303, '127.0.0.1', 'Mozilla/5.0 (Windows NT 10.0; Win64; x64) AppleWebKit/537.36 (KHTML, like Gecko) Chrome/117.0.0.0 Safari/537.36', 'http://127.0.0.1:8000/admin/setting_tipo_egresos/add-save', 'Añadir nueva información  en Setting tipo egresos', '', 1, '2023-10-01 14:05:33', NULL),
	(304, '127.0.0.1', 'Mozilla/5.0 (Windows NT 10.0; Win64; x64) AppleWebKit/537.36 (KHTML, like Gecko) Chrome/117.0.0.0 Safari/537.36', 'http://127.0.0.1:8000/admin/egresos/add-save', 'Añadir nueva información  en Egresos', '', 1, '2023-10-01 14:06:25', NULL),
	(305, '127.0.0.1', 'Mozilla/5.0 (Windows NT 10.0; Win64; x64) AppleWebKit/537.36 (KHTML, like Gecko) Chrome/117.0.0.0 Safari/537.36', 'http://127.0.0.1:8000/admin/users/add-save', 'Añadir nueva información JAIME en Usuarios', '', 1, '2023-10-01 21:44:06', NULL),
	(306, '127.0.0.1', 'Mozilla/5.0 (Windows NT 10.0; Win64; x64) AppleWebKit/537.36 (KHTML, like Gecko) Chrome/117.0.0.0 Safari/537.36', 'http://127.0.0.1:8000/admin/login', 'Ingreso de Jaymmehc777@outlook.com desde la Dirección IP 127.0.0.1', '', 4, '2023-10-01 21:44:20', NULL),
	(307, '127.0.0.1', 'Mozilla/5.0 (Windows NT 10.0; Win64; x64) AppleWebKit/537.36 (KHTML, like Gecko) Chrome/117.0.0.0 Safari/537.36', 'http://127.0.0.1:8000/admin/trabajadores', 'Intentar ver :name en Trabajadores', '', 4, '2023-10-01 21:44:29', NULL),
	(308, '127.0.0.1', 'Mozilla/5.0 (Windows NT 10.0; Win64; x64) AppleWebKit/537.36 (KHTML, like Gecko) Chrome/117.0.0.0 Safari/537.36', 'http://127.0.0.1:8000/admin/ingresos', 'Intentar ver :name en Ingresos', '', 4, '2023-10-01 21:44:35', NULL),
	(309, '127.0.0.1', 'Mozilla/5.0 (Windows NT 10.0; Win64; x64) AppleWebKit/537.36 (KHTML, like Gecko) Chrome/117.0.0.0 Safari/537.36', 'http://127.0.0.1:8000/admin/pagos', 'Intentar ver :name en Pagos', '', 4, '2023-10-01 21:44:38', NULL),
	(310, '127.0.0.1', 'Mozilla/5.0 (Windows NT 10.0; Win64; x64) AppleWebKit/537.36 (KHTML, like Gecko) Chrome/117.0.0.0 Safari/537.36', 'http://127.0.0.1:8000/admin/yacimientos', 'Intentar ver :name en Yacimientos', '', 4, '2023-10-01 21:44:41', NULL),
	(311, '127.0.0.1', 'Mozilla/5.0 (Windows NT 10.0; Win64; x64) AppleWebKit/537.36 (KHTML, like Gecko) Chrome/117.0.0.0 Safari/537.36', 'http://127.0.0.1:8000/admin/sliders/add-save', 'Añadir nueva información  en Sliders', '', 1, '2023-10-01 21:53:59', NULL),
	(312, '127.0.0.1', 'Mozilla/5.0 (Windows NT 10.0; Win64; x64) AppleWebKit/537.36 (KHTML, like Gecko) Chrome/117.0.0.0 Safari/537.36', 'http://127.0.0.1:8000/admin/login', 'Ingreso de admin@crudbooster.com desde la Dirección IP 127.0.0.1', '', 1, '2023-10-02 03:16:48', NULL),
	(313, '127.0.0.1', 'Mozilla/5.0 (Windows NT 10.0; Win64; x64) AppleWebKit/537.36 (KHTML, like Gecko) Chrome/117.0.0.0 Safari/537.36', 'http://127.0.0.1:8000/admin/users/edit-save/4', 'Actualizar información JAIME en Usuarios', '<table class="table table-striped"><thead><tr><th>Key</th><th>Old Value</th><th>New Value</th></thead><tbody><tr><td>password</td><td>$2y$10$Gqz86wLGSwmxd5hnqT/g/e7UzYoljZnCzy/zaCBxVKYNNRNFOBST6</td><td></td></tr><tr><td>theme_color</td><td>dark-skin-navi</td><td>light-skin-primary</td></tr></tbody></table>', 1, '2023-10-02 03:25:33', NULL),
	(314, '127.0.0.1', 'Mozilla/5.0 (Windows NT 10.0; Win64; x64) AppleWebKit/537.36 (KHTML, like Gecko) Chrome/117.0.0.0 Safari/537.36', 'http://127.0.0.1:8000/admin/actividads/edit-save/1', 'Actualizar información  en Actividades', '<table class="table table-striped"><thead><tr><th>Key</th><th>Old Value</th><th>New Value</th></thead><tbody><tr><td>id_grupo</td><td>0</td><td></td></tr><tr><td>fecha_inicio</td><td></td><td></td></tr><tr><td>fecha_fin</td><td></td><td></td></tr><tr><td>fecha_hora_inicio</td><td></td><td></td></tr><tr><td>fecha_hora_fin</td><td></td><td></td></tr><tr><td>fecha_programacion</td><td>2023-09-20 16:37:00</td><td>2023-09-20T16:37</td></tr><tr><td>id_mina</td><td></td><td></td></tr><tr><td>id_yacimiento</td><td></td><td></td></tr><tr><td>es_asistencia</td><td>0</td><td>1</td></tr></tbody></table>', 1, '2023-10-02 03:36:53', NULL),
	(315, '127.0.0.1', 'Mozilla/5.0 (Windows NT 10.0; Win64; x64) AppleWebKit/537.36 (KHTML, like Gecko) Chrome/117.0.0.0 Safari/537.36', 'http://127.0.0.1:8000/admin/actividads/edit-save/1', 'Actualizar información  en Actividades', '<table class="table table-striped"><thead><tr><th>Key</th><th>Old Value</th><th>New Value</th></thead><tbody><tr><td>id_grupo</td><td>0</td><td></td></tr><tr><td>fecha_inicio</td><td></td><td></td></tr><tr><td>fecha_fin</td><td></td><td></td></tr><tr><td>fecha_hora_inicio</td><td></td><td></td></tr><tr><td>fecha_hora_fin</td><td></td><td></td></tr><tr><td>fecha_programacion</td><td>2023-09-20 16:37:00</td><td>2023-09-20T16:37</td></tr><tr><td>id_mina</td><td></td><td></td></tr><tr><td>id_yacimiento</td><td></td><td></td></tr></tbody></table>', 1, '2023-10-02 03:37:51', NULL),
	(316, '127.0.0.1', 'Mozilla/5.0 (Windows NT 10.0; Win64; x64) AppleWebKit/537.36 (KHTML, like Gecko) Chrome/117.0.0.0 Safari/537.36', 'http://127.0.0.1:8000/admin/actividads/add-save', 'Añadir nueva información  en Actividades', '', 1, '2023-10-02 03:39:00', NULL),
	(317, '127.0.0.1', 'Mozilla/5.0 (Windows NT 10.0; Win64; x64) AppleWebKit/537.36 (KHTML, like Gecko) Chrome/117.0.0.0 Safari/537.36', 'http://127.0.0.1:8000/admin/actividads/add-save', 'Añadir nueva información  en Actividades', '', 1, '2023-10-02 03:40:27', NULL),
	(318, '127.0.0.1', 'Mozilla/5.0 (Windows NT 10.0; Win64; x64) AppleWebKit/537.36 (KHTML, like Gecko) Chrome/117.0.0.0 Safari/537.36', 'http://127.0.0.1:8000/admin/actividads/add-save', 'Añadir nueva información  en Actividades', '', 1, '2023-10-02 03:42:56', NULL),
	(319, '127.0.0.1', 'Mozilla/5.0 (Windows NT 10.0; Win64; x64) AppleWebKit/537.36 (KHTML, like Gecko) Chrome/117.0.0.0 Safari/537.36', 'http://127.0.0.1:8000/admin/integrantes/add-save', 'Añadir nueva información  en Integrantes', '', 1, '2023-10-02 04:14:48', NULL),
	(320, '127.0.0.1', 'Mozilla/5.0 (Windows NT 10.0; Win64; x64) AppleWebKit/537.36 (KHTML, like Gecko) Chrome/117.0.0.0 Safari/537.36', 'http://127.0.0.1:8000/admin/integrantes/add-save', 'Añadir nueva información  en Integrantes', '', 1, '2023-10-02 04:14:56', NULL),
	(321, '127.0.0.1', 'Mozilla/5.0 (Windows NT 10.0; Win64; x64) AppleWebKit/537.36 (KHTML, like Gecko) Chrome/117.0.0.0 Safari/537.36', 'http://127.0.0.1:8000/admin/login', 'Ingreso de admin@crudbooster.com desde la Dirección IP 127.0.0.1', '', 1, '2023-10-05 12:44:19', NULL),
	(322, '127.0.0.1', 'Mozilla/5.0 (Windows NT 10.0; Win64; x64) AppleWebKit/537.36 (KHTML, like Gecko) Chrome/117.0.0.0 Safari/537.36', 'http://127.0.0.1:8000/admin/trabajadores/edit-save/4', 'Actualizar información  en Trabajadores', '<table class="table table-striped"><thead><tr><th>Key</th><th>Old Value</th><th>New Value</th></thead><tbody><tr><td>nro_documento</td><td>70871202</td><td>70872605</td></tr><tr><td>nombres</td><td>THALIA ISABEL</td><td>EMERSON MAICOL</td></tr><tr><td>apellidos</td><td>MEJIA HUANCA</td><td>ÑAUPA PARIONA</td></tr><tr><td>nombre_completo</td><td>MEJIA HUANCA, THALIA ISABEL</td><td>ÑAUPA PARIONA, EMERSON MAICOL</td></tr></tbody></table>', 1, '2023-10-05 12:53:07', NULL),
	(323, '127.0.0.1', 'Mozilla/5.0 (Windows NT 10.0; Win64; x64) AppleWebKit/537.36 (KHTML, like Gecko) Chrome/117.0.0.0 Safari/537.36', 'http://127.0.0.1:8000/admin/login', 'Ingreso de admin@crudbooster.com desde la Dirección IP 127.0.0.1', '', 1, '2023-10-05 23:36:25', NULL),
	(324, '127.0.0.1', 'Mozilla/5.0 (Windows NT 10.0; Win64; x64) AppleWebKit/537.36 (KHTML, like Gecko) Chrome/117.0.0.0 Safari/537.36', 'http://127.0.0.1:8000/admin/users/add-save', 'Añadir nueva información we wewefwef en Usuarios', '', 1, '2023-10-06 00:25:23', NULL),
	(325, '127.0.0.1', 'Mozilla/5.0 (Windows NT 10.0; Win64; x64) AppleWebKit/537.36 (KHTML, like Gecko) Chrome/117.0.0.0 Safari/537.36', 'http://127.0.0.1:8000/admin/users/edit-save/5', 'Actualizar información we wewefwef en Usuarios', '<table class="table table-striped"><thead><tr><th>Key</th><th>Old Value</th><th>New Value</th></thead><tbody><tr><td>apellidos</td><td>rtnrt rt wfwefwe</td><td>rtnrt rt wfwefwe we w</td></tr><tr><td>nombre_completo</td><td>rtnrt rt wfwefwe, we wewefwef</td><td>rtnrt rt wfwefwe we w, we wewefwef</td></tr><tr><td>email</td><td>y@uyucrudbooster.com</td><td>y@uyucrudbooster.com354e54ew3r</td></tr></tbody></table>', 1, '2023-10-06 00:25:34', NULL),
	(326, '127.0.0.1', 'Mozilla/5.0 (Windows NT 10.0; Win64; x64) AppleWebKit/537.36 (KHTML, like Gecko) Chrome/117.0.0.0 Safari/537.36', 'http://127.0.0.1:8000/admin/users/edit-save/5', 'Actualizar información we wewefwef en Usuarios', '<table class="table table-striped"><thead><tr><th>Key</th><th>Old Value</th><th>New Value</th></thead><tbody><tr><td>email</td><td>y@uyucrudbooster.com354e54ew3r</td><td>y@uyucrudbooster.com</td></tr></tbody></table>', 1, '2023-10-06 00:25:42', NULL),
	(327, '127.0.0.1', 'Mozilla/5.0 (Windows NT 10.0; Win64; x64) AppleWebKit/537.36 (KHTML, like Gecko) Chrome/117.0.0.0 Safari/537.36', 'http://127.0.0.1:8000/admin/users/delete/5', 'Eliminar información we wewefwef en Usuarios', '', 1, '2023-10-06 00:28:02', NULL),
	(328, '127.0.0.1', 'Mozilla/5.0 (Windows NT 10.0; Win64; x64) AppleWebKit/537.36 (KHTML, like Gecko) Chrome/117.0.0.0 Safari/537.36', 'http://127.0.0.1:8000/admin/users/edit-save/4', 'Actualizar información JAIME en Usuarios', '<table class="table table-striped"><thead><tr><th>Key</th><th>Old Value</th><th>New Value</th></thead><tbody><tr><td>password</td><td>$2y$10$Gqz86wLGSwmxd5hnqT/g/e7UzYoljZnCzy/zaCBxVKYNNRNFOBST6</td><td></td></tr></tbody></table>', 1, '2023-10-06 00:32:00', NULL),
	(329, '127.0.0.1', 'Mozilla/5.0 (Windows NT 10.0; Win64; x64) AppleWebKit/537.36 (KHTML, like Gecko) Chrome/117.0.0.0 Safari/537.36', 'http://127.0.0.1:8000/admin/contratos/add-save', 'Añadir nueva información  en Contratos', '', 1, '2023-10-06 01:40:16', NULL),
	(330, '127.0.0.1', 'Mozilla/5.0 (Windows NT 10.0; Win64; x64) AppleWebKit/537.36 (KHTML, like Gecko) Chrome/117.0.0.0 Safari/537.36', 'http://127.0.0.1:8000/admin/setting_tiempo_contratos/add-save', 'Añadir nueva información  en Setting tiempo contratos', '', 1, '2023-10-06 02:21:24', NULL),
	(331, '127.0.0.1', 'Mozilla/5.0 (Windows NT 10.0; Win64; x64) AppleWebKit/537.36 (KHTML, like Gecko) Chrome/117.0.0.0 Safari/537.36', 'http://127.0.0.1:8000/admin/setting_tiempo_contratos/add-save', 'Añadir nueva información  en Setting tiempo contratos', '', 1, '2023-10-06 02:21:30', NULL),
	(332, '127.0.0.1', 'Mozilla/5.0 (Windows NT 10.0; Win64; x64) AppleWebKit/537.36 (KHTML, like Gecko) Chrome/117.0.0.0 Safari/537.36', 'http://127.0.0.1:8000/admin/setting_tiempo_contratos/add-save', 'Añadir nueva información  en Setting tiempo contratos', '', 1, '2023-10-06 02:22:13', NULL),
	(333, '127.0.0.1', 'Mozilla/5.0 (Windows NT 10.0; Win64; x64) AppleWebKit/537.36 (KHTML, like Gecko) Chrome/117.0.0.0 Safari/537.36', 'http://127.0.0.1:8000/admin/setting_tiempo_contratos/add-save', 'Añadir nueva información  en Setting tiempo contratos', '', 1, '2023-10-06 02:22:21', NULL),
	(334, '127.0.0.1', 'Mozilla/5.0 (Windows NT 10.0; Win64; x64) AppleWebKit/537.36 (KHTML, like Gecko) Chrome/117.0.0.0 Safari/537.36', 'http://127.0.0.1:8000/admin/setting_tiempo_contratos/add-save', 'Añadir nueva información  en Setting tiempo contratos', '', 1, '2023-10-06 02:22:56', NULL),
	(335, '127.0.0.1', 'Mozilla/5.0 (Windows NT 10.0; Win64; x64) AppleWebKit/537.36 (KHTML, like Gecko) Chrome/117.0.0.0 Safari/537.36', 'http://127.0.0.1:8000/admin/setting_tiempo_contratos/add-save', 'Añadir nueva información  en Setting tiempo contratos', '', 1, '2023-10-06 02:23:08', NULL),
	(336, '127.0.0.1', 'Mozilla/5.0 (Windows NT 10.0; Win64; x64) AppleWebKit/537.36 (KHTML, like Gecko) Chrome/117.0.0.0 Safari/537.36', 'http://127.0.0.1:8000/admin/setting_tiempo_contratos/add-save', 'Añadir nueva información  en Setting tiempo contratos', '', 1, '2023-10-06 02:23:40', NULL),
	(337, '127.0.0.1', 'Mozilla/5.0 (Windows NT 10.0; Win64; x64) AppleWebKit/537.36 (KHTML, like Gecko) Chrome/117.0.0.0 Safari/537.36', 'http://127.0.0.1:8000/admin/setting_tiempo_contratos/edit-save/1', 'Actualizar información  en Setting tiempo contratos', '<table class="table table-striped"><thead><tr><th>Key</th><th>Old Value</th><th>New Value</th></thead><tbody><tr><td>valor</td><td>0</td><td>1</td></tr></tbody></table>', 1, '2023-10-06 02:25:44', NULL),
	(338, '127.0.0.1', 'Mozilla/5.0 (Windows NT 10.0; Win64; x64) AppleWebKit/537.36 (KHTML, like Gecko) Chrome/117.0.0.0 Safari/537.36', 'http://127.0.0.1:8000/admin/setting_tiempo_contratos/edit-save/2', 'Actualizar información  en Setting tiempo contratos', '<table class="table table-striped"><thead><tr><th>Key</th><th>Old Value</th><th>New Value</th></thead><tbody><tr><td>valor</td><td>0</td><td>2</td></tr></tbody></table>', 1, '2023-10-06 02:25:50', NULL),
	(339, '127.0.0.1', 'Mozilla/5.0 (Windows NT 10.0; Win64; x64) AppleWebKit/537.36 (KHTML, like Gecko) Chrome/117.0.0.0 Safari/537.36', 'http://127.0.0.1:8000/admin/setting_tiempo_contratos/edit-save/7', 'Actualizar información  en Setting tiempo contratos', '<table class="table table-striped"><thead><tr><th>Key</th><th>Old Value</th><th>New Value</th></thead><tbody><tr><td>valor</td><td>0</td><td>3</td></tr></tbody></table>', 1, '2023-10-06 02:25:56', NULL),
	(340, '127.0.0.1', 'Mozilla/5.0 (Windows NT 10.0; Win64; x64) AppleWebKit/537.36 (KHTML, like Gecko) Chrome/117.0.0.0 Safari/537.36', 'http://127.0.0.1:8000/admin/setting_tiempo_contratos/edit-save/3', 'Actualizar información  en Setting tiempo contratos', '<table class="table table-striped"><thead><tr><th>Key</th><th>Old Value</th><th>New Value</th></thead><tbody><tr><td>valor</td><td>0</td><td>1</td></tr></tbody></table>', 1, '2023-10-06 02:26:03', NULL),
	(341, '127.0.0.1', 'Mozilla/5.0 (Windows NT 10.0; Win64; x64) AppleWebKit/537.36 (KHTML, like Gecko) Chrome/117.0.0.0 Safari/537.36', 'http://127.0.0.1:8000/admin/setting_tiempo_contratos/edit-save/4', 'Actualizar información  en Setting tiempo contratos', '<table class="table table-striped"><thead><tr><th>Key</th><th>Old Value</th><th>New Value</th></thead><tbody><tr><td>valor</td><td>0</td><td>2</td></tr></tbody></table>', 1, '2023-10-06 02:26:07', NULL),
	(342, '127.0.0.1', 'Mozilla/5.0 (Windows NT 10.0; Win64; x64) AppleWebKit/537.36 (KHTML, like Gecko) Chrome/117.0.0.0 Safari/537.36', 'http://127.0.0.1:8000/admin/setting_tiempo_contratos/edit-save/5', 'Actualizar información  en Setting tiempo contratos', '<table class="table table-striped"><thead><tr><th>Key</th><th>Old Value</th><th>New Value</th></thead><tbody><tr><td>valor</td><td>0</td><td>3</td></tr></tbody></table>', 1, '2023-10-06 02:26:13', NULL),
	(343, '127.0.0.1', 'Mozilla/5.0 (Windows NT 10.0; Win64; x64) AppleWebKit/537.36 (KHTML, like Gecko) Chrome/117.0.0.0 Safari/537.36', 'http://127.0.0.1:8000/admin/setting_tiempo_contratos/edit-save/6', 'Actualizar información  en Setting tiempo contratos', '<table class="table table-striped"><thead><tr><th>Key</th><th>Old Value</th><th>New Value</th></thead><tbody><tr><td>valor</td><td>0</td><td>6</td></tr></tbody></table>', 1, '2023-10-06 02:26:19', NULL),
	(344, '127.0.0.1', 'Mozilla/5.0 (Windows NT 10.0; Win64; x64) AppleWebKit/537.36 (KHTML, like Gecko) Chrome/117.0.0.0 Safari/537.36', 'http://127.0.0.1:8000/admin/login', 'Ingreso de admin@crudbooster.com desde la Dirección IP 127.0.0.1', '', 1, '2023-10-06 14:02:04', NULL),
	(345, '127.0.0.1', 'Mozilla/5.0 (Windows NT 10.0; Win64; x64) AppleWebKit/537.36 (KHTML, like Gecko) Chrome/117.0.0.0 Safari/537.36', 'http://127.0.0.1:8000/admin/setting_periodo_pagos/add-save', 'Añadir nueva información  en Setting periodo pagos', '', 1, '2023-10-06 14:19:37', NULL),
	(346, '127.0.0.1', 'Mozilla/5.0 (Windows NT 10.0; Win64; x64) AppleWebKit/537.36 (KHTML, like Gecko) Chrome/117.0.0.0 Safari/537.36', 'http://127.0.0.1:8000/admin/logout', 'admin@crudbooster.com se desconectó', '', 1, '2023-10-06 14:49:58', NULL),
	(347, '127.0.0.1', 'Mozilla/5.0 (Windows NT 10.0; Win64; x64) AppleWebKit/537.36 (KHTML, like Gecko) Chrome/117.0.0.0 Safari/537.36', 'http://127.0.0.1:8000/admin/login', 'Ingreso de admin@crudbooster.com desde la Dirección IP 127.0.0.1', '', 1, '2023-10-06 14:50:03', NULL),
	(348, '127.0.0.1', 'Mozilla/5.0 (Windows NT 10.0; Win64; x64) AppleWebKit/537.36 (KHTML, like Gecko) Chrome/117.0.0.0 Safari/537.36', 'http://127.0.0.1:8000/admin/logout', 'admin@crudbooster.com se desconectó', '', 1, '2023-10-06 14:50:08', NULL),
	(349, '127.0.0.1', 'Mozilla/5.0 (Windows NT 10.0; Win64; x64) AppleWebKit/537.36 (KHTML, like Gecko) Chrome/117.0.0.0 Safari/537.36', 'http://127.0.0.1:8000/admin/login', 'Ingreso de admin@crudbooster.com desde la Dirección IP 127.0.0.1', '', 1, '2023-10-06 14:50:15', NULL),
	(350, '127.0.0.1', 'Mozilla/5.0 (Windows NT 10.0; Win64; x64) AppleWebKit/537.36 (KHTML, like Gecko) Chrome/117.0.0.0 Safari/537.36', 'http://127.0.0.1:8000/admin/login', 'Ingreso de admin@crudbooster.com desde la Dirección IP 127.0.0.1', '', 1, '2023-10-06 17:40:41', NULL),
	(351, '127.0.0.1', 'Mozilla/5.0 (Windows NT 10.0; Win64; x64) AppleWebKit/537.36 (KHTML, like Gecko) Chrome/117.0.0.0 Safari/537.36', 'http://127.0.0.1:8000/admin/login', 'Ingreso de admin@crudbooster.com desde la Dirección IP 127.0.0.1', '', 1, '2023-10-07 23:18:20', NULL),
	(352, '127.0.0.1', 'Mozilla/5.0 (Windows NT 10.0; Win64; x64) AppleWebKit/537.36 (KHTML, like Gecko) Chrome/117.0.0.0 Safari/537.36', 'http://127.0.0.1:8000/admin/setting_tiempo_contratos/add-save', 'Añadir nueva información  en Setting tiempo contratos', '', 1, '2023-10-07 23:47:05', NULL),
	(353, '127.0.0.1', 'Mozilla/5.0 (Windows NT 10.0; Win64; x64) AppleWebKit/537.36 (KHTML, like Gecko) Chrome/117.0.0.0 Safari/537.36', 'http://127.0.0.1:8000/admin/setting_tiempo_contratos/edit-save/8', 'Actualizar información  en Setting tiempo contratos', '<table class="table table-striped"><thead><tr><th>Key</th><th>Old Value</th><th>New Value</th></thead><tbody><tr><td>nombre</td><td>QUINCENAL</td><td>15 DIAS</td></tr></tbody></table>', 1, '2023-10-07 23:48:01', NULL),
	(354, '127.0.0.1', 'Mozilla/5.0 (Windows NT 10.0; Win64; x64) AppleWebKit/537.36 (KHTML, like Gecko) Chrome/117.0.0.0 Safari/537.36', 'http://127.0.0.1:8000/admin/dia_festivos/add-save', 'Añadir nueva información  en Dias festivos', '', 1, '2023-10-08 00:17:50', NULL),
	(355, '127.0.0.1', 'Mozilla/5.0 (Windows NT 10.0; Win64; x64) AppleWebKit/537.36 (KHTML, like Gecko) Chrome/117.0.0.0 Safari/537.36', 'http://127.0.0.1:8000/admin/dia_festivos/add-save', 'Añadir nueva información  en Dias festivos', '', 1, '2023-10-08 00:18:04', NULL),
	(356, '127.0.0.1', 'Mozilla/5.0 (Windows NT 10.0; Win64; x64) AppleWebKit/537.36 (KHTML, like Gecko) Chrome/117.0.0.0 Safari/537.36', 'http://127.0.0.1:8000/admin/menu_management/delete/42', 'Eliminar información Setting tiempo contratos en Gestión de Menús', '', 1, '2023-10-08 00:19:12', NULL),
	(357, '127.0.0.1', 'Mozilla/5.0 (Windows NT 10.0; Win64; x64) AppleWebKit/537.36 (KHTML, like Gecko) Chrome/117.0.0.0 Safari/537.36', 'http://127.0.0.1:8000/admin/login', 'Ingreso de admin@crudbooster.com desde la Dirección IP 127.0.0.1', '', 1, '2023-10-08 12:05:16', NULL),
	(358, '127.0.0.1', 'Mozilla/5.0 (Windows NT 10.0; Win64; x64) AppleWebKit/537.36 (KHTML, like Gecko) Chrome/117.0.0.0 Safari/537.36', 'http://127.0.0.1:8000/admin/contratos/add-save', 'Añadir nueva información  en Contratos', '', 1, '2023-10-08 12:29:13', NULL),
	(359, '127.0.0.1', 'Mozilla/5.0 (Windows NT 10.0; Win64; x64) AppleWebKit/537.36 (KHTML, like Gecko) Chrome/117.0.0.0 Safari/537.36', 'http://127.0.0.1:8000/admin/contratos/delete/14', 'Eliminar información 14 en Contratos', '', 1, '2023-10-08 12:31:07', NULL),
	(360, '127.0.0.1', 'Mozilla/5.0 (Windows NT 10.0; Win64; x64) AppleWebKit/537.36 (KHTML, like Gecko) Chrome/117.0.0.0 Safari/537.36', 'http://127.0.0.1:8000/admin/contratos/delete/13', 'Eliminar información 13 en Contratos', '', 1, '2023-10-08 12:31:10', NULL),
	(361, '127.0.0.1', 'Mozilla/5.0 (Windows NT 10.0; Win64; x64) AppleWebKit/537.36 (KHTML, like Gecko) Chrome/117.0.0.0 Safari/537.36', 'http://127.0.0.1:8000/admin/contratos/delete/12', 'Eliminar información 12 en Contratos', '', 1, '2023-10-08 12:31:14', NULL),
	(362, '127.0.0.1', 'Mozilla/5.0 (Windows NT 10.0; Win64; x64) AppleWebKit/537.36 (KHTML, like Gecko) Chrome/117.0.0.0 Safari/537.36', 'http://127.0.0.1:8000/admin/contratos/delete/11', 'Eliminar información 11 en Contratos', '', 1, '2023-10-08 12:31:18', NULL),
	(363, '127.0.0.1', 'Mozilla/5.0 (Windows NT 10.0; Win64; x64) AppleWebKit/537.36 (KHTML, like Gecko) Chrome/117.0.0.0 Safari/537.36', 'http://127.0.0.1:8000/admin/contratos/delete/10', 'Eliminar información 10 en Contratos', '', 1, '2023-10-08 12:31:22', NULL),
	(364, '127.0.0.1', 'Mozilla/5.0 (Windows NT 10.0; Win64; x64) AppleWebKit/537.36 (KHTML, like Gecko) Chrome/117.0.0.0 Safari/537.36', 'http://127.0.0.1:8000/admin/contratos/delete/9', 'Eliminar información 9 en Contratos', '', 1, '2023-10-08 12:31:27', NULL),
	(365, '127.0.0.1', 'Mozilla/5.0 (Windows NT 10.0; Win64; x64) AppleWebKit/537.36 (KHTML, like Gecko) Chrome/117.0.0.0 Safari/537.36', 'http://127.0.0.1:8000/admin/contratos/delete/2', 'Eliminar información 2 en Contratos', '', 1, '2023-10-08 12:31:37', NULL),
	(366, '127.0.0.1', 'Mozilla/5.0 (Windows NT 10.0; Win64; x64) AppleWebKit/537.36 (KHTML, like Gecko) Chrome/117.0.0.0 Safari/537.36', 'http://127.0.0.1:8000/admin/contratos/delete/5', 'Eliminar información 5 en Contratos', '', 1, '2023-10-08 12:31:45', NULL),
	(367, '127.0.0.1', 'Mozilla/5.0 (Windows NT 10.0; Win64; x64) AppleWebKit/537.36 (KHTML, like Gecko) Chrome/117.0.0.0 Safari/537.36', 'http://127.0.0.1:8000/admin/contratos/delete/6', 'Eliminar información 6 en Contratos', '', 1, '2023-10-08 12:31:50', NULL),
	(368, '127.0.0.1', 'Mozilla/5.0 (Windows NT 10.0; Win64; x64) AppleWebKit/537.36 (KHTML, like Gecko) Chrome/117.0.0.0 Safari/537.36', 'http://127.0.0.1:8000/admin/contratos/delete/4', 'Eliminar información 4 en Contratos', '', 1, '2023-10-08 12:31:54', NULL),
	(369, '127.0.0.1', 'Mozilla/5.0 (Windows NT 10.0; Win64; x64) AppleWebKit/537.36 (KHTML, like Gecko) Chrome/117.0.0.0 Safari/537.36', 'http://127.0.0.1:8000/admin/contratos/delete/7', 'Eliminar información 7 en Contratos', '', 1, '2023-10-08 12:32:03', NULL),
	(370, '127.0.0.1', 'Mozilla/5.0 (Windows NT 10.0; Win64; x64) AppleWebKit/537.36 (KHTML, like Gecko) Chrome/117.0.0.0 Safari/537.36', 'http://127.0.0.1:8000/admin/contratos/delete/4', 'Eliminar información 4 en Contratos', '', 1, '2023-10-08 12:32:09', NULL),
	(371, '127.0.0.1', 'Mozilla/5.0 (Windows NT 10.0; Win64; x64) AppleWebKit/537.36 (KHTML, like Gecko) Chrome/117.0.0.0 Safari/537.36', 'http://127.0.0.1:8000/admin/contratos/delete/9', 'Eliminar información 9 en Contratos', '', 1, '2023-10-08 12:32:21', NULL),
	(372, '127.0.0.1', 'Mozilla/5.0 (Windows NT 10.0; Win64; x64) AppleWebKit/537.36 (KHTML, like Gecko) Chrome/117.0.0.0 Safari/537.36', 'http://127.0.0.1:8000/admin/contratos/delete/8', 'Eliminar información 8 en Contratos', '', 1, '2023-10-08 12:32:32', NULL),
	(373, '127.0.0.1', 'Mozilla/5.0 (Windows NT 10.0; Win64; x64) AppleWebKit/537.36 (KHTML, like Gecko) Chrome/117.0.0.0 Safari/537.36', 'http://127.0.0.1:8000/admin/contratos/delete/2', 'Eliminar información 2 en Contratos', '', 1, '2023-10-08 12:32:37', NULL),
	(374, '127.0.0.1', 'Mozilla/5.0 (Windows NT 10.0; Win64; x64) AppleWebKit/537.36 (KHTML, like Gecko) Chrome/117.0.0.0 Safari/537.36', 'http://127.0.0.1:8000/admin/contratos/add-save', 'Añadir nueva información  en Contratos', '', 1, '2023-10-08 12:35:41', NULL),
	(375, '127.0.0.1', 'Mozilla/5.0 (Windows NT 10.0; Win64; x64) AppleWebKit/537.36 (KHTML, like Gecko) Chrome/117.0.0.0 Safari/537.36', 'http://127.0.0.1:8000/admin/contratos/add-save', 'Añadir nueva información  en Contratos', '', 1, '2023-10-08 12:38:13', NULL),
	(376, '127.0.0.1', 'Mozilla/5.0 (Windows NT 10.0; Win64; x64) AppleWebKit/537.36 (KHTML, like Gecko) Chrome/117.0.0.0 Safari/537.36', 'http://127.0.0.1:8000/admin/contratos/delete/18', 'Eliminar información 18 en Contratos', '', 1, '2023-10-08 12:39:22', NULL),
	(377, '127.0.0.1', 'Mozilla/5.0 (Windows NT 10.0; Win64; x64) AppleWebKit/537.36 (KHTML, like Gecko) Chrome/117.0.0.0 Safari/537.36', 'http://127.0.0.1:8000/admin/pagos_personal/delete/16', 'Eliminar información 16 en Pagos', '', 1, '2023-10-08 12:39:48', NULL),
	(378, '127.0.0.1', 'Mozilla/5.0 (Windows NT 10.0; Win64; x64) AppleWebKit/537.36 (KHTML, like Gecko) Chrome/117.0.0.0 Safari/537.36', 'http://127.0.0.1:8000/admin/pagos_personal/delete/14', 'Eliminar información 14 en Pagos', '', 1, '2023-10-08 12:40:06', NULL),
	(379, '127.0.0.1', 'Mozilla/5.0 (Windows NT 10.0; Win64; x64) AppleWebKit/537.36 (KHTML, like Gecko) Chrome/117.0.0.0 Safari/537.36', 'http://127.0.0.1:8000/admin/pagos_personal/delete/4', 'Eliminar información 4 en Pagos', '', 1, '2023-10-08 12:40:24', NULL),
	(380, '127.0.0.1', 'Mozilla/5.0 (Windows NT 10.0; Win64; x64) AppleWebKit/537.36 (KHTML, like Gecko) Chrome/117.0.0.0 Safari/537.36', 'http://127.0.0.1:8000/admin/contratos/delete/2', 'Eliminar información 2 en Contratos', '', 1, '2023-10-08 12:40:30', NULL),
	(381, '127.0.0.1', 'Mozilla/5.0 (Windows NT 10.0; Win64; x64) AppleWebKit/537.36 (KHTML, like Gecko) Chrome/117.0.0.0 Safari/537.36', 'http://127.0.0.1:8000/admin/contratos/delete/18', 'Eliminar información 18 en Contratos', '', 1, '2023-10-08 12:40:33', NULL),
	(382, '127.0.0.1', 'Mozilla/5.0 (Windows NT 10.0; Win64; x64) AppleWebKit/537.36 (KHTML, like Gecko) Chrome/117.0.0.0 Safari/537.36', 'http://127.0.0.1:8000/admin/contratos/delete/17', 'Eliminar información 17 en Contratos', '', 1, '2023-10-08 12:40:37', NULL),
	(383, '127.0.0.1', 'Mozilla/5.0 (Windows NT 10.0; Win64; x64) AppleWebKit/537.36 (KHTML, like Gecko) Chrome/117.0.0.0 Safari/537.36', 'http://127.0.0.1:8000/admin/contratos/delete/16', 'Eliminar información 16 en Contratos', '', 1, '2023-10-08 12:40:41', NULL),
	(384, '127.0.0.1', 'Mozilla/5.0 (Windows NT 10.0; Win64; x64) AppleWebKit/537.36 (KHTML, like Gecko) Chrome/117.0.0.0 Safari/537.36', 'http://127.0.0.1:8000/admin/contratos/delete/15', 'Eliminar información 15 en Contratos', '', 1, '2023-10-08 12:40:45', NULL),
	(385, '127.0.0.1', 'Mozilla/5.0 (Windows NT 10.0; Win64; x64) AppleWebKit/537.36 (KHTML, like Gecko) Chrome/117.0.0.0 Safari/537.36', 'http://127.0.0.1:8000/admin/contratos/delete/9', 'Eliminar información 9 en Contratos', '', 1, '2023-10-08 12:40:49', NULL),
	(386, '127.0.0.1', 'Mozilla/5.0 (Windows NT 10.0; Win64; x64) AppleWebKit/537.36 (KHTML, like Gecko) Chrome/117.0.0.0 Safari/537.36', 'http://127.0.0.1:8000/admin/contratos/delete/4', 'Eliminar información 4 en Contratos', '', 1, '2023-10-08 12:40:55', NULL),
	(387, '127.0.0.1', 'Mozilla/5.0 (Windows NT 10.0; Win64; x64) AppleWebKit/537.36 (KHTML, like Gecko) Chrome/117.0.0.0 Safari/537.36', 'http://127.0.0.1:8000/admin/pagos_personal/delete/13', 'Eliminar información 13 en Pagos', '', 1, '2023-10-08 12:41:39', NULL),
	(388, '127.0.0.1', 'Mozilla/5.0 (Windows NT 10.0; Win64; x64) AppleWebKit/537.36 (KHTML, like Gecko) Chrome/117.0.0.0 Safari/537.36', 'http://127.0.0.1:8000/admin/pagos_personal/delete/12', 'Eliminar información 12 en Pagos', '', 1, '2023-10-08 12:41:43', NULL),
	(389, '127.0.0.1', 'Mozilla/5.0 (Windows NT 10.0; Win64; x64) AppleWebKit/537.36 (KHTML, like Gecko) Chrome/117.0.0.0 Safari/537.36', 'http://127.0.0.1:8000/admin/pagos_personal/delete/11', 'Eliminar información 11 en Pagos', '', 1, '2023-10-08 12:41:46', NULL),
	(390, '127.0.0.1', 'Mozilla/5.0 (Windows NT 10.0; Win64; x64) AppleWebKit/537.36 (KHTML, like Gecko) Chrome/117.0.0.0 Safari/537.36', 'http://127.0.0.1:8000/admin/pagos_personal/delete/10', 'Eliminar información 10 en Pagos', '', 1, '2023-10-08 12:41:49', NULL),
	(391, '127.0.0.1', 'Mozilla/5.0 (Windows NT 10.0; Win64; x64) AppleWebKit/537.36 (KHTML, like Gecko) Chrome/117.0.0.0 Safari/537.36', 'http://127.0.0.1:8000/admin/pagos_personal/delete/9', 'Eliminar información 9 en Pagos', '', 1, '2023-10-08 12:41:51', NULL),
	(392, '127.0.0.1', 'Mozilla/5.0 (Windows NT 10.0; Win64; x64) AppleWebKit/537.36 (KHTML, like Gecko) Chrome/117.0.0.0 Safari/537.36', 'http://127.0.0.1:8000/admin/pagos_personal/delete/8', 'Eliminar información 8 en Pagos', '', 1, '2023-10-08 12:41:54', NULL),
	(393, '127.0.0.1', 'Mozilla/5.0 (Windows NT 10.0; Win64; x64) AppleWebKit/537.36 (KHTML, like Gecko) Chrome/117.0.0.0 Safari/537.36', 'http://127.0.0.1:8000/admin/pagos_personal/delete/7', 'Eliminar información 7 en Pagos', '', 1, '2023-10-08 12:41:56', NULL),
	(394, '127.0.0.1', 'Mozilla/5.0 (Windows NT 10.0; Win64; x64) AppleWebKit/537.36 (KHTML, like Gecko) Chrome/117.0.0.0 Safari/537.36', 'http://127.0.0.1:8000/admin/pagos_personal/delete/6', 'Eliminar información 6 en Pagos', '', 1, '2023-10-08 12:42:00', NULL),
	(395, '127.0.0.1', 'Mozilla/5.0 (Windows NT 10.0; Win64; x64) AppleWebKit/537.36 (KHTML, like Gecko) Chrome/117.0.0.0 Safari/537.36', 'http://127.0.0.1:8000/admin/contratos/delete/3', 'Eliminar información 3 en Contratos', '', 1, '2023-10-08 12:42:08', NULL),
	(396, '127.0.0.1', 'Mozilla/5.0 (Windows NT 10.0; Win64; x64) AppleWebKit/537.36 (KHTML, like Gecko) Chrome/117.0.0.0 Safari/537.36', 'http://127.0.0.1:8000/admin/pagos_personal/delete/5', 'Eliminar información 5 en Pagos', '', 1, '2023-10-08 12:42:18', NULL),
	(397, '127.0.0.1', 'Mozilla/5.0 (Windows NT 10.0; Win64; x64) AppleWebKit/537.36 (KHTML, like Gecko) Chrome/117.0.0.0 Safari/537.36', 'http://127.0.0.1:8000/admin/contratos/delete/3', 'Eliminar información 3 en Contratos', '', 1, '2023-10-08 12:42:26', NULL),
	(398, '127.0.0.1', 'Mozilla/5.0 (Windows NT 10.0; Win64; x64) AppleWebKit/537.36 (KHTML, like Gecko) Chrome/117.0.0.0 Safari/537.36', 'http://127.0.0.1:8000/admin/contratos/delete/4', 'Eliminar información 4 en Contratos', '', 1, '2023-10-08 12:42:29', NULL),
	(399, '127.0.0.1', 'Mozilla/5.0 (Windows NT 10.0; Win64; x64) AppleWebKit/537.36 (KHTML, like Gecko) Chrome/117.0.0.0 Safari/537.36', 'http://127.0.0.1:8000/admin/pagos_personal/delete/3', 'Eliminar información 3 en Pagos', '', 1, '2023-10-08 12:42:39', NULL),
	(400, '127.0.0.1', 'Mozilla/5.0 (Windows NT 10.0; Win64; x64) AppleWebKit/537.36 (KHTML, like Gecko) Chrome/117.0.0.0 Safari/537.36', 'http://127.0.0.1:8000/admin/pagos_personal/delete/2', 'Eliminar información 2 en Pagos', '', 1, '2023-10-08 12:42:42', NULL),
	(401, '127.0.0.1', 'Mozilla/5.0 (Windows NT 10.0; Win64; x64) AppleWebKit/537.36 (KHTML, like Gecko) Chrome/117.0.0.0 Safari/537.36', 'http://127.0.0.1:8000/admin/pagos_personal/delete/1', 'Eliminar información 1 en Pagos', '', 1, '2023-10-08 12:42:45', NULL),
	(402, '127.0.0.1', 'Mozilla/5.0 (Windows NT 10.0; Win64; x64) AppleWebKit/537.36 (KHTML, like Gecko) Chrome/117.0.0.0 Safari/537.36', 'http://127.0.0.1:8000/admin/contratos/delete/9', 'Eliminar información 9 en Contratos', '', 1, '2023-10-08 12:42:55', NULL),
	(403, '127.0.0.1', 'Mozilla/5.0 (Windows NT 10.0; Win64; x64) AppleWebKit/537.36 (KHTML, like Gecko) Chrome/117.0.0.0 Safari/537.36', 'http://127.0.0.1:8000/admin/contratos/delete/4', 'Eliminar información 4 en Contratos', '', 1, '2023-10-08 12:43:02', NULL),
	(404, '127.0.0.1', 'Mozilla/5.0 (Windows NT 10.0; Win64; x64) AppleWebKit/537.36 (KHTML, like Gecko) Chrome/117.0.0.0 Safari/537.36', 'http://127.0.0.1:8000/admin/contratos/add-save', 'Añadir nueva información  en Contratos', '', 1, '2023-10-08 12:43:21', NULL),
	(405, '127.0.0.1', 'Mozilla/5.0 (Windows NT 10.0; Win64; x64) AppleWebKit/537.36 (KHTML, like Gecko) Chrome/117.0.0.0 Safari/537.36', 'http://127.0.0.1:8000/admin/contratos/add-save', 'Añadir nueva información  en Contratos', '', 1, '2023-10-08 12:46:59', NULL),
	(406, '127.0.0.1', 'Mozilla/5.0 (Windows NT 10.0; Win64; x64) AppleWebKit/537.36 (KHTML, like Gecko) Chrome/117.0.0.0 Safari/537.36', 'http://127.0.0.1:8000/admin/pagos_personal/delete/18', 'Eliminar información 18 en Pagos', '', 1, '2023-10-08 12:48:37', NULL),
	(407, '127.0.0.1', 'Mozilla/5.0 (Windows NT 10.0; Win64; x64) AppleWebKit/537.36 (KHTML, like Gecko) Chrome/117.0.0.0 Safari/537.36', 'http://127.0.0.1:8000/admin/pagos_personal/delete/19', 'Eliminar información 19 en Pagos', '', 1, '2023-10-08 12:48:51', NULL),
	(408, '127.0.0.1', 'Mozilla/5.0 (Windows NT 10.0; Win64; x64) AppleWebKit/537.36 (KHTML, like Gecko) Chrome/117.0.0.0 Safari/537.36', 'http://127.0.0.1:8000/admin/pagos_personal/delete/23', 'Eliminar información 23 en Pagos', '', 1, '2023-10-08 12:48:53', NULL),
	(409, '127.0.0.1', 'Mozilla/5.0 (Windows NT 10.0; Win64; x64) AppleWebKit/537.36 (KHTML, like Gecko) Chrome/117.0.0.0 Safari/537.36', 'http://127.0.0.1:8000/admin/pagos_personal/delete/22', 'Eliminar información 22 en Pagos', '', 1, '2023-10-08 12:48:56', NULL),
	(410, '127.0.0.1', 'Mozilla/5.0 (Windows NT 10.0; Win64; x64) AppleWebKit/537.36 (KHTML, like Gecko) Chrome/117.0.0.0 Safari/537.36', 'http://127.0.0.1:8000/admin/pagos_personal/delete/21', 'Eliminar información 21 en Pagos', '', 1, '2023-10-08 12:48:59', NULL),
	(411, '127.0.0.1', 'Mozilla/5.0 (Windows NT 10.0; Win64; x64) AppleWebKit/537.36 (KHTML, like Gecko) Chrome/117.0.0.0 Safari/537.36', 'http://127.0.0.1:8000/admin/pagos_personal/delete/20', 'Eliminar información 20 en Pagos', '', 1, '2023-10-08 12:49:02', NULL),
	(412, '127.0.0.1', 'Mozilla/5.0 (Windows NT 10.0; Win64; x64) AppleWebKit/537.36 (KHTML, like Gecko) Chrome/117.0.0.0 Safari/537.36', 'http://127.0.0.1:8000/admin/pagos_personal/delete/17', 'Eliminar información 17 en Pagos', '', 1, '2023-10-08 12:49:14', NULL),
	(413, '127.0.0.1', 'Mozilla/5.0 (Windows NT 10.0; Win64; x64) AppleWebKit/537.36 (KHTML, like Gecko) Chrome/117.0.0.0 Safari/537.36', 'http://127.0.0.1:8000/admin/contratos/delete/19', 'Eliminar información 19 en Contratos', '', 1, '2023-10-08 12:49:20', NULL),
	(414, '127.0.0.1', 'Mozilla/5.0 (Windows NT 10.0; Win64; x64) AppleWebKit/537.36 (KHTML, like Gecko) Chrome/117.0.0.0 Safari/537.36', 'http://127.0.0.1:8000/admin/contratos/delete/20', 'Eliminar información 20 en Contratos', '', 1, '2023-10-08 12:49:24', NULL),
	(415, '127.0.0.1', 'Mozilla/5.0 (Windows NT 10.0; Win64; x64) AppleWebKit/537.36 (KHTML, like Gecko) Chrome/117.0.0.0 Safari/537.36', 'http://127.0.0.1:8000/admin/contratos/add-save', 'Añadir nueva información  en Contratos', '', 1, '2023-10-08 12:49:56', NULL),
	(416, '127.0.0.1', 'Mozilla/5.0 (Windows NT 10.0; Win64; x64) AppleWebKit/537.36 (KHTML, like Gecko) Chrome/117.0.0.0 Safari/537.36', 'http://127.0.0.1:8000/admin/contratos/delete/22', 'Eliminar información 22 en Contratos', '', 1, '2023-10-08 13:03:59', NULL),
	(417, '127.0.0.1', 'Mozilla/5.0 (Windows NT 10.0; Win64; x64) AppleWebKit/537.36 (KHTML, like Gecko) Chrome/117.0.0.0 Safari/537.36', 'http://127.0.0.1:8000/admin/pagos_personal/delete/24', 'Eliminar información 24 en Pagos', '', 1, '2023-10-08 13:04:08', NULL),
	(418, '127.0.0.1', 'Mozilla/5.0 (Windows NT 10.0; Win64; x64) AppleWebKit/537.36 (KHTML, like Gecko) Chrome/117.0.0.0 Safari/537.36', 'http://127.0.0.1:8000/admin/pagos_personal/delete/29', 'Eliminar información 29 en Pagos', '', 1, '2023-10-08 13:04:18', NULL),
	(419, '127.0.0.1', 'Mozilla/5.0 (Windows NT 10.0; Win64; x64) AppleWebKit/537.36 (KHTML, like Gecko) Chrome/117.0.0.0 Safari/537.36', 'http://127.0.0.1:8000/admin/pagos_personal/delete/28', 'Eliminar información 28 en Pagos', '', 1, '2023-10-08 13:04:22', NULL),
	(420, '127.0.0.1', 'Mozilla/5.0 (Windows NT 10.0; Win64; x64) AppleWebKit/537.36 (KHTML, like Gecko) Chrome/117.0.0.0 Safari/537.36', 'http://127.0.0.1:8000/admin/pagos_personal/delete/27', 'Eliminar información 27 en Pagos', '', 1, '2023-10-08 13:04:25', NULL),
	(421, '127.0.0.1', 'Mozilla/5.0 (Windows NT 10.0; Win64; x64) AppleWebKit/537.36 (KHTML, like Gecko) Chrome/117.0.0.0 Safari/537.36', 'http://127.0.0.1:8000/admin/pagos_personal/delete/26', 'Eliminar información 26 en Pagos', '', 1, '2023-10-08 13:04:28', NULL),
	(422, '127.0.0.1', 'Mozilla/5.0 (Windows NT 10.0; Win64; x64) AppleWebKit/537.36 (KHTML, like Gecko) Chrome/117.0.0.0 Safari/537.36', 'http://127.0.0.1:8000/admin/pagos_personal/delete/25', 'Eliminar información 25 en Pagos', '', 1, '2023-10-08 13:04:31', NULL),
	(423, '127.0.0.1', 'Mozilla/5.0 (Windows NT 10.0; Win64; x64) AppleWebKit/537.36 (KHTML, like Gecko) Chrome/117.0.0.0 Safari/537.36', 'http://127.0.0.1:8000/admin/contratos/delete/21', 'Eliminar información 21 en Contratos', '', 1, '2023-10-08 13:04:37', NULL),
	(424, '127.0.0.1', 'Mozilla/5.0 (Windows NT 10.0; Win64; x64) AppleWebKit/537.36 (KHTML, like Gecko) Chrome/117.0.0.0 Safari/537.36', 'http://127.0.0.1:8000/admin/contratos/add-save', 'Añadir nueva información  en Contratos', '', 1, '2023-10-08 13:04:53', NULL),
	(425, '127.0.0.1', 'Mozilla/5.0 (Windows NT 10.0; Win64; x64) AppleWebKit/537.36 (KHTML, like Gecko) Chrome/117.0.0.0 Safari/537.36', 'http://127.0.0.1:8000/admin/pagos_personal/delete/35', 'Eliminar información 35 en Pagos', '', 1, '2023-10-08 13:12:32', NULL),
	(426, '127.0.0.1', 'Mozilla/5.0 (Windows NT 10.0; Win64; x64) AppleWebKit/537.36 (KHTML, like Gecko) Chrome/117.0.0.0 Safari/537.36', 'http://127.0.0.1:8000/admin/pagos_personal/delete/34', 'Eliminar información 34 en Pagos', '', 1, '2023-10-08 13:12:36', NULL),
	(427, '127.0.0.1', 'Mozilla/5.0 (Windows NT 10.0; Win64; x64) AppleWebKit/537.36 (KHTML, like Gecko) Chrome/117.0.0.0 Safari/537.36', 'http://127.0.0.1:8000/admin/pagos_personal/delete/33', 'Eliminar información 33 en Pagos', '', 1, '2023-10-08 13:12:40', NULL),
	(428, '127.0.0.1', 'Mozilla/5.0 (Windows NT 10.0; Win64; x64) AppleWebKit/537.36 (KHTML, like Gecko) Chrome/117.0.0.0 Safari/537.36', 'http://127.0.0.1:8000/admin/pagos_personal/delete/32', 'Eliminar información 32 en Pagos', '', 1, '2023-10-08 13:12:44', NULL),
	(429, '127.0.0.1', 'Mozilla/5.0 (Windows NT 10.0; Win64; x64) AppleWebKit/537.36 (KHTML, like Gecko) Chrome/117.0.0.0 Safari/537.36', 'http://127.0.0.1:8000/admin/pagos_personal/delete/31', 'Eliminar información 31 en Pagos', '', 1, '2023-10-08 13:12:48', NULL),
	(430, '127.0.0.1', 'Mozilla/5.0 (Windows NT 10.0; Win64; x64) AppleWebKit/537.36 (KHTML, like Gecko) Chrome/117.0.0.0 Safari/537.36', 'http://127.0.0.1:8000/admin/pagos_personal/delete/30', 'Eliminar información 30 en Pagos', '', 1, '2023-10-08 13:12:52', NULL),
	(431, '127.0.0.1', 'Mozilla/5.0 (Windows NT 10.0; Win64; x64) AppleWebKit/537.36 (KHTML, like Gecko) Chrome/117.0.0.0 Safari/537.36', 'http://127.0.0.1:8000/admin/contratos/delete/23', 'Eliminar información 23 en Contratos', '', 1, '2023-10-08 13:12:59', NULL),
	(432, '127.0.0.1', 'Mozilla/5.0 (Windows NT 10.0; Win64; x64) AppleWebKit/537.36 (KHTML, like Gecko) Chrome/117.0.0.0 Safari/537.36', 'http://127.0.0.1:8000/admin/contratos/add-save', 'Añadir nueva información  en Contratos', '', 1, '2023-10-08 13:13:12', NULL),
	(433, '127.0.0.1', 'Mozilla/5.0 (Windows NT 10.0; Win64; x64) AppleWebKit/537.36 (KHTML, like Gecko) Chrome/117.0.0.0 Safari/537.36', 'http://127.0.0.1:8000/admin/pagos_personal/delete/47', 'Eliminar información 47 en Pagos', '', 1, '2023-10-08 13:13:57', NULL),
	(434, '127.0.0.1', 'Mozilla/5.0 (Windows NT 10.0; Win64; x64) AppleWebKit/537.36 (KHTML, like Gecko) Chrome/117.0.0.0 Safari/537.36', 'http://127.0.0.1:8000/admin/pagos_personal/delete/46', 'Eliminar información 46 en Pagos', '', 1, '2023-10-08 13:14:02', NULL),
	(435, '127.0.0.1', 'Mozilla/5.0 (Windows NT 10.0; Win64; x64) AppleWebKit/537.36 (KHTML, like Gecko) Chrome/117.0.0.0 Safari/537.36', 'http://127.0.0.1:8000/admin/pagos_personal/delete/45', 'Eliminar información 45 en Pagos', '', 1, '2023-10-08 13:14:05', NULL),
	(436, '127.0.0.1', 'Mozilla/5.0 (Windows NT 10.0; Win64; x64) AppleWebKit/537.36 (KHTML, like Gecko) Chrome/117.0.0.0 Safari/537.36', 'http://127.0.0.1:8000/admin/pagos_personal/delete/44', 'Eliminar información 44 en Pagos', '', 1, '2023-10-08 13:14:09', NULL),
	(437, '127.0.0.1', 'Mozilla/5.0 (Windows NT 10.0; Win64; x64) AppleWebKit/537.36 (KHTML, like Gecko) Chrome/117.0.0.0 Safari/537.36', 'http://127.0.0.1:8000/admin/pagos_personal/delete/43', 'Eliminar información 43 en Pagos', '', 1, '2023-10-08 13:14:12', NULL),
	(438, '127.0.0.1', 'Mozilla/5.0 (Windows NT 10.0; Win64; x64) AppleWebKit/537.36 (KHTML, like Gecko) Chrome/117.0.0.0 Safari/537.36', 'http://127.0.0.1:8000/admin/pagos_personal/delete/42', 'Eliminar información 42 en Pagos', '', 1, '2023-10-08 13:14:15', NULL),
	(439, '127.0.0.1', 'Mozilla/5.0 (Windows NT 10.0; Win64; x64) AppleWebKit/537.36 (KHTML, like Gecko) Chrome/117.0.0.0 Safari/537.36', 'http://127.0.0.1:8000/admin/pagos_personal/delete/41', 'Eliminar información 41 en Pagos', '', 1, '2023-10-08 13:14:20', NULL),
	(440, '127.0.0.1', 'Mozilla/5.0 (Windows NT 10.0; Win64; x64) AppleWebKit/537.36 (KHTML, like Gecko) Chrome/117.0.0.0 Safari/537.36', 'http://127.0.0.1:8000/admin/pagos_personal/delete/40', 'Eliminar información 40 en Pagos', '', 1, '2023-10-08 13:14:52', NULL),
	(441, '127.0.0.1', 'Mozilla/5.0 (Windows NT 10.0; Win64; x64) AppleWebKit/537.36 (KHTML, like Gecko) Chrome/117.0.0.0 Safari/537.36', 'http://127.0.0.1:8000/admin/pagos_personal/delete/39', 'Eliminar información 39 en Pagos', '', 1, '2023-10-08 13:14:55', NULL),
	(442, '127.0.0.1', 'Mozilla/5.0 (Windows NT 10.0; Win64; x64) AppleWebKit/537.36 (KHTML, like Gecko) Chrome/117.0.0.0 Safari/537.36', 'http://127.0.0.1:8000/admin/pagos_personal/delete/38', 'Eliminar información 38 en Pagos', '', 1, '2023-10-08 13:14:59', NULL),
	(443, '127.0.0.1', 'Mozilla/5.0 (Windows NT 10.0; Win64; x64) AppleWebKit/537.36 (KHTML, like Gecko) Chrome/117.0.0.0 Safari/537.36', 'http://127.0.0.1:8000/admin/pagos_personal/delete/37', 'Eliminar información 37 en Pagos', '', 1, '2023-10-08 13:15:04', NULL),
	(444, '127.0.0.1', 'Mozilla/5.0 (Windows NT 10.0; Win64; x64) AppleWebKit/537.36 (KHTML, like Gecko) Chrome/117.0.0.0 Safari/537.36', 'http://127.0.0.1:8000/admin/pagos_personal/delete/36', 'Eliminar información 36 en Pagos', '', 1, '2023-10-08 13:15:09', NULL),
	(445, '127.0.0.1', 'Mozilla/5.0 (Windows NT 10.0; Win64; x64) AppleWebKit/537.36 (KHTML, like Gecko) Chrome/117.0.0.0 Safari/537.36', 'http://127.0.0.1:8000/admin/contratos/delete/24', 'Eliminar información 24 en Contratos', '', 1, '2023-10-08 13:15:15', NULL),
	(446, '127.0.0.1', 'Mozilla/5.0 (Windows NT 10.0; Win64; x64) AppleWebKit/537.36 (KHTML, like Gecko) Chrome/117.0.0.0 Safari/537.36', 'http://127.0.0.1:8000/admin/contratos/add-save', 'Añadir nueva información  en Contratos', '', 1, '2023-10-08 13:15:31', NULL),
	(447, '127.0.0.1', 'Mozilla/5.0 (Windows NT 10.0; Win64; x64) AppleWebKit/537.36 (KHTML, like Gecko) Chrome/117.0.0.0 Safari/537.36', 'http://127.0.0.1:8000/admin/pagos_personal/delete/54', 'Eliminar información 54 en Pagos', '', 1, '2023-10-08 13:21:56', NULL),
	(448, '127.0.0.1', 'Mozilla/5.0 (Windows NT 10.0; Win64; x64) AppleWebKit/537.36 (KHTML, like Gecko) Chrome/117.0.0.0 Safari/537.36', 'http://127.0.0.1:8000/admin/pagos_personal/delete/59', 'Eliminar información 59 en Pagos', '', 1, '2023-10-08 13:21:59', NULL),
	(449, '127.0.0.1', 'Mozilla/5.0 (Windows NT 10.0; Win64; x64) AppleWebKit/537.36 (KHTML, like Gecko) Chrome/117.0.0.0 Safari/537.36', 'http://127.0.0.1:8000/admin/pagos_personal/delete/58', 'Eliminar información 58 en Pagos', '', 1, '2023-10-08 13:22:02', NULL),
	(450, '127.0.0.1', 'Mozilla/5.0 (Windows NT 10.0; Win64; x64) AppleWebKit/537.36 (KHTML, like Gecko) Chrome/117.0.0.0 Safari/537.36', 'http://127.0.0.1:8000/admin/pagos_personal/delete/57', 'Eliminar información 57 en Pagos', '', 1, '2023-10-08 13:22:05', NULL),
	(451, '127.0.0.1', 'Mozilla/5.0 (Windows NT 10.0; Win64; x64) AppleWebKit/537.36 (KHTML, like Gecko) Chrome/117.0.0.0 Safari/537.36', 'http://127.0.0.1:8000/admin/pagos_personal/delete/56', 'Eliminar información 56 en Pagos', '', 1, '2023-10-08 13:22:09', NULL),
	(452, '127.0.0.1', 'Mozilla/5.0 (Windows NT 10.0; Win64; x64) AppleWebKit/537.36 (KHTML, like Gecko) Chrome/117.0.0.0 Safari/537.36', 'http://127.0.0.1:8000/admin/pagos_personal/delete/55', 'Eliminar información 55 en Pagos', '', 1, '2023-10-08 13:22:12', NULL),
	(453, '127.0.0.1', 'Mozilla/5.0 (Windows NT 10.0; Win64; x64) AppleWebKit/537.36 (KHTML, like Gecko) Chrome/117.0.0.0 Safari/537.36', 'http://127.0.0.1:8000/admin/pagos_personal/delete/53', 'Eliminar información 53 en Pagos', '', 1, '2023-10-08 13:22:15', NULL),
	(454, '127.0.0.1', 'Mozilla/5.0 (Windows NT 10.0; Win64; x64) AppleWebKit/537.36 (KHTML, like Gecko) Chrome/117.0.0.0 Safari/537.36', 'http://127.0.0.1:8000/admin/pagos_personal/delete/52', 'Eliminar información 52 en Pagos', '', 1, '2023-10-08 13:22:18', NULL),
	(455, '127.0.0.1', 'Mozilla/5.0 (Windows NT 10.0; Win64; x64) AppleWebKit/537.36 (KHTML, like Gecko) Chrome/117.0.0.0 Safari/537.36', 'http://127.0.0.1:8000/admin/pagos_personal/delete/51', 'Eliminar información 51 en Pagos', '', 1, '2023-10-08 13:22:21', NULL),
	(456, '127.0.0.1', 'Mozilla/5.0 (Windows NT 10.0; Win64; x64) AppleWebKit/537.36 (KHTML, like Gecko) Chrome/117.0.0.0 Safari/537.36', 'http://127.0.0.1:8000/admin/pagos_personal/delete/50', 'Eliminar información 50 en Pagos', '', 1, '2023-10-08 13:22:24', NULL),
	(457, '127.0.0.1', 'Mozilla/5.0 (Windows NT 10.0; Win64; x64) AppleWebKit/537.36 (KHTML, like Gecko) Chrome/117.0.0.0 Safari/537.36', 'http://127.0.0.1:8000/admin/pagos_personal/delete/49', 'Eliminar información 49 en Pagos', '', 1, '2023-10-08 13:22:27', NULL),
	(458, '127.0.0.1', 'Mozilla/5.0 (Windows NT 10.0; Win64; x64) AppleWebKit/537.36 (KHTML, like Gecko) Chrome/117.0.0.0 Safari/537.36', 'http://127.0.0.1:8000/admin/pagos_personal/delete/48', 'Eliminar información 48 en Pagos', '', 1, '2023-10-08 13:22:31', NULL),
	(459, '127.0.0.1', 'Mozilla/5.0 (Windows NT 10.0; Win64; x64) AppleWebKit/537.36 (KHTML, like Gecko) Chrome/117.0.0.0 Safari/537.36', 'http://127.0.0.1:8000/admin/contratos/delete/25', 'Eliminar información 25 en Contratos', '', 1, '2023-10-08 13:22:38', NULL),
	(460, '127.0.0.1', 'Mozilla/5.0 (Windows NT 10.0; Win64; x64) AppleWebKit/537.36 (KHTML, like Gecko) Chrome/117.0.0.0 Safari/537.36', 'http://127.0.0.1:8000/admin/contratos/add-save', 'Añadir nueva información  en Contratos', '', 1, '2023-10-08 13:22:57', NULL),
	(461, '127.0.0.1', 'Mozilla/5.0 (Windows NT 10.0; Win64; x64) AppleWebKit/537.36 (KHTML, like Gecko) Chrome/117.0.0.0 Safari/537.36', 'http://127.0.0.1:8000/admin/contratos/add-save', 'Añadir nueva información  en Contratos', '', 1, '2023-10-08 13:24:08', NULL),
	(462, '127.0.0.1', 'Mozilla/5.0 (Windows NT 10.0; Win64; x64) AppleWebKit/537.36 (KHTML, like Gecko) Chrome/117.0.0.0 Safari/537.36', 'http://127.0.0.1:8000/admin/contratos/add-save', 'Añadir nueva información  en Contratos', '', 1, '2023-10-08 13:27:09', NULL),
	(463, '127.0.0.1', 'Mozilla/5.0 (Windows NT 10.0; Win64; x64) AppleWebKit/537.36 (KHTML, like Gecko) Chrome/117.0.0.0 Safari/537.36', 'http://127.0.0.1:8000/admin/contratos/add-save', 'Añadir nueva información  en Contratos', '', 1, '2023-10-08 13:29:28', NULL),
	(464, '127.0.0.1', 'Mozilla/5.0 (Windows NT 10.0; Win64; x64) AppleWebKit/537.36 (KHTML, like Gecko) Chrome/117.0.0.0 Safari/537.36', 'http://127.0.0.1:8000/admin/contratos/add-save', 'Añadir nueva información  en Contratos', '', 1, '2023-10-08 13:30:55', NULL),
	(465, '127.0.0.1', 'Mozilla/5.0 (Windows NT 10.0; Win64; x64) AppleWebKit/537.36 (KHTML, like Gecko) Chrome/117.0.0.0 Safari/537.36', 'http://127.0.0.1:8000/admin/login', 'Ingreso de admin@crudbooster.com desde la Dirección IP 127.0.0.1', '', 1, '2023-10-08 19:55:22', NULL),
	(466, '127.0.0.1', 'Mozilla/5.0 (Windows NT 10.0; Win64; x64) AppleWebKit/537.36 (KHTML, like Gecko) Chrome/117.0.0.0 Safari/537.36', 'http://127.0.0.1:8000/admin/contratos/delete/26', 'Eliminar información 26 en Contratos', '', 1, '2023-10-08 22:59:08', NULL),
	(467, '127.0.0.1', 'Mozilla/5.0 (Windows NT 10.0; Win64; x64) AppleWebKit/537.36 (KHTML, like Gecko) Chrome/117.0.0.0 Safari/537.36', 'http://127.0.0.1:8000/admin/contratos/delete/26', 'Eliminar información 26 en Contratos', '', 1, '2023-10-08 23:01:44', NULL),
	(468, '127.0.0.1', 'Mozilla/5.0 (Windows NT 10.0; Win64; x64) AppleWebKit/537.36 (KHTML, like Gecko) Chrome/117.0.0.0 Safari/537.36', 'http://127.0.0.1:8000/admin/contratos/delete/26', 'Eliminar información 26 en Contratos', '', 1, '2023-10-08 23:02:56', NULL),
	(469, '127.0.0.1', 'Mozilla/5.0 (Windows NT 10.0; Win64; x64) AppleWebKit/537.36 (KHTML, like Gecko) Chrome/117.0.0.0 Safari/537.36', 'http://127.0.0.1:8000/admin/contratos/delete/26', 'Eliminar información 26 en Contratos', '', 1, '2023-10-08 23:05:16', NULL),
	(470, '127.0.0.1', 'Mozilla/5.0 (Windows NT 10.0; Win64; x64) AppleWebKit/537.36 (KHTML, like Gecko) Chrome/117.0.0.0 Safari/537.36', 'http://127.0.0.1:8000/admin/contratos/delete/27', 'Eliminar información 27 en Contratos', '', 1, '2023-10-08 23:05:20', NULL),
	(471, '127.0.0.1', 'Mozilla/5.0 (Windows NT 10.0; Win64; x64) AppleWebKit/537.36 (KHTML, like Gecko) Chrome/117.0.0.0 Safari/537.36', 'http://127.0.0.1:8000/admin/contratos/delete/28', 'Eliminar información 28 en Contratos', '', 1, '2023-10-08 23:05:24', NULL),
	(472, '127.0.0.1', 'Mozilla/5.0 (Windows NT 10.0; Win64; x64) AppleWebKit/537.36 (KHTML, like Gecko) Chrome/117.0.0.0 Safari/537.36', 'http://127.0.0.1:8000/admin/contratos/delete/29', 'Eliminar información 29 en Contratos', '', 1, '2023-10-08 23:05:26', NULL),
	(473, '127.0.0.1', 'Mozilla/5.0 (Windows NT 10.0; Win64; x64) AppleWebKit/537.36 (KHTML, like Gecko) Chrome/117.0.0.0 Safari/537.36', 'http://127.0.0.1:8000/admin/contratos/delete/30', 'Eliminar información 30 en Contratos', '', 1, '2023-10-08 23:05:29', NULL),
	(474, '127.0.0.1', 'Mozilla/5.0 (Windows NT 10.0; Win64; x64) AppleWebKit/537.36 (KHTML, like Gecko) Chrome/117.0.0.0 Safari/537.36', 'http://127.0.0.1:8000/admin/contratos/delete/31', 'Eliminar información 31 en Contratos', '', 1, '2023-10-08 23:05:31', NULL),
	(475, '127.0.0.1', 'Mozilla/5.0 (Windows NT 10.0; Win64; x64) AppleWebKit/537.36 (KHTML, like Gecko) Chrome/117.0.0.0 Safari/537.36', 'http://127.0.0.1:8000/admin/contratos/delete/33', 'Eliminar información 33 en Contratos', '', 1, '2023-10-08 23:05:36', NULL),
	(476, '127.0.0.1', 'Mozilla/5.0 (Windows NT 10.0; Win64; x64) AppleWebKit/537.36 (KHTML, like Gecko) Chrome/117.0.0.0 Safari/537.36', 'http://127.0.0.1:8000/admin/contratos/delete/32', 'Eliminar información 32 en Contratos', '', 1, '2023-10-08 23:05:38', NULL),
	(477, '127.0.0.1', 'Mozilla/5.0 (Windows NT 10.0; Win64; x64) AppleWebKit/537.36 (KHTML, like Gecko) Chrome/117.0.0.0 Safari/537.36', 'http://127.0.0.1:8000/admin/contratos/delete/34', 'Eliminar información 34 en Contratos', '', 1, '2023-10-08 23:05:41', NULL),
	(478, '127.0.0.1', 'Mozilla/5.0 (Windows NT 10.0; Win64; x64) AppleWebKit/537.36 (KHTML, like Gecko) Chrome/117.0.0.0 Safari/537.36', 'http://127.0.0.1:8000/admin/contratos/delete/35', 'Eliminar información 35 en Contratos', '', 1, '2023-10-08 23:05:52', NULL),
	(479, '127.0.0.1', 'Mozilla/5.0 (Windows NT 10.0; Win64; x64) AppleWebKit/537.36 (KHTML, like Gecko) Chrome/117.0.0.0 Safari/537.36', 'http://127.0.0.1:8000/admin/contratos/add-save', 'Añadir nueva información  en Contratos', '', 1, '2023-10-08 23:06:07', NULL),
	(480, '127.0.0.1', 'Mozilla/5.0 (Windows NT 10.0; Win64; x64) AppleWebKit/537.36 (KHTML, like Gecko) Chrome/117.0.0.0 Safari/537.36', 'http://127.0.0.1:8000/admin/pagos_personal/action-selected', 'Eliminar información 191,190,189 en Pagos', '', 1, '2023-10-08 23:14:11', NULL),
	(481, '127.0.0.1', 'Mozilla/5.0 (Windows NT 10.0; Win64; x64) AppleWebKit/537.36 (KHTML, like Gecko) Chrome/117.0.0.0 Safari/537.36', 'http://127.0.0.1:8000/admin/login', 'Ingreso de admin@crudbooster.com desde la Dirección IP 127.0.0.1', '', 1, '2023-10-09 04:39:45', NULL),
	(482, '127.0.0.1', 'Mozilla/5.0 (Windows NT 10.0; Win64; x64) AppleWebKit/537.36 (KHTML, like Gecko) Chrome/117.0.0.0 Safari/537.36', 'http://127.0.0.1:8000/admin/contratos/add-save', 'Añadir nueva información  en Contratos', '', 1, '2023-10-09 04:43:41', NULL),
	(483, '127.0.0.1', 'Mozilla/5.0 (Windows NT 10.0; Win64; x64) AppleWebKit/537.36 (KHTML, like Gecko) Chrome/117.0.0.0 Safari/537.36', 'http://127.0.0.1:8000/admin/login', 'Ingreso de admin@crudbooster.com desde la Dirección IP 127.0.0.1', '', 1, '2023-10-12 18:24:10', NULL),
	(484, '127.0.0.1', 'Mozilla/5.0 (Windows NT 10.0; Win64; x64) AppleWebKit/537.36 (KHTML, like Gecko) Chrome/117.0.0.0 Safari/537.36', 'http://127.0.0.1:8000/admin/contratos/delete/36', 'Eliminar información 36 en Contratos', '', 1, '2023-10-12 18:24:21', NULL),
	(485, '127.0.0.1', 'Mozilla/5.0 (Windows NT 10.0; Win64; x64) AppleWebKit/537.36 (KHTML, like Gecko) Chrome/117.0.0.0 Safari/537.36', 'http://127.0.0.1:8000/admin/contratos/delete/37', 'Eliminar información 37 en Contratos', '', 1, '2023-10-12 18:24:24', NULL),
	(486, '127.0.0.1', 'Mozilla/5.0 (Windows NT 10.0; Win64; x64) AppleWebKit/537.36 (KHTML, like Gecko) Chrome/117.0.0.0 Safari/537.36', 'http://127.0.0.1:8000/admin/contratos/add-save', 'Añadir nueva información  en Contratos', '', 1, '2023-10-12 18:25:05', NULL),
	(487, '127.0.0.1', 'Mozilla/5.0 (Windows NT 10.0; Win64; x64) AppleWebKit/537.36 (KHTML, like Gecko) Chrome/117.0.0.0 Safari/537.36', 'http://127.0.0.1:8000/admin/pagos_personal/edit-save/198', 'Actualizar información  en Pagos', '<table class="table table-striped"><thead><tr><th>Key</th><th>Old Value</th><th>New Value</th></thead><tbody><tr><td>id_estado</td><td>0</td><td>1</td></tr></tbody></table>', 1, '2023-10-12 18:31:45', NULL),
	(488, '127.0.0.1', 'Mozilla/5.0 (Windows NT 10.0; Win64; x64) AppleWebKit/537.36 (KHTML, like Gecko) Chrome/117.0.0.0 Safari/537.36', 'http://127.0.0.1:8000/admin/contratos/add-save', 'Añadir nueva información  en Contratos', '', 1, '2023-10-12 18:42:01', NULL),
	(489, '127.0.0.1', 'Mozilla/5.0 (Windows NT 10.0; Win64; x64) AppleWebKit/537.36 (KHTML, like Gecko) Chrome/117.0.0.0 Safari/537.36', 'http://127.0.0.1:8000/admin/pagos_personal/edit-save/210', 'Actualizar información  en Pagos', '<table class="table table-striped"><thead><tr><th>Key</th><th>Old Value</th><th>New Value</th></thead><tbody><tr><td>id_trabajador</td><td>2</td><td></td></tr><tr><td>id_estado</td><td>0</td><td>1</td></tr></tbody></table>', 1, '2023-10-12 18:59:27', NULL),
	(490, '127.0.0.1', 'Mozilla/5.0 (Windows NT 10.0; Win64; x64) AppleWebKit/537.36 (KHTML, like Gecko) Chrome/117.0.0.0 Safari/537.36', 'http://127.0.0.1:8000/admin/pagos_personal/edit-save/211', 'Actualizar información  en Pagos', '<table class="table table-striped"><thead><tr><th>Key</th><th>Old Value</th><th>New Value</th></thead><tbody><tr><td>id_trabajador</td><td>2</td><td></td></tr><tr><td>id_estado</td><td>0</td><td>1</td></tr></tbody></table>', 1, '2023-10-12 18:59:37', NULL),
	(491, '127.0.0.1', 'Mozilla/5.0 (Windows NT 10.0; Win64; x64) AppleWebKit/537.36 (KHTML, like Gecko) Chrome/117.0.0.0 Safari/537.36', 'http://127.0.0.1:8000/admin/pagos_personal/edit-save/212', 'Actualizar información  en Pagos', '<table class="table table-striped"><thead><tr><th>Key</th><th>Old Value</th><th>New Value</th></thead><tbody><tr><td>id_trabajador</td><td>2</td><td></td></tr><tr><td>id_estado</td><td>0</td><td>1</td></tr></tbody></table>', 1, '2023-10-12 19:07:55', NULL),
	(492, '127.0.0.1', 'Mozilla/5.0 (Windows NT 10.0; Win64; x64) AppleWebKit/537.36 (KHTML, like Gecko) Chrome/117.0.0.0 Safari/537.36', 'http://127.0.0.1:8000/admin/pagos_personal/edit-save/213', 'Actualizar información  en Pagos', '<table class="table table-striped"><thead><tr><th>Key</th><th>Old Value</th><th>New Value</th></thead><tbody><tr><td>id_trabajador</td><td>2</td><td></td></tr><tr><td>id_estado</td><td>0</td><td>1</td></tr></tbody></table>', 1, '2023-10-12 19:08:05', NULL),
	(493, '127.0.0.1', 'Mozilla/5.0 (Windows NT 10.0; Win64; x64) AppleWebKit/537.36 (KHTML, like Gecko) Chrome/117.0.0.0 Safari/537.36', 'http://127.0.0.1:8000/admin/pagos_personal/edit-save/199', 'Actualizar información  en Pagos', '<table class="table table-striped"><thead><tr><th>Key</th><th>Old Value</th><th>New Value</th></thead><tbody><tr><td>id_estado</td><td>0</td><td>1</td></tr></tbody></table>', 1, '2023-10-12 19:09:45', NULL),
	(494, '127.0.0.1', 'Mozilla/5.0 (Windows NT 10.0; Win64; x64) AppleWebKit/537.36 (KHTML, like Gecko) Chrome/117.0.0.0 Safari/537.36', 'http://127.0.0.1:8000/admin/pagos_personal/edit-save/198', 'Actualizar información  en Pagos', '<table class="table table-striped"><thead><tr><th>Key</th><th>Old Value</th><th>New Value</th></thead><tbody></tbody></table>', 1, '2023-10-12 19:09:52', NULL),
	(495, '127.0.0.1', 'Mozilla/5.0 (Windows NT 10.0; Win64; x64) AppleWebKit/537.36 (KHTML, like Gecko) Chrome/117.0.0.0 Safari/537.36', 'http://127.0.0.1:8000/admin/pagos_personal/edit-save/214', 'Actualizar información  en Pagos', '<table class="table table-striped"><thead><tr><th>Key</th><th>Old Value</th><th>New Value</th></thead><tbody><tr><td>id_trabajador</td><td>2</td><td></td></tr><tr><td>id_estado</td><td>0</td><td>1</td></tr></tbody></table>', 1, '2023-10-12 19:10:08', NULL),
	(496, '127.0.0.1', 'Mozilla/5.0 (Windows NT 10.0; Win64; x64) AppleWebKit/537.36 (KHTML, like Gecko) Chrome/117.0.0.0 Safari/537.36', 'http://127.0.0.1:8000/admin/pagos_personal/edit-save/215', 'Actualizar información  en Pagos', '<table class="table table-striped"><thead><tr><th>Key</th><th>Old Value</th><th>New Value</th></thead><tbody><tr><td>id_trabajador</td><td>2</td><td></td></tr><tr><td>id_estado</td><td>0</td><td>1</td></tr></tbody></table>', 1, '2023-10-12 19:10:18', NULL),
	(497, '127.0.0.1', 'Mozilla/5.0 (Windows NT 10.0; Win64; x64) AppleWebKit/537.36 (KHTML, like Gecko) Chrome/117.0.0.0 Safari/537.36', 'http://127.0.0.1:8000/admin/contratos/delete/38', 'Eliminar información 38 en Contratos', '', 1, '2023-10-12 19:12:18', NULL),
	(498, '127.0.0.1', 'Mozilla/5.0 (Windows NT 10.0; Win64; x64) AppleWebKit/537.36 (KHTML, like Gecko) Chrome/117.0.0.0 Safari/537.36', 'http://127.0.0.1:8000/admin/contratos/delete/39', 'Eliminar información 39 en Contratos', '', 1, '2023-10-12 19:14:17', NULL),
	(499, '127.0.0.1', 'Mozilla/5.0 (Windows NT 10.0; Win64; x64) AppleWebKit/537.36 (KHTML, like Gecko) Chrome/117.0.0.0 Safari/537.36', 'http://127.0.0.1:8000/admin/contratos/add-save', 'Añadir nueva información  en Contratos', '', 1, '2023-10-12 19:14:33', NULL),
	(500, '127.0.0.1', 'Mozilla/5.0 (Windows NT 10.0; Win64; x64) AppleWebKit/537.36 (KHTML, like Gecko) Chrome/117.0.0.0 Safari/537.36', 'http://127.0.0.1:8000/admin/contratos/edit-save/40', 'Actualizar información  en Contratos', '<table class="table table-striped"><thead><tr><th>Key</th><th>Old Value</th><th>New Value</th></thead><tbody><tr><td>id_cargo</td><td></td><td></td></tr><tr><td>monto</td><td>1500</td><td></td></tr><tr><td>id_referencia</td><td>0</td><td></td></tr><tr><td>referencia</td><td>CTO-NC-20231012141433-0040</td><td></td></tr><tr><td>fecha_inicio</td><td>2023-10-27</td><td></td></tr><tr><td>fecha_fin</td><td></td><td>2023-11-04</td></tr><tr><td>listable</td><td>0</td><td></td></tr></tbody></table>', 1, '2023-10-12 19:15:26', NULL),
	(501, '127.0.0.1', 'Mozilla/5.0 (Windows NT 10.0; Win64; x64) AppleWebKit/537.36 (KHTML, like Gecko) Chrome/117.0.0.0 Safari/537.36', 'http://127.0.0.1:8000/admin/contratos/delete/40', 'Eliminar información 40 en Contratos', '', 1, '2023-10-12 19:15:51', NULL),
	(502, '127.0.0.1', 'Mozilla/5.0 (Windows NT 10.0; Win64; x64) AppleWebKit/537.36 (KHTML, like Gecko) Chrome/117.0.0.0 Safari/537.36', 'http://127.0.0.1:8000/admin/contratos/delete/40', 'Eliminar información 40 en Contratos', '', 1, '2023-10-12 19:16:55', NULL),
	(503, '127.0.0.1', 'Mozilla/5.0 (Windows NT 10.0; Win64; x64) AppleWebKit/537.36 (KHTML, like Gecko) Chrome/117.0.0.0 Safari/537.36', 'http://127.0.0.1:8000/admin/contratos/edit-save/40', 'Actualizar información  en Contratos', '<table class="table table-striped"><thead><tr><th>Key</th><th>Old Value</th><th>New Value</th></thead><tbody><tr><td>id_cargo</td><td></td><td></td></tr><tr><td>monto</td><td>1500</td><td></td></tr><tr><td>id_referencia</td><td>0</td><td></td></tr><tr><td>referencia</td><td>CTO-NC-20231012141433-0040</td><td></td></tr><tr><td>fecha_inicio</td><td>2023-10-27</td><td></td></tr><tr><td>id_estado</td><td>3</td><td>1</td></tr><tr><td>listable</td><td>0</td><td></td></tr></tbody></table>', 1, '2023-10-12 19:17:06', NULL),
	(504, '127.0.0.1', 'Mozilla/5.0 (Windows NT 10.0; Win64; x64) AppleWebKit/537.36 (KHTML, like Gecko) Chrome/117.0.0.0 Safari/537.36', 'http://127.0.0.1:8000/admin/contratos/delete/40', 'Eliminar información 40 en Contratos', '', 1, '2023-10-12 19:17:10', NULL),
	(505, '127.0.0.1', 'Mozilla/5.0 (Windows NT 10.0; Win64; x64) AppleWebKit/537.36 (KHTML, like Gecko) Chrome/117.0.0.0 Safari/537.36', 'http://127.0.0.1:8000/admin/contratos/delete/40', 'Eliminar información 40 en Contratos', '', 1, '2023-10-12 19:17:29', NULL),
	(506, '127.0.0.1', 'Mozilla/5.0 (Windows NT 10.0; Win64; x64) AppleWebKit/537.36 (KHTML, like Gecko) Chrome/117.0.0.0 Safari/537.36', 'http://127.0.0.1:8000/admin/contratos/add-save', 'Añadir nueva información  en Contratos', '', 1, '2023-10-12 19:17:45', NULL),
	(507, '127.0.0.1', 'Mozilla/5.0 (Windows NT 10.0; Win64; x64) AppleWebKit/537.36 (KHTML, like Gecko) Chrome/117.0.0.0 Safari/537.36', 'http://127.0.0.1:8000/admin/contratos/delete/41', 'Eliminar información 41 en Contratos', '', 1, '2023-10-12 19:17:54', NULL),
	(508, '127.0.0.1', 'Mozilla/5.0 (Windows NT 10.0; Win64; x64) AppleWebKit/537.36 (KHTML, like Gecko) Chrome/117.0.0.0 Safari/537.36', 'http://127.0.0.1:8000/admin/contratos/add-save', 'Añadir nueva información  en Contratos', '', 1, '2023-10-12 19:18:54', NULL),
	(509, '127.0.0.1', 'Mozilla/5.0 (Windows NT 10.0; Win64; x64) AppleWebKit/537.36 (KHTML, like Gecko) Chrome/117.0.0.0 Safari/537.36', 'http://127.0.0.1:8000/admin/contratos/delete/42', 'Eliminar información 42 en Contratos', '', 1, '2023-10-12 19:19:12', NULL),
	(510, '127.0.0.1', 'Mozilla/5.0 (Windows NT 10.0; Win64; x64) AppleWebKit/537.36 (KHTML, like Gecko) Chrome/117.0.0.0 Safari/537.36', 'http://127.0.0.1:8000/admin/login', 'Ingreso de admin@crudbooster.com desde la Dirección IP 127.0.0.1', '', 1, '2023-10-14 14:59:30', NULL),
	(511, '127.0.0.1', 'Mozilla/5.0 (Windows NT 10.0; Win64; x64) AppleWebKit/537.36 (KHTML, like Gecko) Chrome/117.0.0.0 Safari/537.36', 'http://127.0.0.1:8000/admin/contratos/add-save', 'Añadir nueva información  en Contratos', '', 1, '2023-10-14 15:42:57', NULL),
	(512, '127.0.0.1', 'Mozilla/5.0 (Windows NT 10.0; Win64; x64) AppleWebKit/537.36 (KHTML, like Gecko) Chrome/117.0.0.0 Safari/537.36', 'http://127.0.0.1:8000/admin/contratos/add-save', 'Añadir nueva información  en Contratos', '', 1, '2023-10-14 15:57:17', NULL),
	(513, '127.0.0.1', 'Mozilla/5.0 (Windows NT 10.0; Win64; x64) AppleWebKit/537.36 (KHTML, like Gecko) Chrome/117.0.0.0 Safari/537.36', 'http://127.0.0.1:8000/admin/contratos/delete/44', 'Eliminar información 44 en Contratos', '', 1, '2023-10-14 15:57:22', NULL),
	(514, '127.0.0.1', 'Mozilla/5.0 (Windows NT 10.0; Win64; x64) AppleWebKit/537.36 (KHTML, like Gecko) Chrome/117.0.0.0 Safari/537.36', 'http://127.0.0.1:8000/admin/contratos/add-save', 'Añadir nueva información  en Contratos', '', 1, '2023-10-14 15:59:16', NULL),
	(515, '127.0.0.1', 'Mozilla/5.0 (Windows NT 10.0; Win64; x64) AppleWebKit/537.36 (KHTML, like Gecko) Chrome/117.0.0.0 Safari/537.36', 'http://127.0.0.1:8000/admin/contratos/add-save', 'Añadir nueva información  en Contratos', '', 1, '2023-10-14 16:00:14', NULL),
	(516, '127.0.0.1', 'Mozilla/5.0 (Windows NT 10.0; Win64; x64) AppleWebKit/537.36 (KHTML, like Gecko) Chrome/117.0.0.0 Safari/537.36', 'http://127.0.0.1:8000/admin/pagos_personal/edit-save/268', 'Actualizar información  en Pagos', '<table class="table table-striped"><thead><tr><th>Key</th><th>Old Value</th><th>New Value</th></thead><tbody><tr><td>id_trabajador</td><td>4</td><td></td></tr><tr><td>id_estado</td><td>0</td><td>1</td></tr></tbody></table>', 1, '2023-10-14 16:00:54', NULL),
	(517, '127.0.0.1', 'Mozilla/5.0 (Windows NT 10.0; Win64; x64) AppleWebKit/537.36 (KHTML, like Gecko) Chrome/117.0.0.0 Safari/537.36', 'http://127.0.0.1:8000/admin/contratos/add-save', 'Añadir nueva información  en Contratos', '', 1, '2023-10-14 16:01:37', NULL),
	(518, '127.0.0.1', 'Mozilla/5.0 (Windows NT 10.0; Win64; x64) AppleWebKit/537.36 (KHTML, like Gecko) Chrome/117.0.0.0 Safari/537.36', 'http://127.0.0.1:8000/admin/contratos/add-save', 'Añadir nueva información  en Contratos', '', 1, '2023-10-14 16:02:15', NULL),
	(519, '127.0.0.1', 'Mozilla/5.0 (Windows NT 10.0; Win64; x64) AppleWebKit/537.36 (KHTML, like Gecko) Chrome/117.0.0.0 Safari/537.36', 'http://127.0.0.1:8000/admin/contratos/add-save', 'Añadir nueva información  en Contratos', '', 1, '2023-10-14 16:05:29', NULL),
	(520, '127.0.0.1', 'Mozilla/5.0 (Windows NT 10.0; Win64; x64) AppleWebKit/537.36 (KHTML, like Gecko) Chrome/117.0.0.0 Safari/537.36', 'http://127.0.0.1:8000/admin/contratos/add-save', 'Añadir nueva información  en Contratos', '', 1, '2023-10-14 17:05:47', NULL),
	(521, '127.0.0.1', 'Mozilla/5.0 (Windows NT 10.0; Win64; x64) AppleWebKit/537.36 (KHTML, like Gecko) Chrome/117.0.0.0 Safari/537.36', 'http://127.0.0.1:8000/admin/contratos/add-save', 'Añadir nueva información  en Contratos', '', 1, '2023-10-14 17:10:17', NULL),
	(522, '127.0.0.1', 'Mozilla/5.0 (Windows NT 10.0; Win64; x64) AppleWebKit/537.36 (KHTML, like Gecko) Chrome/117.0.0.0 Safari/537.36', 'http://127.0.0.1:8000/admin/contratos/add-save', 'Añadir nueva información  en Contratos', '', 1, '2023-10-14 18:01:16', NULL),
	(523, '127.0.0.1', 'Mozilla/5.0 (Windows NT 10.0; Win64; x64) AppleWebKit/537.36 (KHTML, like Gecko) Chrome/117.0.0.0 Safari/537.36', 'http://127.0.0.1:8000/admin/contratos/add-save', 'Añadir nueva información  en Contratos', '', 1, '2023-10-14 18:02:02', NULL),
	(524, '127.0.0.1', 'Mozilla/5.0 (Windows NT 10.0; Win64; x64) AppleWebKit/537.36 (KHTML, like Gecko) Chrome/117.0.0.0 Safari/537.36', 'http://127.0.0.1:8000/admin/contratos/add-save', 'Añadir nueva información  en Contratos', '', 1, '2023-10-14 18:02:48', NULL),
	(525, '127.0.0.1', 'Mozilla/5.0 (Windows NT 10.0; Win64; x64) AppleWebKit/537.36 (KHTML, like Gecko) Chrome/117.0.0.0 Safari/537.36', 'http://127.0.0.1:8000/admin/contratos/add-save', 'Añadir nueva información  en Contratos', '', 1, '2023-10-14 18:04:51', NULL),
	(526, '127.0.0.1', 'Mozilla/5.0 (Windows NT 10.0; Win64; x64) AppleWebKit/537.36 (KHTML, like Gecko) Chrome/117.0.0.0 Safari/537.36', 'http://127.0.0.1:8000/admin/contratos/add-save', 'Añadir nueva información  en Contratos', '', 1, '2023-10-14 18:06:17', NULL),
	(527, '127.0.0.1', 'Mozilla/5.0 (Windows NT 10.0; Win64; x64) AppleWebKit/537.36 (KHTML, like Gecko) Chrome/117.0.0.0 Safari/537.36', 'http://127.0.0.1:8000/admin/login', 'Ingreso de admin@crudbooster.com desde la Dirección IP 127.0.0.1', '', 1, '2023-10-15 05:00:49', NULL),
	(528, '127.0.0.1', 'Mozilla/5.0 (Windows NT 10.0; Win64; x64) AppleWebKit/537.36 (KHTML, like Gecko) Chrome/117.0.0.0 Safari/537.36', 'http://127.0.0.1:8000/admin/pagos_personal/edit-save/355', 'Actualizar información  en Pagos', '<table class="table table-striped"><thead><tr><th>Key</th><th>Old Value</th><th>New Value</th></thead><tbody><tr><td>id_trabajador</td><td>2</td><td></td></tr><tr><td>id_estado</td><td>0</td><td>1</td></tr></tbody></table>', 1, '2023-10-15 05:05:30', NULL),
	(529, '127.0.0.1', 'Mozilla/5.0 (Windows NT 10.0; Win64; x64) AppleWebKit/537.36 (KHTML, like Gecko) Chrome/117.0.0.0 Safari/537.36', 'http://127.0.0.1:8000/admin/pagos_personal/edit-save/356', 'Actualizar información  en Pagos', '<table class="table table-striped"><thead><tr><th>Key</th><th>Old Value</th><th>New Value</th></thead><tbody><tr><td>id_trabajador</td><td>2</td><td></td></tr><tr><td>id_estado</td><td>0</td><td>1</td></tr></tbody></table>', 1, '2023-10-15 05:05:44', NULL),
	(530, '127.0.0.1', 'Mozilla/5.0 (Windows NT 10.0; Win64; x64) AppleWebKit/537.36 (KHTML, like Gecko) Chrome/117.0.0.0 Safari/537.36', 'http://127.0.0.1:8000/admin/pagos_personal/edit-save/358', 'Actualizar información  en Pagos', '<table class="table table-striped"><thead><tr><th>Key</th><th>Old Value</th><th>New Value</th></thead><tbody><tr><td>id_trabajador</td><td>2</td><td></td></tr><tr><td>id_estado</td><td>0</td><td>1</td></tr></tbody></table>', 1, '2023-10-15 05:06:00', NULL),
	(531, '127.0.0.1', 'Mozilla/5.0 (Windows NT 10.0; Win64; x64) AppleWebKit/537.36 (KHTML, like Gecko) Chrome/117.0.0.0 Safari/537.36', 'http://127.0.0.1:8000/admin/contratos/edit-save/58', 'Actualizar información  en Contratos', '<table class="table table-striped"><thead><tr><th>Key</th><th>Old Value</th><th>New Value</th></thead><tbody><tr><td>id_periodo_pago</td><td>4</td><td></td></tr><tr><td>id_cargo</td><td></td><td></td></tr><tr><td>monto</td><td>86787</td><td></td></tr><tr><td>id_referencia</td><td>0</td><td></td></tr><tr><td>id_tiempo_contrato</td><td>4</td><td></td></tr><tr><td>referencia</td><td>CTO-IF-20231014130116-0058</td><td></td></tr><tr><td>fecha_inicio</td><td>2023-10-01</td><td></td></tr><tr><td>fecha_fin</td><td></td><td>2023-10-18</td></tr><tr><td>listable</td><td>0</td><td></td></tr></tbody></table>', 1, '2023-10-15 05:24:13', NULL),
	(532, '127.0.0.1', 'Mozilla/5.0 (Windows NT 10.0; Win64; x64) AppleWebKit/537.36 (KHTML, like Gecko) Chrome/117.0.0.0 Safari/537.36', 'http://127.0.0.1:8000/admin/contratos/edit-save/58', 'Actualizar información  en Contratos', '<table class="table table-striped"><thead><tr><th>Key</th><th>Old Value</th><th>New Value</th></thead><tbody><tr><td>id_periodo_pago</td><td>4</td><td></td></tr><tr><td>id_cargo</td><td></td><td></td></tr><tr><td>monto</td><td>86787</td><td></td></tr><tr><td>id_referencia</td><td>0</td><td></td></tr><tr><td>id_tiempo_contrato</td><td>4</td><td></td></tr><tr><td>referencia</td><td>CTO-IF-20231014130116-0058</td><td></td></tr><tr><td>fecha_inicio</td><td>2023-10-01</td><td></td></tr><tr><td>listable</td><td>0</td><td></td></tr></tbody></table>', 1, '2023-10-15 05:24:24', NULL),
	(533, '127.0.0.1', 'Mozilla/5.0 (Windows NT 10.0; Win64; x64) AppleWebKit/537.36 (KHTML, like Gecko) Chrome/117.0.0.0 Safari/537.36', 'http://127.0.0.1:8000/admin/pagos_personal/edit-save/357', 'Actualizar información  en Pagos', '<table class="table table-striped"><thead><tr><th>Key</th><th>Old Value</th><th>New Value</th></thead><tbody><tr><td>id_trabajador</td><td>2</td><td></td></tr><tr><td>id_estado</td><td>0</td><td>1</td></tr></tbody></table>', 1, '2023-10-15 05:24:43', NULL),
	(534, '127.0.0.1', 'Mozilla/5.0 (Windows NT 10.0; Win64; x64) AppleWebKit/537.36 (KHTML, like Gecko) Chrome/117.0.0.0 Safari/537.36', 'http://127.0.0.1:8000/admin/pagos_personal/edit-save/359', 'Actualizar información  en Pagos', '<table class="table table-striped"><thead><tr><th>Key</th><th>Old Value</th><th>New Value</th></thead><tbody><tr><td>id_trabajador</td><td>2</td><td></td></tr><tr><td>id_estado</td><td>0</td><td>1</td></tr></tbody></table>', 1, '2023-10-15 05:24:59', NULL),
	(535, '127.0.0.1', 'Mozilla/5.0 (Windows NT 10.0; Win64; x64) AppleWebKit/537.36 (KHTML, like Gecko) Chrome/117.0.0.0 Safari/537.36', 'http://127.0.0.1:8000/admin/contratos/delete/58', 'Eliminar información 58 en Contratos', '', 1, '2023-10-15 05:25:14', NULL),
	(536, '127.0.0.1', 'Mozilla/5.0 (Windows NT 10.0; Win64; x64) AppleWebKit/537.36 (KHTML, like Gecko) Chrome/117.0.0.0 Safari/537.36', 'http://127.0.0.1:8000/admin/login', 'Ingreso de admin@crudbooster.com desde la Dirección IP 127.0.0.1', '', 1, '2023-10-15 11:34:43', NULL),
	(537, '127.0.0.1', 'Mozilla/5.0 (Windows NT 10.0; Win64; x64) AppleWebKit/537.36 (KHTML, like Gecko) Chrome/117.0.0.0 Safari/537.36', 'http://127.0.0.1:8000/admin/dia_festivos/add-save', 'Añadir nueva información  en Dias festivos', '', 1, '2023-10-15 11:40:58', NULL),
	(538, '127.0.0.1', 'Mozilla/5.0 (Windows NT 10.0; Win64; x64) AppleWebKit/537.36 (KHTML, like Gecko) Chrome/117.0.0.0 Safari/537.36', 'http://127.0.0.1:8000/admin/dia_festivos/edit-save/3', 'Actualizar información  en Dias festivos', '<table class="table table-striped"><thead><tr><th>Key</th><th>Old Value</th><th>New Value</th></thead><tbody><tr><td>nombre</td><td>Día del trabajador</td><td>dia d</td></tr></tbody></table>', 1, '2023-10-15 11:41:09', NULL),
	(539, '127.0.0.1', 'Mozilla/5.0 (Windows NT 10.0; Win64; x64) AppleWebKit/537.36 (KHTML, like Gecko) Chrome/117.0.0.0 Safari/537.36', 'http://127.0.0.1:8000/admin/dia_festivos/edit-save/3', 'Actualizar información  en Dias festivos', '<table class="table table-striped"><thead><tr><th>Key</th><th>Old Value</th><th>New Value</th></thead><tbody></tbody></table>', 1, '2023-10-15 11:41:09', NULL),
	(540, '127.0.0.1', 'Mozilla/5.0 (Windows NT 10.0; Win64; x64) AppleWebKit/537.36 (KHTML, like Gecko) Chrome/117.0.0.0 Safari/537.36', 'http://127.0.0.1:8000/admin/dia_festivos/edit-save/3', 'Actualizar información  en Dias festivos', '<table class="table table-striped"><thead><tr><th>Key</th><th>Old Value</th><th>New Value</th></thead><tbody></tbody></table>', 1, '2023-10-15 11:41:09', NULL),
	(541, '127.0.0.1', 'Mozilla/5.0 (Windows NT 10.0; Win64; x64) AppleWebKit/537.36 (KHTML, like Gecko) Chrome/117.0.0.0 Safari/537.36', 'http://127.0.0.1:8000/admin/dia_festivos/edit-save/3', 'Actualizar información  en Dias festivos', '<table class="table table-striped"><thead><tr><th>Key</th><th>Old Value</th><th>New Value</th></thead><tbody></tbody></table>', 1, '2023-10-15 11:41:10', NULL),
	(542, '127.0.0.1', 'Mozilla/5.0 (Windows NT 10.0; Win64; x64) AppleWebKit/537.36 (KHTML, like Gecko) Chrome/117.0.0.0 Safari/537.36', 'http://127.0.0.1:8000/admin/dia_festivos/edit-save/3', 'Actualizar información  en Dias festivos', '<table class="table table-striped"><thead><tr><th>Key</th><th>Old Value</th><th>New Value</th></thead><tbody></tbody></table>', 1, '2023-10-15 11:41:10', NULL),
	(543, '127.0.0.1', 'Mozilla/5.0 (Windows NT 10.0; Win64; x64) AppleWebKit/537.36 (KHTML, like Gecko) Chrome/117.0.0.0 Safari/537.36', 'http://127.0.0.1:8000/admin/dia_festivos/edit-save/3', 'Actualizar información  en Dias festivos', '<table class="table table-striped"><thead><tr><th>Key</th><th>Old Value</th><th>New Value</th></thead><tbody></tbody></table>', 1, '2023-10-15 11:41:10', NULL),
	(544, '127.0.0.1', 'Mozilla/5.0 (Windows NT 10.0; Win64; x64) AppleWebKit/537.36 (KHTML, like Gecko) Chrome/117.0.0.0 Safari/537.36', 'http://127.0.0.1:8000/admin/dia_festivos/edit-save/3', 'Actualizar información  en Dias festivos', '<table class="table table-striped"><thead><tr><th>Key</th><th>Old Value</th><th>New Value</th></thead><tbody></tbody></table>', 1, '2023-10-15 11:41:11', NULL),
	(545, '127.0.0.1', 'Mozilla/5.0 (Windows NT 10.0; Win64; x64) AppleWebKit/537.36 (KHTML, like Gecko) Chrome/117.0.0.0 Safari/537.36', 'http://127.0.0.1:8000/admin/dia_festivos/edit-save/3', 'Actualizar información  en Dias festivos', '<table class="table table-striped"><thead><tr><th>Key</th><th>Old Value</th><th>New Value</th></thead><tbody></tbody></table>', 1, '2023-10-15 11:41:11', NULL),
	(546, '127.0.0.1', 'Mozilla/5.0 (Windows NT 10.0; Win64; x64) AppleWebKit/537.36 (KHTML, like Gecko) Chrome/117.0.0.0 Safari/537.36', 'http://127.0.0.1:8000/admin/dia_festivos/edit-save/3', 'Actualizar información  en Dias festivos', '<table class="table table-striped"><thead><tr><th>Key</th><th>Old Value</th><th>New Value</th></thead><tbody><tr><td>nombre</td><td>dia d</td><td>DIA DEL TRABAJADOR</td></tr></tbody></table>', 1, '2023-10-15 11:41:22', NULL),
	(547, '127.0.0.1', 'Mozilla/5.0 (Windows NT 10.0; Win64; x64) AppleWebKit/537.36 (KHTML, like Gecko) Chrome/117.0.0.0 Safari/537.36', 'http://127.0.0.1:8000/admin/dia_festivos/add-save', 'Añadir nueva información  en Dias festivos', '', 1, '2023-10-15 11:41:50', NULL),
	(548, '127.0.0.1', 'Mozilla/5.0 (Windows NT 10.0; Win64; x64) AppleWebKit/537.36 (KHTML, like Gecko) Chrome/117.0.0.0 Safari/537.36', 'http://127.0.0.1:8000/admin/dia_festivos/add-save', 'Añadir nueva información  en Dias festivos', '', 1, '2023-10-15 11:44:18', NULL),
	(549, '127.0.0.1', 'Mozilla/5.0 (Windows NT 10.0; Win64; x64) AppleWebKit/537.36 (KHTML, like Gecko) Chrome/117.0.0.0 Safari/537.36', 'http://127.0.0.1:8000/admin/dia_festivos/add-save', 'Añadir nueva información  en Dias festivos', '', 1, '2023-10-15 11:44:59', NULL),
	(550, '127.0.0.1', 'Mozilla/5.0 (Windows NT 10.0; Win64; x64) AppleWebKit/537.36 (KHTML, like Gecko) Chrome/117.0.0.0 Safari/537.36', 'http://127.0.0.1:8000/admin/contratos/delete/53', 'Eliminar información 53 en Contratos', '', 1, '2023-10-15 13:10:51', NULL),
	(551, '127.0.0.1', 'Mozilla/5.0 (Windows NT 10.0; Win64; x64) AppleWebKit/537.36 (KHTML, like Gecko) Chrome/117.0.0.0 Safari/537.36', 'http://127.0.0.1:8000/admin/contratos/delete/55', 'Eliminar información 55 en Contratos', '', 1, '2023-10-15 13:10:56', NULL),
	(552, '127.0.0.1', 'Mozilla/5.0 (Windows NT 10.0; Win64; x64) AppleWebKit/537.36 (KHTML, like Gecko) Chrome/117.0.0.0 Safari/537.36', 'http://127.0.0.1:8000/admin/contratos/delete/56', 'Eliminar información 56 en Contratos', '', 1, '2023-10-15 13:11:01', NULL),
	(553, '127.0.0.1', 'Mozilla/5.0 (Windows NT 10.0; Win64; x64) AppleWebKit/537.36 (KHTML, like Gecko) Chrome/117.0.0.0 Safari/537.36', 'http://127.0.0.1:8000/admin/contratos/edit-save/55', 'Actualizar información  en Contratos', '<table class="table table-striped"><thead><tr><th>Key</th><th>Old Value</th><th>New Value</th></thead><tbody><tr><td>id_periodo_pago</td><td>4</td><td></td></tr><tr><td>id_cargo</td><td></td><td></td></tr><tr><td>id_moneda</td><td>1</td><td></td></tr><tr><td>monto</td><td>1500</td><td></td></tr><tr><td>id_referencia</td><td>0</td><td></td></tr><tr><td>id_tiempo_contrato</td><td>4</td><td></td></tr><tr><td>referencia</td><td></td><td></td></tr><tr><td>fecha_inicio</td><td>2023-10-01</td><td></td></tr><tr><td>fecha_fin</td><td></td><td>2023-10-20</td></tr><tr><td>id_estado</td><td>1</td><td>3</td></tr><tr><td>listable</td><td>0</td><td></td></tr><tr><td>id_user_create</td><td>1</td><td></td></tr><tr><td>id_user_update</td><td>1</td><td></td></tr></tbody></table>', 1, '2023-10-15 13:11:18', NULL),
	(554, '127.0.0.1', 'Mozilla/5.0 (Windows NT 10.0; Win64; x64) AppleWebKit/537.36 (KHTML, like Gecko) Chrome/117.0.0.0 Safari/537.36', 'http://127.0.0.1:8000/admin/contratos/delete/55', 'Eliminar información 55 en Contratos', '', 1, '2023-10-15 13:11:24', NULL),
	(555, '127.0.0.1', 'Mozilla/5.0 (Windows NT 10.0; Win64; x64) AppleWebKit/537.36 (KHTML, like Gecko) Chrome/117.0.0.0 Safari/537.36', 'http://127.0.0.1:8000/admin/actividads/delete/3', 'Eliminar información 3 en Actividades', '', 1, '2023-10-15 13:11:51', NULL),
	(556, '127.0.0.1', 'Mozilla/5.0 (Windows NT 10.0; Win64; x64) AppleWebKit/537.36 (KHTML, like Gecko) Chrome/117.0.0.0 Safari/537.36', 'http://127.0.0.1:8000/admin/login', 'Ingreso de admin@crudbooster.com desde la Dirección IP 127.0.0.1', '', 1, '2023-10-15 23:10:19', NULL),
	(557, '127.0.0.1', 'Mozilla/5.0 (Windows NT 10.0; Win64; x64) AppleWebKit/537.36 (KHTML, like Gecko) Chrome/118.0.0.0 Safari/537.36', 'http://127.0.0.1:8000/admin/login', 'Ingreso de admin@crudbooster.com desde la Dirección IP 127.0.0.1', '', 1, '2023-11-01 16:17:43', NULL),
	(558, '127.0.0.1', 'Mozilla/5.0 (Windows NT 10.0; Win64; x64) AppleWebKit/537.36 (KHTML, like Gecko) Chrome/118.0.0.0 Safari/537.36', 'http://127.0.0.1:8000/admin/login', 'Ingreso de admin@crudbooster.com desde la Dirección IP 127.0.0.1', '', 1, '2023-11-02 14:58:36', NULL),
	(559, '127.0.0.1', 'Mozilla/5.0 (Windows NT 10.0; Win64; x64) AppleWebKit/537.36 (KHTML, like Gecko) Chrome/119.0.0.0 Safari/537.36', 'http://127.0.0.1:8000/admin/login', 'Ingreso de admin@crudbooster.com desde la Dirección IP 127.0.0.1', '', 1, '2023-11-09 17:07:27', NULL),
	(560, '127.0.0.1', 'Mozilla/5.0 (Windows NT 10.0; Win64; x64) AppleWebKit/537.36 (KHTML, like Gecko) Chrome/119.0.0.0 Safari/537.36', 'http://127.0.0.1:8000/admin/login', 'Ingreso de admin@crudbooster.com desde la Dirección IP 127.0.0.1', '', 1, '2023-11-11 07:49:28', NULL),
	(561, '127.0.0.1', 'Mozilla/5.0 (Windows NT 10.0; Win64; x64) AppleWebKit/537.36 (KHTML, like Gecko) Chrome/119.0.0.0 Safari/537.36', 'http://127.0.0.1:8000/admin/login', 'Ingreso de admin@crudbooster.com desde la Dirección IP 127.0.0.1', '', 1, '2023-11-11 15:12:26', NULL),
	(562, '127.0.0.1', 'Mozilla/5.0 (Windows NT 10.0; Win64; x64) AppleWebKit/537.36 (KHTML, like Gecko) Chrome/119.0.0.0 Safari/537.36', 'http://127.0.0.1:8000/admin/users/edit-save/1', 'Actualizar información Super admin en Usuarios', '<table class="table table-striped"><thead><tr><th>Key</th><th>Old Value</th><th>New Value</th></thead><tbody><tr><td>password</td><td>$2y$10$BBAME72cm4CpRxkekW7LTe/iP152yTo7niA0fZ6aMuUFuYN4xP/3m</td><td>$2y$10$7wdBElKTmgYxc4gswOAFTuyZ01Hub1ImARmpHHQ3G0rDZxAiwDb1G</td></tr><tr><td>theme_color</td><td>dark-skin-navi</td><td>light-skin-primary</td></tr><tr><td>status</td><td>Active</td><td></td></tr></tbody></table>', 1, '2023-11-11 17:21:08', NULL),
	(563, '127.0.0.1', 'Mozilla/5.0 (Windows NT 10.0; Win64; x64) AppleWebKit/537.36 (KHTML, like Gecko) Chrome/119.0.0.0 Safari/537.36', 'http://127.0.0.1:8000/admin/users/edit-save/1', 'Actualizar información Super admin en Usuarios', '<table class="table table-striped"><thead><tr><th>Key</th><th>Old Value</th><th>New Value</th></thead><tbody><tr><td>password</td><td>$2y$10$7wdBElKTmgYxc4gswOAFTuyZ01Hub1ImARmpHHQ3G0rDZxAiwDb1G</td><td>$2y$10$XRE6/baZe8hfFhewIulod.nUWKqJCPXbIY4RpLCR1RBPwOzyltlVa</td></tr><tr><td>theme_color</td><td>light-skin-primary</td><td>dark-skin-navi</td></tr><tr><td>status</td><td>Active</td><td></td></tr></tbody></table>', 1, '2023-11-11 20:53:21', NULL),
	(564, '127.0.0.1', 'Mozilla/5.0 (Windows NT 10.0; Win64; x64) AppleWebKit/537.36 (KHTML, like Gecko) Chrome/119.0.0.0 Safari/537.36', 'http://127.0.0.1:8000/admin/login', 'Ingreso de admin@crudbooster.com desde la Dirección IP 127.0.0.1', '', 1, '2023-11-12 01:22:04', NULL),
	(565, '127.0.0.1', 'Mozilla/5.0 (Windows NT 10.0; Win64; x64) AppleWebKit/537.36 (KHTML, like Gecko) Chrome/119.0.0.0 Safari/537.36', 'http://127.0.0.1:8000/admin/users/edit-save/1', 'Actualizar información Super admin en Usuarios', '<table class="table table-striped"><thead><tr><th>Key</th><th>Old Value</th><th>New Value</th></thead><tbody><tr><td>password</td><td>$2y$10$XRE6/baZe8hfFhewIulod.nUWKqJCPXbIY4RpLCR1RBPwOzyltlVa</td><td>$2y$10$M/I33TseHNhXce2l7gpC1OLj9w1lRC2J9Xl8xOA4byW/H8t6wkk06</td></tr><tr><td>theme_color</td><td>dark-skin-navi</td><td>light-skin-primary</td></tr><tr><td>status</td><td>Active</td><td></td></tr></tbody></table>', 1, '2023-11-12 02:02:15', NULL),
	(566, '127.0.0.1', 'Mozilla/5.0 (Windows NT 10.0; Win64; x64) AppleWebKit/537.36 (KHTML, like Gecko) Chrome/119.0.0.0 Safari/537.36', 'http://127.0.0.1:8000/admin/users/edit-save/1', 'Actualizar información Super admin en Usuarios', '<table class="table table-striped"><thead><tr><th>Key</th><th>Old Value</th><th>New Value</th></thead><tbody><tr><td>password</td><td>$2y$10$M/I33TseHNhXce2l7gpC1OLj9w1lRC2J9Xl8xOA4byW/H8t6wkk06</td><td>$2y$10$nOm8gJNJhbFTvY1PNJdO/e7Y.3.msPsqSztzT76nW5Hg8GfiMIALm</td></tr><tr><td>theme_color</td><td>light-skin-primary</td><td>light-skin-spoty</td></tr><tr><td>status</td><td>Active</td><td></td></tr></tbody></table>', 1, '2023-11-12 02:05:08', NULL),
	(567, '127.0.0.1', 'Mozilla/5.0 (Windows NT 10.0; Win64; x64) AppleWebKit/537.36 (KHTML, like Gecko) Chrome/119.0.0.0 Safari/537.36', 'http://127.0.0.1:8000/admin/users/edit-save/1', 'Actualizar información Super admin en Usuarios', '<table class="table table-striped"><thead><tr><th>Key</th><th>Old Value</th><th>New Value</th></thead><tbody><tr><td>password</td><td>$2y$10$nOm8gJNJhbFTvY1PNJdO/e7Y.3.msPsqSztzT76nW5Hg8GfiMIALm</td><td>$2y$10$zp/7UoOBRfQFGll0ozHMH.2VFGuxLYUomZVBC8q8K4LiFe4snMXu.</td></tr><tr><td>theme_color</td><td>light-skin-spoty</td><td>dark-skin-navi</td></tr><tr><td>status</td><td>Active</td><td></td></tr></tbody></table>', 1, '2023-11-12 02:05:19', NULL),
	(568, '127.0.0.1', 'Mozilla/5.0 (Windows NT 10.0; Win64; x64) AppleWebKit/537.36 (KHTML, like Gecko) Chrome/119.0.0.0 Safari/537.36', 'http://127.0.0.1:8000/admin/users/edit-save/1', 'Actualizar información Super admin en Usuarios', '<table class="table table-striped"><thead><tr><th>Key</th><th>Old Value</th><th>New Value</th></thead><tbody><tr><td>password</td><td>$2y$10$zp/7UoOBRfQFGll0ozHMH.2VFGuxLYUomZVBC8q8K4LiFe4snMXu.</td><td>$2y$10$UDD2TL6w1Nf2eCOrZaLrfOVWnB7RpQrOC2fu1ePgHYMM6puORDqOO</td></tr><tr><td>theme_color</td><td>dark-skin-navi</td><td>dark-skin-black</td></tr><tr><td>status</td><td>Active</td><td></td></tr></tbody></table>', 1, '2023-11-12 02:05:29', NULL),
	(569, '127.0.0.1', 'Mozilla/5.0 (Windows NT 10.0; Win64; x64) AppleWebKit/537.36 (KHTML, like Gecko) Chrome/119.0.0.0 Safari/537.36', 'http://127.0.0.1:8000/admin/trabajadores/edit-save/1', 'Actualizar información  en Trabajadores', '<table class="table table-striped"><thead><tr><th>Key</th><th>Old Value</th><th>New Value</th></thead><tbody><tr><td>monto</td><td></td><td></td></tr><tr><td>fecha_inicio</td><td></td><td></td></tr><tr><td>fecha_fin</td><td></td><td></td></tr><tr><td>correo</td><td></td><td></td></tr><tr><td>celular</td><td></td><td></td></tr><tr><td>telefono</td><td></td><td></td></tr><tr><td>direccion</td><td></td><td></td></tr><tr><td>detalle</td><td></td><td></td></tr><tr><td>id_mina</td><td></td><td></td></tr><tr><td>id_yacimiento</td><td></td><td></td></tr></tbody></table>', 1, '2023-11-12 02:20:19', NULL),
	(570, '127.0.0.1', 'Mozilla/5.0 (Windows NT 10.0; Win64; x64) AppleWebKit/537.36 (KHTML, like Gecko) Chrome/119.0.0.0 Safari/537.36', 'http://127.0.0.1:8000/admin/users/edit-save/1', 'Actualizar información Super admin en Usuarios', '<table class="table table-striped"><thead><tr><th>Key</th><th>Old Value</th><th>New Value</th></thead><tbody><tr><td>password</td><td>$2y$10$UDD2TL6w1Nf2eCOrZaLrfOVWnB7RpQrOC2fu1ePgHYMM6puORDqOO</td><td>$2y$10$QlxKSYc5hwDm5rmWM7FsW.6rCpsp.LLB4eqtK6rwVdqQcsPmVlVzG</td></tr><tr><td>theme_color</td><td>dark-skin-black</td><td>light-skin-primary</td></tr><tr><td>status</td><td>Active</td><td></td></tr></tbody></table>', 1, '2023-11-12 02:37:06', NULL),
	(571, '127.0.0.1', 'Mozilla/5.0 (Windows NT 10.0; Win64; x64) AppleWebKit/537.36 (KHTML, like Gecko) Chrome/119.0.0.0 Safari/537.36', 'http://127.0.0.1:8000/admin/users/edit-save/1', 'Actualizar información Super admin en Usuarios', '<table class="table table-striped"><thead><tr><th>Key</th><th>Old Value</th><th>New Value</th></thead><tbody><tr><td>password</td><td>$2y$10$QlxKSYc5hwDm5rmWM7FsW.6rCpsp.LLB4eqtK6rwVdqQcsPmVlVzG</td><td>$2y$10$M63e0aDcenqq97BtoHlM.ORRF6UM6S5kXgONE6uh5irWe30IHVAou</td></tr><tr><td>theme_color</td><td>light-skin-primary</td><td>light-skin-spoty</td></tr><tr><td>status</td><td>Active</td><td></td></tr></tbody></table>', 1, '2023-11-12 02:38:00', NULL),
	(572, '127.0.0.1', 'Mozilla/5.0 (Windows NT 10.0; Win64; x64) AppleWebKit/537.36 (KHTML, like Gecko) Chrome/119.0.0.0 Safari/537.36', 'http://127.0.0.1:8000/admin/users/edit-save/1', 'Actualizar información Super admin en Usuarios', '<table class="table table-striped"><thead><tr><th>Key</th><th>Old Value</th><th>New Value</th></thead><tbody><tr><td>password</td><td>$2y$10$M63e0aDcenqq97BtoHlM.ORRF6UM6S5kXgONE6uh5irWe30IHVAou</td><td>$2y$10$jjGwzaU8T28zNSeucDoPLOteteyWZ.9gKjM6IrLTPUfuRaKQX85kK</td></tr><tr><td>theme_color</td><td>light-skin-spoty</td><td>dark-skin-navi</td></tr><tr><td>status</td><td>Active</td><td></td></tr></tbody></table>', 1, '2023-11-12 02:38:49', NULL),
	(573, '127.0.0.1', 'Mozilla/5.0 (Windows NT 10.0; Win64; x64) AppleWebKit/537.36 (KHTML, like Gecko) Chrome/119.0.0.0 Safari/537.36', 'http://127.0.0.1:8000/admin/trabajadores/edit-save/4', 'Actualizar información  en Trabajadores', '<table class="table table-striped"><thead><tr><th>Key</th><th>Old Value</th><th>New Value</th></thead><tbody></tbody></table>', 1, '2023-11-12 03:08:57', NULL),
	(574, '127.0.0.1', 'Mozilla/5.0 (Windows NT 10.0; Win64; x64) AppleWebKit/537.36 (KHTML, like Gecko) Chrome/119.0.0.0 Safari/537.36', 'http://127.0.0.1:8000/admin/integrantes/add-save', 'Añadir nueva información  en Integrantes', '', 1, '2023-11-12 03:11:52', NULL),
	(575, '127.0.0.1', 'Mozilla/5.0 (Windows NT 10.0; Win64; x64) AppleWebKit/537.36 (KHTML, like Gecko) Chrome/119.0.0.0 Safari/537.36', 'http://127.0.0.1:8000/admin/integrantes/add-save', 'Añadir nueva información  en Integrantes', '', 1, '2023-11-12 03:11:55', NULL),
	(576, '127.0.0.1', 'Mozilla/5.0 (Windows NT 10.0; Win64; x64) AppleWebKit/537.36 (KHTML, like Gecko) Chrome/119.0.0.0 Safari/537.36', 'http://127.0.0.1:8000/admin/integrantes/add-save', 'Añadir nueva información  en Integrantes', '', 1, '2023-11-12 03:11:57', NULL),
	(577, '127.0.0.1', 'Mozilla/5.0 (Windows NT 10.0; Win64; x64) AppleWebKit/537.36 (KHTML, like Gecko) Chrome/119.0.0.0 Safari/537.36', 'http://127.0.0.1:8000/admin/actividads/edit-save/1', 'Actualizar información  en Actividades', '<table class="table table-striped"><thead><tr><th>Key</th><th>Old Value</th><th>New Value</th></thead><tbody><tr><td>id_grupo</td><td>0</td><td></td></tr><tr><td>fecha_inicio</td><td></td><td></td></tr><tr><td>fecha_fin</td><td></td><td></td></tr><tr><td>fecha_hora_inicio</td><td>2023-11-12 04:17:11</td><td></td></tr><tr><td>fecha_hora_fin</td><td></td><td></td></tr><tr><td>fecha_programacion</td><td>2023-09-20 16:37:00</td><td>2023-09-20T16:37</td></tr><tr><td>id_mina</td><td></td><td></td></tr><tr><td>id_yacimiento</td><td></td><td></td></tr><tr><td>id_estado</td><td>3</td><td>1</td></tr></tbody></table>', 1, '2023-11-12 04:17:20', NULL),
	(578, '127.0.0.1', 'Mozilla/5.0 (Windows NT 10.0; Win64; x64) AppleWebKit/537.36 (KHTML, like Gecko) Chrome/119.0.0.0 Safari/537.36', 'http://127.0.0.1:8000/admin/login', 'Ingreso de admin@crudbooster.com desde la Dirección IP 127.0.0.1', '', 1, '2023-11-12 09:47:15', NULL),
	(579, '127.0.0.1', 'Mozilla/5.0 (Windows NT 10.0; Win64; x64) AppleWebKit/537.36 (KHTML, like Gecko) Chrome/119.0.0.0 Safari/537.36', 'http://127.0.0.1:8000/admin/login', 'Ingreso de admin@crudbooster.com desde la Dirección IP 127.0.0.1', '', 1, '2023-11-12 15:59:49', NULL),
	(580, '127.0.0.1', 'Mozilla/5.0 (Windows NT 10.0; Win64; x64) AppleWebKit/537.36 (KHTML, like Gecko) Chrome/119.0.0.0 Safari/537.36', 'http://127.0.0.1:8000/admin/login', 'Ingreso de admin@crudbooster.com desde la Dirección IP 127.0.0.1', '', 1, '2023-11-12 22:24:22', NULL),
	(581, '127.0.0.1', 'Mozilla/5.0 (Windows NT 10.0; Win64; x64) AppleWebKit/537.36 (KHTML, like Gecko) Chrome/119.0.0.0 Safari/537.36', 'http://127.0.0.1:8000/admin/trabajadores/edit-save/4', 'Actualizar información  en Trabajadores', '<table class="table table-striped"><thead><tr><th>Key</th><th>Old Value</th><th>New Value</th></thead><tbody><tr><td>id_genero</td><td>2</td><td>1</td></tr></tbody></table>', 1, '2023-11-12 22:43:59', NULL),
	(582, '127.0.0.1', 'Mozilla/5.0 (Windows NT 10.0; Win64; x64) AppleWebKit/537.36 (KHTML, like Gecko) Chrome/119.0.0.0 Safari/537.36', 'http://127.0.0.1:8000/admin/trabajadores/edit-save/1', 'Actualizar información  en Trabajadores', '<table class="table table-striped"><thead><tr><th>Key</th><th>Old Value</th><th>New Value</th></thead><tbody><tr><td>nombres</td><td>NILO</td><td>JUANA MARÍA</td></tr><tr><td>nombre_completo</td><td>CAMASI VALENCIA, NILO</td><td>CAMASI VALENCIA, JUANA MARÍA</td></tr><tr><td>monto</td><td></td><td></td></tr><tr><td>fecha_inicio</td><td></td><td></td></tr><tr><td>fecha_fin</td><td></td><td></td></tr><tr><td>correo</td><td></td><td></td></tr><tr><td>celular</td><td></td><td></td></tr><tr><td>telefono</td><td></td><td></td></tr><tr><td>direccion</td><td></td><td></td></tr><tr><td>detalle</td><td></td><td></td></tr><tr><td>id_mina</td><td></td><td></td></tr><tr><td>id_yacimiento</td><td></td><td></td></tr></tbody></table>', 1, '2023-11-12 22:44:10', NULL),
	(583, '127.0.0.1', 'Mozilla/5.0 (Windows NT 10.0; Win64; x64) AppleWebKit/537.36 (KHTML, like Gecko) Chrome/119.0.0.0 Safari/537.36', 'http://127.0.0.1:8000/admin/trabajadores/edit-save/1', 'Actualizar información  en Trabajadores', '<table class="table table-striped"><thead><tr><th>Key</th><th>Old Value</th><th>New Value</th></thead><tbody><tr><td>monto</td><td></td><td></td></tr><tr><td>fecha_inicio</td><td></td><td></td></tr><tr><td>fecha_fin</td><td></td><td></td></tr><tr><td>correo</td><td></td><td></td></tr><tr><td>celular</td><td></td><td></td></tr><tr><td>telefono</td><td></td><td></td></tr><tr><td>direccion</td><td></td><td></td></tr><tr><td>detalle</td><td></td><td></td></tr><tr><td>id_mina</td><td></td><td></td></tr><tr><td>id_yacimiento</td><td></td><td></td></tr></tbody></table>', 1, '2023-11-12 22:44:19', NULL),
	(584, '127.0.0.1', 'Mozilla/5.0 (Windows NT 10.0; Win64; x64) AppleWebKit/537.36 (KHTML, like Gecko) Chrome/119.0.0.0 Safari/537.36', 'http://127.0.0.1:8000/admin/login', 'Ingreso de admin@crudbooster.com desde la Dirección IP 127.0.0.1', '', 1, '2023-11-13 08:49:40', NULL),
	(585, '127.0.0.1', 'Mozilla/5.0 (Windows NT 10.0; Win64; x64) AppleWebKit/537.36 (KHTML, like Gecko) Chrome/119.0.0.0 Safari/537.36', 'http://127.0.0.1:8000/admin/contratos/delete/52', 'Eliminar información 52 en Contratos', '', 1, '2023-11-13 08:58:09', NULL),
	(586, '127.0.0.1', 'Mozilla/5.0 (Windows NT 10.0; Win64; x64) AppleWebKit/537.36 (KHTML, like Gecko) Chrome/119.0.0.0 Safari/537.36', 'http://127.0.0.1:8000/admin/contratos/delete/52', 'Eliminar información 52 en Contratos', '', 1, '2023-11-13 08:58:12', NULL),
	(587, '127.0.0.1', 'Mozilla/5.0 (Windows NT 10.0; Win64; x64) AppleWebKit/537.36 (KHTML, like Gecko) Chrome/119.0.0.0 Safari/537.36', 'http://127.0.0.1:8000/admin/login', 'Ingreso de admin@crudbooster.com desde la Dirección IP 127.0.0.1', '', 1, '2023-11-13 15:57:31', NULL),
	(588, '127.0.0.1', 'Mozilla/5.0 (Windows NT 10.0; Win64; x64) AppleWebKit/537.36 (KHTML, like Gecko) Chrome/119.0.0.0 Safari/537.36', 'http://127.0.0.1:8000/admin/logout', 'admin@crudbooster.com se desconectó', '', 1, '2023-11-13 16:00:49', NULL),
	(589, '127.0.0.1', 'Mozilla/5.0 (Windows NT 10.0; Win64; x64) AppleWebKit/537.36 (KHTML, like Gecko) Chrome/120.0.0.0 Safari/537.36', 'http://127.0.0.1:8000/admin/login', 'Ingreso de admin@crudbooster.com desde la Dirección IP 127.0.0.1', '', 1, '2024-01-16 16:04:14', NULL);
/*!40000 ALTER TABLE `cms_logs` ENABLE KEYS */;

-- Volcando estructura para tabla mip.cms_menus
CREATE TABLE IF NOT EXISTS `cms_menus` (
  `id` int(10) unsigned NOT NULL AUTO_INCREMENT,
  `name` varchar(255) COLLATE utf8mb4_unicode_ci DEFAULT NULL,
  `type` varchar(255) COLLATE utf8mb4_unicode_ci NOT NULL DEFAULT 'url',
  `path` varchar(255) COLLATE utf8mb4_unicode_ci DEFAULT NULL,
  `color` varchar(255) COLLATE utf8mb4_unicode_ci DEFAULT NULL,
  `icon` varchar(255) COLLATE utf8mb4_unicode_ci DEFAULT NULL,
  `parent_id` int(11) DEFAULT NULL,
  `is_active` tinyint(1) NOT NULL DEFAULT '1',
  `is_dashboard` tinyint(1) NOT NULL DEFAULT '0',
  `id_cms_privileges` int(11) DEFAULT NULL,
  `sorting` int(11) DEFAULT NULL,
  `created_at` timestamp NULL DEFAULT NULL,
  `updated_at` timestamp NULL DEFAULT NULL,
  PRIMARY KEY (`id`)
) ENGINE=InnoDB AUTO_INCREMENT=44 DEFAULT CHARSET=utf8mb4 COLLATE=utf8mb4_unicode_ci;

-- Volcando datos para la tabla mip.cms_menus: ~35 rows (aproximadamente)
DELETE FROM `cms_menus`;
/*!40000 ALTER TABLE `cms_menus` DISABLE KEYS */;
INSERT INTO `cms_menus` (`id`, `name`, `type`, `path`, `color`, `icon`, `parent_id`, `is_active`, `is_dashboard`, `id_cms_privileges`, `sorting`, `created_at`, `updated_at`) VALUES
	(1, 'Sliders', 'Route', 'AdminSlidersControllerGetIndex', 'normal', 'fa fa-sliders', 3, 1, 0, 1, 3, '2023-06-16 00:21:06', '2023-09-22 01:48:44'),
	(3, 'CONFIGURACIONES', 'URL', '#', 'normal', 'fa fa-cog', 0, 1, 0, 1, 3, '2023-06-16 00:24:15', '2023-07-05 20:37:06'),
	(4, 'MAESTROS', 'URL', '#', 'normal', 'fa fa-table', 0, 1, 0, 1, 5, '2023-06-16 00:24:54', '2023-06-16 00:25:30'),
	(5, 'Yacimientos', 'Route', 'AdminYacimientosControllerGetIndex', 'normal', 'fa fa-map-marker', 3, 1, 0, 1, 2, '2023-06-16 00:27:33', '2023-07-05 20:36:52'),
	(6, 'Trabajadores', 'Route', 'AdminTrabajadoresControllerGetIndex', 'normal', 'fa fa-users', 24, 1, 0, 1, 2, '2023-06-16 20:22:06', '2023-06-19 01:25:42'),
	(7, 'Setting estados', 'Route', 'AdminSettingEstadosControllerGetIndex', 'normal', 'fa fa-wrench', 4, 1, 0, 1, 8, '2023-06-16 20:32:29', '2023-06-17 19:24:42'),
	(8, 'Setting tipo documentos', 'Route', 'AdminSettingTipoDocumentosControllerGetIndex', 'normal', 'fa fa-wrench', 4, 1, 0, 1, 5, '2023-06-17 19:15:38', '2023-06-17 19:16:07'),
	(9, 'Setting géneros', 'Route', 'AdminSettingGenerosControllerGetIndex', 'normal', 'fa fa-wrench', 4, 1, 0, 1, 6, '2023-06-17 19:18:32', '2023-06-17 19:21:14'),
	(10, 'Setting pais', 'Route', 'AdminSettingPaisControllerGetIndex', NULL, 'fa fa-wrench', 4, 1, 0, 1, 1, '2023-06-17 19:26:08', NULL),
	(11, 'Setting departamentos', 'Route', 'AdminSettingDepartamentosControllerGetIndex', 'normal', 'fa fa-wrench', 4, 1, 0, 1, 2, '2023-06-17 19:26:34', '2023-06-17 19:29:23'),
	(12, 'Setting provincias', 'Route', 'AdminSettingProvinciasControllerGetIndex', 'normal', 'fa fa-wrench', 4, 1, 0, 1, 3, '2023-06-17 19:27:06', '2023-06-17 19:29:35'),
	(13, 'Setting distritos', 'Route', 'AdminSettingDistritosControllerGetIndex', 'normal', 'fa fa-wrench', 4, 1, 0, 1, 4, '2023-06-17 19:27:31', '2023-06-17 19:29:42'),
	(15, 'Setting tipo cargos', 'Route', 'AdminSettingTipoCargosControllerGetIndex', 'normal', 'fa fa-wrench', 4, 1, 0, 1, 7, '2023-06-17 19:38:13', '2023-09-22 22:51:06'),
	(16, 'Setting periodo pagos', 'Route', 'AdminSettingPeriodoPagosControllerGetIndex', 'normal', 'fa fa-wrench', 4, 1, 0, 1, 9, '2023-06-17 19:43:03', '2023-06-17 19:43:27'),
	(17, 'Setting tiempo contratos', 'Route', 'AdminSettingTiempoContratosControllerGetIndex', NULL, 'fa fa-wrench', 4, 1, 0, 1, 10, '2023-06-18 01:41:37', NULL),
	(18, 'Setting tipo monedas', 'Route', 'AdminSettingTipoMonedasControllerGetIndex', 'normal', 'fa fa-wrench', 4, 1, 0, 1, 12, '2023-06-18 04:19:55', '2023-06-18 04:20:41'),
	(19, 'Pagos', 'Route', 'AdminPagosControllerGetIndex', 'normal', 'fa fa-money', 25, 1, 0, 1, 3, '2023-06-18 04:23:27', '2023-09-22 01:48:34'),
	(22, 'Ingresos', 'Route', 'AdminIngresosControllerGetIndex', 'normal', 'fa fa-cart-plus', 25, 1, 0, 1, 1, '2023-06-19 00:30:25', '2023-09-22 01:48:05'),
	(23, 'Setting tipo ingresos', 'Route', 'AdminSettingTipoIngresosControllerGetIndex', 'normal', 'fa fa-wrench', 4, 1, 0, 1, 13, '2023-06-19 00:41:18', '2023-06-19 00:41:44'),
	(24, 'ADMINISTRACIÓN', 'URL', '#', 'normal', 'fa fa-user', 0, 1, 0, 1, 1, '2023-06-19 00:48:25', '2023-06-19 01:25:31'),
	(25, 'CONTABILIDAD', 'URL', '#', 'normal', 'fa fa-money', 0, 1, 0, 1, 2, '2023-06-19 00:48:59', '2023-09-22 01:47:58'),
	(26, 'Setting tipo egresos', 'Route', 'AdminSettingTipoEgresosControllerGetIndex', 'normal', 'fa fa-wrench', 4, 1, 0, 1, 14, '2023-06-19 00:51:24', '2023-06-19 00:51:52'),
	(30, 'Egresos', 'Route', 'AdminEgresosControllerGetIndex', 'normal', 'fa fa-cart-arrow-down', 25, 1, 0, 1, 2, '2023-09-22 16:41:16', '2023-09-22 23:42:55'),
	(31, 'Mina', 'Route', 'AdminMinasControllerGetIndex', NULL, 'fa fa-building-o', 3, 1, 0, 1, 1, '2023-09-22 18:11:06', NULL),
	(32, 'Contratos', 'Route', 'AdminContratosControllerGetIndex', NULL, 'fa fa-pencil-square-o', 24, 1, 0, 1, 3, '2023-09-22 19:19:47', NULL),
	(33, 'Actividades', 'Route', 'AdminActividadsControllerGetIndex', NULL, 'fa fa-calendar', 24, 1, 0, 1, 4, '2023-09-22 21:04:34', NULL),
	(34, 'Asistencias', 'Route', 'AdminAsistenciasControllerGetIndex', NULL, 'fa fa-file-text-o', 24, 1, 0, 1, 5, '2023-09-23 12:30:56', NULL),
	(35, 'Lista Asistencias', 'Route', 'AdminListaAsistenciasControllerGetIndex', NULL, 'fa fa-pencil-square', 24, 1, 0, 1, 6, '2023-09-23 12:37:43', NULL),
	(36, 'Integrantes', 'Route', 'AdminIntegrantesControllerGetIndex', NULL, 'fa fa-user-plus', 0, 1, 0, 1, 4, '2023-09-23 12:41:45', NULL),
	(37, 'Setting Tipo Actividades', 'Route', 'AdminSettingTipoActividadsControllerGetIndex', NULL, 'fa fa-wrench', 4, 1, 0, 1, 18, '2023-09-23 12:59:32', NULL),
	(38, 'Setting periodo pagos', 'Route', 'AdminSettingPeriodoPagosControllerGetIndex', NULL, 'fa fa-wrench', 4, 1, 0, 1, 15, '2023-09-23 14:49:01', NULL),
	(39, 'Usuarios', 'Route', 'AdminCmsUsersControllerGetIndex', 'normal', 'fa fa-user', 24, 1, 0, 1, 1, '2023-09-26 18:24:41', '2023-09-26 18:25:05'),
	(40, 'Setting tipo pagos', 'Route', 'AdminSettingTipoPagosControllerGetIndex', NULL, 'fa fa-wrench', 4, 1, 0, 1, 16, '2023-10-01 13:58:05', NULL),
	(41, 'Setting tipo egresos', 'Route', 'AdminSettingTipoEgresosControllerGetIndex', NULL, 'fa fa-wrench', 4, 1, 0, 1, 17, '2023-10-01 14:04:22', NULL),
	(43, 'Dias festivos', 'Route', 'AdminDiaFestivosControllerGetIndex', NULL, 'fa fa-calendar-check-o', 3, 1, 0, 1, 4, '2023-10-08 00:13:23', NULL);
/*!40000 ALTER TABLE `cms_menus` ENABLE KEYS */;

-- Volcando estructura para tabla mip.cms_menus_privileges
CREATE TABLE IF NOT EXISTS `cms_menus_privileges` (
  `id` int(10) unsigned NOT NULL AUTO_INCREMENT,
  `id_cms_menus` int(11) DEFAULT NULL,
  `id_cms_privileges` int(11) DEFAULT NULL,
  PRIMARY KEY (`id`)
) ENGINE=InnoDB AUTO_INCREMENT=98 DEFAULT CHARSET=utf8mb4 COLLATE=utf8mb4_unicode_ci;

-- Volcando datos para la tabla mip.cms_menus_privileges: ~56 rows (aproximadamente)
DELETE FROM `cms_menus_privileges`;
/*!40000 ALTER TABLE `cms_menus_privileges` DISABLE KEYS */;
INSERT INTO `cms_menus_privileges` (`id`, `id_cms_menus`, `id_cms_privileges`) VALUES
	(7, 4, 1),
	(17, 8, 1),
	(21, 9, 1),
	(22, 7, 1),
	(23, 10, 1),
	(27, 11, 1),
	(28, 12, 1),
	(29, 13, 1),
	(34, 16, 1),
	(35, 17, 1),
	(37, 18, 1),
	(41, 20, 1),
	(47, 23, 1),
	(51, 26, 1),
	(52, 24, 2),
	(53, 24, 1),
	(54, 6, 2),
	(55, 6, 1),
	(57, 2, 2),
	(58, 2, 1),
	(59, 5, 2),
	(60, 5, 1),
	(61, 3, 2),
	(62, 3, 1),
	(63, 14, 2),
	(64, 14, 1),
	(65, 27, 2),
	(66, 27, 1),
	(67, 25, 2),
	(68, 25, 1),
	(69, 22, 2),
	(70, 22, 1),
	(71, 21, 2),
	(72, 21, 1),
	(73, 19, 2),
	(74, 19, 1),
	(75, 1, 2),
	(76, 1, 1),
	(77, 28, 1),
	(78, 29, 1),
	(80, 31, 1),
	(81, 32, 1),
	(82, 33, 1),
	(83, 15, 1),
	(84, 30, 1),
	(85, 34, 1),
	(86, 35, 1),
	(87, 36, 1),
	(88, 37, 1),
	(89, 38, 1),
	(92, 39, 2),
	(93, 39, 1),
	(94, 40, 1),
	(95, 41, 1),
	(96, 42, 1),
	(97, 43, 1);
/*!40000 ALTER TABLE `cms_menus_privileges` ENABLE KEYS */;

-- Volcando estructura para tabla mip.cms_moduls
CREATE TABLE IF NOT EXISTS `cms_moduls` (
  `id` int(10) unsigned NOT NULL AUTO_INCREMENT,
  `name` varchar(255) COLLATE utf8mb4_unicode_ci DEFAULT NULL,
  `icon` varchar(255) COLLATE utf8mb4_unicode_ci DEFAULT NULL,
  `path` varchar(255) COLLATE utf8mb4_unicode_ci DEFAULT NULL,
  `table_name` varchar(255) COLLATE utf8mb4_unicode_ci DEFAULT NULL,
  `controller` varchar(255) COLLATE utf8mb4_unicode_ci DEFAULT NULL,
  `is_protected` tinyint(1) NOT NULL DEFAULT '0',
  `is_active` tinyint(1) NOT NULL DEFAULT '0',
  `created_at` timestamp NULL DEFAULT NULL,
  `updated_at` timestamp NULL DEFAULT NULL,
  `deleted_at` timestamp NULL DEFAULT NULL,
  PRIMARY KEY (`id`)
) ENGINE=InnoDB AUTO_INCREMENT=62 DEFAULT CHARSET=utf8mb4 COLLATE=utf8mb4_unicode_ci;

-- Volcando datos para la tabla mip.cms_moduls: ~61 rows (aproximadamente)
DELETE FROM `cms_moduls`;
/*!40000 ALTER TABLE `cms_moduls` DISABLE KEYS */;
INSERT INTO `cms_moduls` (`id`, `name`, `icon`, `path`, `table_name`, `controller`, `is_protected`, `is_active`, `created_at`, `updated_at`, `deleted_at`) VALUES
	(1, 'Notificaciones', 'fa fa-cog', 'notifications', 'cms_notifications', 'NotificationsController', 1, 1, '2023-06-16 00:17:48', NULL, NULL),
	(2, 'Privilegios', 'fa fa-cog', 'privileges', 'cms_privileges', 'PrivilegesController', 1, 1, '2023-06-16 00:17:48', NULL, NULL),
	(3, 'Privilegios & Roles', 'fa fa-cog', 'privileges_roles', 'cms_privileges_roles', 'PrivilegesRolesController', 1, 1, '2023-06-16 00:17:48', NULL, NULL),
	(4, 'Usuarios', 'fa fa-user', 'users', 'cms_users', 'AdminCmsUsersController', 0, 1, '2023-06-16 00:17:48', NULL, NULL),
	(5, 'Ajustes', 'fa fa-cog', 'settings', 'cms_settings', 'SettingsController', 1, 1, '2023-06-16 00:17:48', NULL, NULL),
	(6, 'Generador de Módulos', 'fa fa-database', 'module_generator', 'cms_moduls', 'ModulsController', 1, 1, '2023-06-16 00:17:48', NULL, NULL),
	(7, 'Gestión de Menús', 'fa fa-bars', 'menu_management', 'cms_menus', 'MenusController', 1, 1, '2023-06-16 00:17:48', NULL, NULL),
	(8, 'Plantillas de Correo', 'fa fa-envelope-o', 'email_templates', 'cms_email_templates', 'EmailTemplatesController', 1, 1, '2023-06-16 00:17:48', NULL, NULL),
	(9, 'Generador de Estadísticas', 'fa fa-dashboard', 'statistic_builder', 'cms_statistics', 'StatisticBuilderController', 1, 1, '2023-06-16 00:17:48', NULL, NULL),
	(10, 'Generador de API', 'fa fa-cloud-download', 'api_generator', '', 'ApiCustomController', 1, 1, '2023-06-16 00:17:48', NULL, NULL),
	(11, 'Log de Accesos (Usuarios)', 'fa fa-flag-o', 'logs', 'cms_logs', 'LogsController', 1, 1, '2023-06-16 00:17:48', NULL, NULL),
	(12, 'Sliders', 'fa fa-sliders', 'sliders', 'sliders', 'AdminSlidersController', 0, 0, '2023-06-16 00:21:06', NULL, '2023-09-22 21:28:32'),
	(13, 'Mina', 'fa fa-building-o', 'mina', 'minas', 'AdminMinaController', 0, 0, '2023-06-16 00:23:08', NULL, '2023-09-22 21:28:32'),
	(14, 'Yacimientos', 'fa fa-map-marker', 'yacimientos', 'yacimientos', 'AdminYacimientosController', 0, 0, '2023-06-16 00:27:33', NULL, '2023-09-22 21:28:32'),
	(15, 'Trabajadores', 'fa fa-users', 'trabajadores', 'personals', 'AdminTrabajadoresController', 0, 0, '2023-06-16 20:22:06', NULL, '2023-09-22 21:28:32'),
	(16, 'Stting estados', 'fa fa-database', 'setting_estados', 'estados', 'AdminSettingEstadosController', 0, 0, '2023-06-16 20:32:29', NULL, '2023-09-22 21:28:32'),
	(17, 'Setting tipo documentos', 'fa fa-wrench', 'setting_tipo_documentos', 'tipo_documentos', 'AdminSettingTipoDocumentosController', 0, 0, '2023-06-17 19:15:38', NULL, '2023-09-22 21:28:32'),
	(18, 'Setting géneros', 'fa fa-wrench', 'setting_generos', 'generos', 'AdminSettingGenerosController', 0, 0, '2023-06-17 19:18:32', NULL, '2023-09-22 21:28:32'),
	(19, 'Setting pais', 'fa fa-wrench', 'setting_pais', 'pais', 'AdminSettingPaisController', 0, 0, '2023-06-17 19:26:08', NULL, '2023-09-22 21:28:32'),
	(20, 'Setting departamentos', 'fa fa-wrench', 'setting_departamentos', 'departamentos', 'AdminSettingDepartamentosController', 0, 0, '2023-06-17 19:26:34', NULL, '2023-09-22 21:28:32'),
	(21, 'Setting provincias', 'fa fa-wrench', 'setting_provincias', 'provincias', 'AdminSettingProvinciasController', 0, 0, '2023-06-17 19:27:06', NULL, '2023-09-22 21:28:32'),
	(22, 'Setting distritos', 'fa fa-wrench', 'setting_distritos', 'distritos', 'AdminSettingDistritosController', 0, 0, '2023-06-17 19:27:31', NULL, '2023-09-22 21:28:32'),
	(23, 'Contratos', 'fa fa-pencil-square-o', 'contratos', 'contratos', 'AdminContratosController', 0, 0, '2023-06-17 19:33:33', NULL, '2023-09-22 21:25:44'),
	(24, 'Setting cargos', 'fa fa-wrench', 'setting_cargos', 'cargos', 'AdminSettingCargosController', 0, 0, '2023-06-17 19:38:13', NULL, '2023-09-22 21:28:32'),
	(25, 'Setting periodo pagos', 'fa fa-pencil-square-o', 'setting_periodo_pagos', 'periodo_pagos', 'AdminSettingPeriodoPagosController', 0, 0, '2023-06-17 19:43:03', NULL, '2023-09-22 21:28:32'),
	(26, 'Setting tiempo contratos', 'fa fa-wrench', 'setting_tiempo_contratos', 'tiempo_contratos', 'AdminSettingTiempoContratosController', 0, 0, '2023-06-18 01:41:37', NULL, '2023-09-22 21:28:32'),
	(27, 'Setting tipo monedas', 'fa fa-wrench', 'setting_tipo_monedas', 'tipo_monedas', 'AdminSettingTipoMonedasController', 0, 0, '2023-06-18 04:19:55', NULL, '2023-09-22 21:28:32'),
	(28, 'Pagos', 'fa fa-money', 'pagos', 'pagos', 'AdminPagosController', 0, 0, '2023-06-18 04:23:27', NULL, '2023-09-22 21:28:32'),
	(29, 'Pagos', 'fa fa-money', 'pagos_personal', 'pagos', 'AdminPagosPersonalController', 0, 0, '2023-06-18 04:25:28', NULL, '2023-09-22 21:28:32'),
	(30, 'Egresos', 'fa fa-cart-arrow-down', 'egresos', 'egresos', 'AdminEgresosController', 0, 0, '2023-06-19 00:29:08', NULL, '2023-09-22 21:28:32'),
	(31, 'Ingresos', 'fa fa-cart-plus', 'ingresos', 'ingresos', 'AdminIngresosController', 0, 0, '2023-06-19 00:30:25', NULL, '2023-09-22 21:28:32'),
	(32, 'Setting tipo ingresos', 'fa fa-wrench', 'setting_tipo_ingresos', 'tipo_ingresos', 'AdminSettingTipoIngresosController', 0, 0, '2023-06-19 00:41:18', NULL, '2023-09-22 21:28:32'),
	(33, 'Setting tipo egresos', 'fa fa-cart-plus', 'setting_tipo_egresos', 'tipo_egresos', 'AdminSettingTipoEgresosController', 0, 0, '2023-06-19 00:51:24', NULL, '2023-09-22 21:28:32'),
	(34, 'Actividades', 'fa fa-calendar', 'actividades', 'actividads', 'AdminActividadesController', 0, 0, '2023-06-19 02:53:35', NULL, '2023-09-22 21:25:34'),
	(35, 'Trabajadores', 'fa fa-users', 'trabajadores', 'trabajadors', 'AdminTrabajadoresController', 0, 0, '2023-09-22 21:32:08', NULL, NULL),
	(36, 'Ingresos', 'fa fa-money', 'ingresos', 'ingresos', 'AdminIngresosController', 0, 0, '2023-09-22 16:40:45', NULL, NULL),
	(37, 'Egresos', 'fa fa-money', 'egresos', 'egresos', 'AdminEgresosController', 0, 0, '2023-09-22 16:41:16', NULL, NULL),
	(38, 'Mina', 'fa fa-building-o', 'minas', 'minas', 'AdminMinasController', 0, 0, '2023-09-22 18:11:06', NULL, NULL),
	(39, 'Contratos', 'fa fa-pencil-square-o', 'contratos', 'contratos', 'AdminContratosController', 0, 0, '2023-09-22 19:19:47', NULL, NULL),
	(40, 'Actividades', 'fa fa-calendar', 'actividads', 'actividads', 'AdminActividadsController', 0, 0, '2023-09-22 21:04:34', NULL, NULL),
	(41, 'Setting tipo documentos', 'fa fa-wrench', 'setting_tipo_documentos', 'tipo_documentos', 'AdminSettingTipoDocumentosController', 0, 0, '2023-09-22 22:42:44', NULL, NULL),
	(42, 'Setting tipo cargos', 'fa fa-wrench', 'setting_tipo_cargos', 'tipo_cargos', 'AdminSettingTipoCargosController', 0, 0, '2023-09-22 22:50:01', NULL, NULL),
	(43, 'Pagos', 'fa fa-money', 'pagos', 'pagos', 'AdminPagosController', 0, 0, '2023-09-22 23:20:06', NULL, NULL),
	(44, 'Pagos', 'fa fa-building-o', 'pagos_personal', 'pagos', 'AdminPagosPersonalController', 0, 0, '2023-09-22 23:22:24', NULL, NULL),
	(45, 'Yacimientos', 'fa fa-map-marker', 'yacimientos', 'yacimientos', 'AdminYacimientosController', 0, 0, '2023-09-22 23:51:01', NULL, NULL),
	(46, 'Setting géneros', 'fa fa-wrench', 'setting_generos', 'generos', 'AdminSettingGenerosController', 0, 0, '2023-09-23 12:04:39', NULL, NULL),
	(47, 'Asistencias', 'fa fa-file-text-o', 'asistencias', 'asistencias', 'AdminAsistenciasController', 0, 0, '2023-09-23 12:30:56', NULL, NULL),
	(48, 'Lista Asistencias', 'fa fa-pencil-square', 'lista_asistencias', 'lista_asistencias', 'AdminListaAsistenciasController', 0, 0, '2023-09-23 12:37:43', NULL, NULL),
	(49, 'Integrantes', 'fa fa-user-plus', 'integrantes', 'integrantes', 'AdminIntegrantesController', 0, 0, '2023-09-23 12:41:45', NULL, NULL),
	(50, 'Setting Tipo Actividades', 'fa fa-wrench', 'setting_tipo_actividads', 'tipo_actividads', 'AdminSettingTipoActividadsController', 0, 0, '2023-09-23 12:59:32', NULL, NULL),
	(51, 'Setting periodo pagos', 'fa fa-wrench', 'setting_periodo_pagos', 'periodo_pagos', 'AdminSettingPeriodoPagosController', 0, 0, '2023-09-23 14:49:01', NULL, NULL),
	(52, 'Setting Pais', 'fa fa-wrench', 'setting_pais', 'pais', 'AdminSettingPaisController', 0, 0, '2023-09-23 14:53:38', NULL, NULL),
	(53, 'Setting departamentos', 'fa fa-wrench', 'setting_departamentos', 'departamentos', 'AdminSettingDepartamentosController', 0, 0, '2023-09-23 14:54:16', NULL, NULL),
	(54, 'Setting distritos', 'fa fa-wrench', 'setting_distritos', 'distritos', 'AdminSettingDistritosController', 0, 0, '2023-09-23 14:54:47', NULL, NULL),
	(55, 'Setting provincias', 'fa fa-wrench', 'setting_provincias', 'provincias', 'AdminSettingProvinciasController', 0, 0, '2023-09-23 14:56:46', NULL, NULL),
	(56, 'Setting tipo ingresos', 'fa fa-wrench', 'setting_tipo_ingresos', 'tipo_ingresos', 'AdminSettingTipoIngresosController', 0, 0, '2023-10-01 00:31:55', NULL, NULL),
	(57, 'Setting tipo pagos', 'fa fa-wrench', 'setting_tipo_pagos', 'tipo_pagos', 'AdminSettingTipoPagosController', 0, 0, '2023-10-01 13:58:05', NULL, NULL),
	(58, 'Setting tipo egresos', 'fa fa-wrench', 'setting_tipo_egresos', 'tipo_egresos', 'AdminSettingTipoEgresosController', 0, 0, '2023-10-01 14:04:22', NULL, NULL),
	(59, 'Sliders', 'fa fa-sliders', 'sliders', 'sliders', 'AdminSlidersController', 0, 0, '2023-10-01 21:48:34', NULL, NULL),
	(60, 'Setting tiempo contratos', 'fa fa-wrench', 'setting_tiempo_contratos', 'tiempo_contratos', 'AdminSettingTiempoContratosController', 0, 0, '2023-10-06 02:17:57', NULL, NULL),
	(61, 'Dias festivos', 'fa fa-calendar-check-o', 'dia_festivos', 'dia_festivos', 'AdminDiaFestivosController', 0, 0, '2023-10-08 00:13:22', NULL, NULL);
/*!40000 ALTER TABLE `cms_moduls` ENABLE KEYS */;

-- Volcando estructura para tabla mip.cms_notifications
CREATE TABLE IF NOT EXISTS `cms_notifications` (
  `id` int(10) unsigned NOT NULL AUTO_INCREMENT,
  `id_cms_users` int(11) DEFAULT NULL,
  `content` varchar(255) COLLATE utf8mb4_unicode_ci DEFAULT NULL,
  `url` varchar(255) COLLATE utf8mb4_unicode_ci DEFAULT NULL,
  `is_read` tinyint(1) DEFAULT NULL,
  `created_at` timestamp NULL DEFAULT NULL,
  `updated_at` timestamp NULL DEFAULT NULL,
  PRIMARY KEY (`id`)
) ENGINE=InnoDB DEFAULT CHARSET=utf8mb4 COLLATE=utf8mb4_unicode_ci;

-- Volcando datos para la tabla mip.cms_notifications: ~0 rows (aproximadamente)
DELETE FROM `cms_notifications`;
/*!40000 ALTER TABLE `cms_notifications` DISABLE KEYS */;
/*!40000 ALTER TABLE `cms_notifications` ENABLE KEYS */;

-- Volcando estructura para tabla mip.cms_privileges
CREATE TABLE IF NOT EXISTS `cms_privileges` (
  `id` int(10) unsigned NOT NULL AUTO_INCREMENT,
  `name` varchar(255) COLLATE utf8mb4_unicode_ci DEFAULT NULL,
  `is_superadmin` tinyint(1) DEFAULT NULL,
  `theme_color` varchar(255) COLLATE utf8mb4_unicode_ci DEFAULT NULL,
  `nivel` varchar(255) COLLATE utf8mb4_unicode_ci DEFAULT NULL,
  `created_at` timestamp NULL DEFAULT NULL,
  `updated_at` timestamp NULL DEFAULT NULL,
  PRIMARY KEY (`id`)
) ENGINE=InnoDB AUTO_INCREMENT=3 DEFAULT CHARSET=utf8mb4 COLLATE=utf8mb4_unicode_ci;

-- Volcando datos para la tabla mip.cms_privileges: ~2 rows (aproximadamente)
DELETE FROM `cms_privileges`;
/*!40000 ALTER TABLE `cms_privileges` DISABLE KEYS */;
INSERT INTO `cms_privileges` (`id`, `name`, `is_superadmin`, `theme_color`, `nivel`, `created_at`, `updated_at`) VALUES
	(1, 'Super Administrator', 1, 'dark-skin-navi', 'GENERAL', '2023-06-16 00:17:48', NULL),
	(2, 'ADMINISTRADOR', 0, 'dark-skin-navi', 'LOCAL', NULL, NULL);
/*!40000 ALTER TABLE `cms_privileges` ENABLE KEYS */;

-- Volcando estructura para tabla mip.cms_privileges_roles
CREATE TABLE IF NOT EXISTS `cms_privileges_roles` (
  `id` int(10) unsigned NOT NULL AUTO_INCREMENT,
  `is_visible` tinyint(1) DEFAULT NULL,
  `is_create` tinyint(1) DEFAULT NULL,
  `is_read` tinyint(1) DEFAULT NULL,
  `is_edit` tinyint(1) DEFAULT NULL,
  `is_delete` tinyint(1) DEFAULT NULL,
  `is_download` tinyint(1) DEFAULT NULL,
  `is_dashboard` tinyint(1) DEFAULT NULL,
  `id_cms_privileges` int(11) DEFAULT NULL,
  `id_cms_moduls` int(11) DEFAULT NULL,
  `created_at` timestamp NULL DEFAULT NULL,
  `updated_at` timestamp NULL DEFAULT NULL,
  PRIMARY KEY (`id`)
) ENGINE=InnoDB AUTO_INCREMENT=474 DEFAULT CHARSET=utf8mb4 COLLATE=utf8mb4_unicode_ci;

-- Volcando datos para la tabla mip.cms_privileges_roles: ~96 rows (aproximadamente)
DELETE FROM `cms_privileges_roles`;
/*!40000 ALTER TABLE `cms_privileges_roles` DISABLE KEYS */;
INSERT INTO `cms_privileges_roles` (`id`, `is_visible`, `is_create`, `is_read`, `is_edit`, `is_delete`, `is_download`, `is_dashboard`, `id_cms_privileges`, `id_cms_moduls`, `created_at`, `updated_at`) VALUES
	(101, 1, 1, 1, 1, 1, 0, 0, 2, 4, NULL, NULL),
	(102, 1, 1, 1, 1, 1, 0, 0, 1, 40, NULL, NULL),
	(103, 1, 1, 1, 1, 1, 0, 0, 1, 47, NULL, NULL),
	(104, 1, 1, 1, 1, 1, 0, 0, 1, 39, NULL, NULL),
	(105, 1, 1, 1, 1, 1, 0, 0, 1, 37, NULL, NULL),
	(106, 1, 1, 1, 1, 1, 0, 0, 1, 4, NULL, NULL),
	(107, 1, 1, 1, 1, 1, 0, 0, 1, 36, NULL, NULL),
	(108, 1, 1, 1, 1, 1, 0, 0, 1, 49, NULL, NULL),
	(109, 1, 1, 1, 1, 1, 0, 0, 1, 48, NULL, NULL),
	(110, 1, 1, 1, 1, 1, 0, 0, 1, 38, NULL, NULL),
	(111, 1, 1, 1, 1, 1, 0, 0, 1, 43, NULL, NULL),
	(112, 1, 1, 1, 1, 1, 0, 0, 1, 44, NULL, NULL),
	(113, 1, 1, 1, 1, 1, 0, 0, 1, 46, NULL, NULL),
	(114, 1, 1, 1, 1, 1, 0, 0, 1, 50, NULL, NULL),
	(115, 1, 1, 1, 1, 1, 0, 0, 1, 42, NULL, NULL),
	(116, 1, 1, 1, 1, 1, 0, 0, 1, 41, NULL, NULL),
	(117, 1, 1, 1, 1, 1, 0, 0, 1, 35, NULL, NULL),
	(118, 1, 1, 1, 1, 1, 0, 0, 1, 45, NULL, NULL),
	(119, 1, 1, 1, 1, 1, NULL, NULL, 1, 51, NULL, NULL),
	(120, 1, 1, 1, 1, 1, NULL, NULL, 1, 52, NULL, NULL),
	(121, 1, 1, 1, 1, 1, NULL, NULL, 1, 53, NULL, NULL),
	(122, 1, 1, 1, 1, 1, NULL, NULL, 1, 54, NULL, NULL),
	(123, 1, 1, 1, 1, 1, NULL, NULL, 1, 55, NULL, NULL),
	(124, 1, 1, 1, 1, 1, NULL, NULL, 1, 56, NULL, NULL),
	(125, 1, 1, 1, 1, 1, NULL, NULL, 1, 57, NULL, NULL),
	(126, 1, 1, 1, 1, 1, NULL, NULL, 1, 58, NULL, NULL),
	(127, 1, 1, 1, 1, 1, NULL, NULL, 1, 59, NULL, NULL),
	(128, 1, 1, 1, 1, 1, NULL, NULL, 1, 60, NULL, NULL),
	(129, 1, 1, 1, 1, 1, NULL, NULL, 1, 61, NULL, NULL),
	(407, 1, 1, 1, 1, 1, 1, 1, 5, 24, NULL, NULL),
	(408, 1, 1, 1, 1, 1, 1, 1, 5, 25, NULL, NULL),
	(409, 1, 0, 1, 0, 0, 0, 0, 5, 12, NULL, NULL),
	(410, 1, 1, 1, 1, 1, 1, 1, 4, 26, NULL, NULL),
	(411, 1, 1, 1, 1, 1, 1, 1, 4, 12, NULL, NULL),
	(412, 1, 1, 1, 1, 1, 1, 1, 3, 24, NULL, NULL),
	(413, 1, 1, 1, 1, 1, 1, 1, 3, 25, NULL, NULL),
	(414, 1, 1, 1, 1, 1, 1, 1, 3, 26, NULL, NULL),
	(415, 1, 1, 1, 1, 1, 1, 1, 3, 12, NULL, NULL),
	(416, 1, 1, 1, 1, 1, 1, 1, 3, 29, NULL, NULL),
	(417, 1, 1, 1, 1, 1, 1, 1, 3, 16, NULL, NULL),
	(418, 1, 1, 1, 1, 1, 1, 1, 3, 21, NULL, NULL),
	(419, 1, 1, 1, 1, 1, 1, 1, 3, 23, NULL, NULL),
	(420, 1, 1, 1, 1, 1, 1, 1, 3, 17, NULL, NULL),
	(421, 1, 1, 1, 1, 1, 1, 1, 3, 19, NULL, NULL),
	(422, 1, 1, 1, 1, 1, 1, 1, 3, 15, NULL, NULL),
	(423, 1, 1, 1, 1, 1, 1, 1, 3, 20, NULL, NULL),
	(424, 1, 1, 1, 1, 1, 1, 1, 3, 22, NULL, NULL),
	(425, 1, 1, 1, 1, 1, 1, 1, 3, 13, NULL, NULL),
	(426, 1, 1, 1, 1, 1, 1, 1, 3, 28, NULL, NULL),
	(427, 1, 1, 1, 1, 1, 1, 1, 3, 27, NULL, NULL),
	(428, 1, 1, 1, 1, 1, 1, 1, 3, 18, NULL, NULL),
	(429, 1, 1, 1, 1, 1, 1, 1, 3, 30, NULL, NULL),
	(430, 1, 1, 1, 1, 1, 1, 1, 3, 31, NULL, NULL),
	(431, 1, 1, 1, 1, 1, 1, 1, 3, 32, NULL, NULL),
	(432, 1, 1, 1, 1, 1, 1, 1, 3, 4, NULL, NULL),
	(433, 1, 1, 1, 1, 1, 1, 1, 2, 24, NULL, NULL),
	(434, 1, 1, 1, 1, 1, 1, 1, 2, 25, NULL, NULL),
	(435, 1, 1, 1, 1, 1, 1, 1, 2, 26, NULL, NULL),
	(436, 1, 1, 1, 1, 1, 1, 1, 2, 12, NULL, NULL),
	(437, 1, 1, 1, 1, 1, 1, 1, 2, 29, NULL, NULL),
	(438, 1, 1, 1, 1, 1, 1, 1, 2, 16, NULL, NULL),
	(439, 1, 1, 1, 1, 1, 1, 1, 2, 21, NULL, NULL),
	(440, 1, 1, 1, 1, 1, 1, 1, 2, 23, NULL, NULL),
	(441, 1, 1, 1, 1, 1, 1, 1, 2, 17, NULL, NULL),
	(442, 1, 1, 1, 1, 1, 1, 1, 2, 19, NULL, NULL),
	(443, 1, 1, 1, 1, 1, 1, 1, 2, 15, NULL, NULL),
	(444, 1, 1, 1, 1, 1, 1, 1, 2, 20, NULL, NULL),
	(445, 1, 1, 1, 1, 1, 1, 1, 2, 22, NULL, NULL),
	(446, 1, 1, 1, 1, 1, 1, 1, 2, 13, NULL, NULL),
	(447, 1, 1, 1, 1, 1, 1, 1, 2, 28, NULL, NULL),
	(448, 1, 1, 1, 1, 1, 1, 1, 2, 27, NULL, NULL),
	(449, 1, 1, 1, 1, 1, 1, 1, 2, 18, NULL, NULL),
	(450, 1, 1, 1, 1, 1, 1, 1, 2, 4, NULL, NULL),
	(451, 1, 1, 1, 1, 1, 0, 0, 1, 24, NULL, NULL),
	(452, 1, 1, 1, 1, 1, 0, 0, 1, 25, NULL, NULL),
	(453, 1, 1, 1, 1, 1, 0, 0, 1, 26, NULL, NULL),
	(454, 1, 1, 1, 1, 1, 0, 0, 1, 12, NULL, NULL),
	(455, 1, 1, 1, 1, 1, 0, 0, 1, 34, NULL, NULL),
	(456, 1, 1, 1, 1, 1, 0, 0, 1, 29, NULL, NULL),
	(457, 1, 1, 1, 1, 1, 0, 0, 1, 16, NULL, NULL),
	(458, 1, 1, 1, 1, 1, 0, 0, 1, 21, NULL, NULL),
	(459, 1, 1, 1, 1, 1, 0, 0, 1, 23, NULL, NULL),
	(460, 1, 1, 1, 1, 1, 0, 0, 1, 17, NULL, NULL),
	(461, 1, 1, 1, 1, 1, 0, 0, 1, 19, NULL, NULL),
	(462, 1, 1, 1, 1, 1, 0, 0, 1, 15, NULL, NULL),
	(463, 1, 1, 1, 1, 1, 0, 0, 1, 20, NULL, NULL),
	(464, 1, 1, 1, 1, 1, 0, 0, 1, 22, NULL, NULL),
	(465, 1, 1, 1, 1, 1, 0, 0, 1, 13, NULL, NULL),
	(466, 1, 1, 1, 1, 1, 0, 0, 1, 28, NULL, NULL),
	(467, 1, 1, 1, 1, 1, 0, 0, 1, 27, NULL, NULL),
	(468, 1, 1, 1, 1, 1, 0, 0, 1, 18, NULL, NULL),
	(469, 1, 1, 1, 1, 1, 0, 0, 1, 33, NULL, NULL),
	(470, 1, 1, 1, 1, 1, 0, 0, 1, 30, NULL, NULL),
	(471, 1, 1, 1, 1, 1, 0, 0, 1, 31, NULL, NULL),
	(472, 1, 1, 1, 1, 1, 0, 0, 1, 32, NULL, NULL),
	(473, 1, 1, 1, 1, 1, 0, 0, 1, 4, NULL, NULL);
/*!40000 ALTER TABLE `cms_privileges_roles` ENABLE KEYS */;

-- Volcando estructura para tabla mip.cms_settings
CREATE TABLE IF NOT EXISTS `cms_settings` (
  `id` int(10) unsigned NOT NULL AUTO_INCREMENT,
  `name` varchar(255) COLLATE utf8mb4_unicode_ci DEFAULT NULL,
  `content` text COLLATE utf8mb4_unicode_ci,
  `content_input_type` varchar(255) COLLATE utf8mb4_unicode_ci DEFAULT NULL,
  `dataenum` varchar(255) COLLATE utf8mb4_unicode_ci DEFAULT NULL,
  `helper` varchar(255) COLLATE utf8mb4_unicode_ci DEFAULT NULL,
  `created_at` timestamp NULL DEFAULT NULL,
  `updated_at` timestamp NULL DEFAULT NULL,
  `group_setting` varchar(255) COLLATE utf8mb4_unicode_ci DEFAULT NULL,
  `label` varchar(255) COLLATE utf8mb4_unicode_ci DEFAULT NULL,
  PRIMARY KEY (`id`)
) ENGINE=InnoDB AUTO_INCREMENT=17 DEFAULT CHARSET=utf8mb4 COLLATE=utf8mb4_unicode_ci;

-- Volcando datos para la tabla mip.cms_settings: ~16 rows (aproximadamente)
DELETE FROM `cms_settings`;
/*!40000 ALTER TABLE `cms_settings` DISABLE KEYS */;
INSERT INTO `cms_settings` (`id`, `name`, `content`, `content_input_type`, `dataenum`, `helper`, `created_at`, `updated_at`, `group_setting`, `label`) VALUES
	(1, 'login_background_color', NULL, 'text', NULL, 'Input hexacode', '2023-06-16 00:17:48', NULL, 'Estilo de página de registro', 'Login Background Color'),
	(2, 'login_font_color', NULL, 'text', NULL, 'Input hexacode', '2023-06-16 00:17:48', NULL, 'Estilo de página de registro', 'Login Font Color'),
	(3, 'login_background_image', NULL, 'upload_image', NULL, NULL, '2023-06-16 00:17:48', NULL, 'Estilo de página de registro', 'Login Background Image'),
	(4, 'email_sender', 'support@crudbooster.com', 'text', NULL, NULL, '2023-06-16 00:17:48', NULL, 'Ajustes de Correo', 'Email Sender'),
	(5, 'smtp_driver', 'mail', 'select', 'smtp,mail,sendmail', NULL, '2023-06-16 00:17:48', NULL, 'Ajustes de Correo', 'Mail Driver'),
	(6, 'smtp_host', '', 'text', NULL, NULL, '2023-06-16 00:17:48', NULL, 'Ajustes de Correo', 'SMTP Host'),
	(7, 'smtp_port', '25', 'text', NULL, 'default 25', '2023-06-16 00:17:48', NULL, 'Ajustes de Correo', 'SMTP Port'),
	(8, 'smtp_username', '', 'text', NULL, NULL, '2023-06-16 00:17:48', NULL, 'Ajustes de Correo', 'SMTP Username'),
	(9, 'smtp_password', '', 'text', NULL, NULL, '2023-06-16 00:17:48', NULL, 'Ajustes de Correo', 'SMTP Password'),
	(10, 'appname', 'MIP', 'text', NULL, NULL, '2023-06-16 00:17:48', NULL, 'Ajustes de Aplicaciones', 'Application Name'),
	(11, 'default_paper_size', 'Legal', 'text', NULL, 'Paper size, ex : A4, Legal, etc', '2023-06-16 00:17:48', NULL, 'Ajustes de Aplicaciones', 'Default Paper Print Size'),
	(12, 'logo', 'uploads/2023-09/c08ad3ba23a70472c208a6c5d6481224.png', 'upload_image', NULL, NULL, '2023-06-16 00:17:48', NULL, 'Ajustes de Aplicaciones', 'Logo'),
	(13, 'favicon', NULL, 'upload_image', NULL, NULL, '2023-06-16 00:17:48', NULL, 'Ajustes de Aplicaciones', 'Favicon'),
	(14, 'api_debug_mode', 'true', 'select', 'true,false', NULL, '2023-06-16 00:17:48', NULL, 'Ajustes de Aplicaciones', 'API Debug Mode'),
	(15, 'google_api_key', NULL, 'text', NULL, NULL, '2023-06-16 00:17:48', NULL, 'Ajustes de Aplicaciones', 'Google API Key'),
	(16, 'google_fcm_key', NULL, 'text', NULL, NULL, '2023-06-16 00:17:48', NULL, 'Ajustes de Aplicaciones', 'Google FCM Key');
/*!40000 ALTER TABLE `cms_settings` ENABLE KEYS */;

-- Volcando estructura para tabla mip.cms_statistics
CREATE TABLE IF NOT EXISTS `cms_statistics` (
  `id` int(10) unsigned NOT NULL AUTO_INCREMENT,
  `name` varchar(255) COLLATE utf8mb4_unicode_ci DEFAULT NULL,
  `slug` varchar(255) COLLATE utf8mb4_unicode_ci DEFAULT NULL,
  `created_at` timestamp NULL DEFAULT NULL,
  `updated_at` timestamp NULL DEFAULT NULL,
  PRIMARY KEY (`id`)
) ENGINE=InnoDB DEFAULT CHARSET=utf8mb4 COLLATE=utf8mb4_unicode_ci;

-- Volcando datos para la tabla mip.cms_statistics: ~0 rows (aproximadamente)
DELETE FROM `cms_statistics`;
/*!40000 ALTER TABLE `cms_statistics` DISABLE KEYS */;
/*!40000 ALTER TABLE `cms_statistics` ENABLE KEYS */;

-- Volcando estructura para tabla mip.cms_statistic_components
CREATE TABLE IF NOT EXISTS `cms_statistic_components` (
  `id` int(10) unsigned NOT NULL AUTO_INCREMENT,
  `id_cms_statistics` int(11) DEFAULT NULL,
  `componentID` varchar(255) COLLATE utf8mb4_unicode_ci DEFAULT NULL,
  `component_name` varchar(255) COLLATE utf8mb4_unicode_ci DEFAULT NULL,
  `area_name` varchar(55) COLLATE utf8mb4_unicode_ci DEFAULT NULL,
  `sorting` int(11) DEFAULT NULL,
  `name` varchar(255) COLLATE utf8mb4_unicode_ci DEFAULT NULL,
  `config` longtext COLLATE utf8mb4_unicode_ci,
  `created_at` timestamp NULL DEFAULT NULL,
  `updated_at` timestamp NULL DEFAULT NULL,
  PRIMARY KEY (`id`)
) ENGINE=InnoDB DEFAULT CHARSET=utf8mb4 COLLATE=utf8mb4_unicode_ci;

-- Volcando datos para la tabla mip.cms_statistic_components: ~0 rows (aproximadamente)
DELETE FROM `cms_statistic_components`;
/*!40000 ALTER TABLE `cms_statistic_components` DISABLE KEYS */;
/*!40000 ALTER TABLE `cms_statistic_components` ENABLE KEYS */;

-- Volcando estructura para tabla mip.cms_users
CREATE TABLE IF NOT EXISTS `cms_users` (
  `id` int(10) unsigned NOT NULL AUTO_INCREMENT,
  `name` varchar(70) COLLATE utf8mb4_unicode_ci DEFAULT NULL,
  `apellidos` varchar(70) COLLATE utf8mb4_unicode_ci DEFAULT NULL,
  `nombre_completo` varchar(140) COLLATE utf8mb4_unicode_ci DEFAULT NULL,
  `photo` varchar(255) COLLATE utf8mb4_unicode_ci DEFAULT NULL,
  `imagen_firma` varchar(255) COLLATE utf8mb4_unicode_ci DEFAULT NULL,
  `email` varchar(255) COLLATE utf8mb4_unicode_ci DEFAULT NULL,
  `password` varchar(255) COLLATE utf8mb4_unicode_ci DEFAULT NULL,
  `password_email` varchar(255) COLLATE utf8mb4_unicode_ci DEFAULT NULL,
  `theme_color` varchar(255) COLLATE utf8mb4_unicode_ci DEFAULT NULL,
  `id_cms_privileges` int(11) DEFAULT NULL,
  `id_yacimiento` int(11) DEFAULT NULL,
  `notificacion` int(11) DEFAULT NULL,
  `id_estado` int(11) DEFAULT NULL,
  `created_at` timestamp NULL DEFAULT NULL,
  `updated_at` timestamp NULL DEFAULT NULL,
  `status` varchar(50) COLLATE utf8mb4_unicode_ci DEFAULT NULL,
  PRIMARY KEY (`id`)
) ENGINE=InnoDB AUTO_INCREMENT=5 DEFAULT CHARSET=utf8mb4 COLLATE=utf8mb4_unicode_ci;

-- Volcando datos para la tabla mip.cms_users: ~4 rows (aproximadamente)
DELETE FROM `cms_users`;
/*!40000 ALTER TABLE `cms_users` DISABLE KEYS */;
INSERT INTO `cms_users` (`id`, `name`, `apellidos`, `nombre_completo`, `photo`, `imagen_firma`, `email`, `password`, `password_email`, `theme_color`, `id_cms_privileges`, `id_yacimiento`, `notificacion`, `id_estado`, `created_at`, `updated_at`, `status`) VALUES
	(1, 'Super admin', 'Admin', 'Admin, Super admin', 'uploads/2023-09/20230922_17291913.JPG', NULL, 'admin@crudbooster.com', '$2y$10$jjGwzaU8T28zNSeucDoPLOteteyWZ.9gKjM6IrLTPUfuRaKQX85kK', NULL, 'dark-skin-navi', 1, 2, 1, NULL, '2023-09-22 19:39:29', '2023-11-12 02:38:49', 'Active'),
	(2, 'FIDEL', 'RIOS GARCÍA', 'RIOS GARCÍA, FIDEL', NULL, NULL, 'fidel@crudbooster.com', '$2y$10$AKej1b7EVSN5DzPhzHY.tOIHQCerk22EDEQnxinY2Le3al2WRDEEa', NULL, 'light-skin-primary', 2, 1, 1, NULL, '2023-09-22 21:32:24', NULL, NULL),
	(3, 'MARIO', 'RAMOS VARGAS', 'RAMOS VARGAS, MARIO', NULL, NULL, 'mario@crudbooster.com', '$2y$10$HPo/hqHQnpZllH7bXE1RA.AHJonbCGJqeyW2D9YlGnGUNFOHZlGSm', NULL, 'dark-skin-navi', 2, 2, 1, NULL, '2023-09-23 12:56:27', '2023-10-01 00:28:54', NULL),
	(4, 'JAIME', 'HUAMANI CENTENO', 'HUAMANI CENTENO, JAIME', 'uploads/2023-10/20231005_19315916.png', NULL, 'Jaymmehc777@outlook.com', '$2y$10$Gqz86wLGSwmxd5hnqT/g/e7UzYoljZnCzy/zaCBxVKYNNRNFOBST6', NULL, 'light-skin-primary', 2, 1, 1, NULL, '2023-10-01 21:44:06', '2023-10-06 00:32:00', NULL);
/*!40000 ALTER TABLE `cms_users` ENABLE KEYS */;

-- Volcando estructura para tabla mip.contratos
CREATE TABLE IF NOT EXISTS `contratos` (
  `id` int(10) unsigned NOT NULL AUTO_INCREMENT,
  `id_trabajador` int(10) unsigned NOT NULL,
  `id_periodo_pago` int(10) unsigned DEFAULT NULL,
  `id_cargo` int(10) unsigned DEFAULT NULL,
  `id_tipo_cargo` int(10) unsigned DEFAULT NULL,
  `id_moneda` int(10) unsigned DEFAULT NULL,
  `monto` int(10) unsigned DEFAULT NULL,
  `id_referencia` int(10) unsigned DEFAULT '0',
  `id_tiempo_contrato` int(10) unsigned DEFAULT '0',
  `referencia` varchar(70) COLLATE utf8mb4_unicode_ci DEFAULT NULL,
  `fecha_inicio` date DEFAULT NULL,
  `fecha_fin` date DEFAULT NULL,
  `id_estado` int(10) unsigned DEFAULT '1',
  `listable` int(10) unsigned DEFAULT '1',
  `id_user_create` int(10) unsigned DEFAULT NULL,
  `id_user_update` int(10) unsigned DEFAULT NULL,
  `created_at` timestamp NULL DEFAULT NULL,
  `updated_at` timestamp NULL DEFAULT NULL,
  PRIMARY KEY (`id`)
) ENGINE=InnoDB AUTO_INCREMENT=63 DEFAULT CHARSET=utf8mb4 COLLATE=utf8mb4_unicode_ci;

-- Volcando datos para la tabla mip.contratos: ~20 rows (aproximadamente)
DELETE FROM `contratos`;
/*!40000 ALTER TABLE `contratos` DISABLE KEYS */;
INSERT INTO `contratos` (`id`, `id_trabajador`, `id_periodo_pago`, `id_cargo`, `id_tipo_cargo`, `id_moneda`, `monto`, `id_referencia`, `id_tiempo_contrato`, `referencia`, `fecha_inicio`, `fecha_fin`, `id_estado`, `listable`, `id_user_create`, `id_user_update`, `created_at`, `updated_at`) VALUES
	(42, 2, 2, NULL, 2, 1, 1500, 0, 1, 'CTO-IF-20231012141854-0042', '2023-10-27', NULL, 1, 0, 1, 1, '2023-10-12 19:18:54', NULL),
	(43, 4, 2, NULL, 2, 1, 1500, 0, 1, 'CTO-EÑ-20231014104257-0043', '2023-10-05', NULL, 1, 0, 1, 1, '2023-10-14 15:42:57', NULL),
	(44, 1, 1, NULL, 2, 1, 1500, 0, 1, NULL, '2023-10-01', NULL, 1, 0, 1, 1, '2023-10-14 15:55:45', NULL),
	(45, 1, 1, NULL, 2, 1, 1500, 0, 1, 'CTO-NC-20231014105717-0045', '2023-10-01', NULL, 1, 0, 1, 1, '2023-10-14 15:57:17', NULL),
	(46, 4, 1, NULL, 1, 1, 1900, 0, 7, 'CTO-EÑ-20231014105916-0046', '2023-11-01', NULL, 1, 0, 1, 1, '2023-10-14 15:59:16', NULL),
	(47, 4, 2, NULL, 1, 1, 1800, 0, 3, 'CTO-EÑ-20231014110014-0047', '2023-10-01', NULL, 1, 0, 1, 1, '2023-10-14 16:00:14', NULL),
	(48, 4, 2, NULL, 1, 1, 1900, 0, 7, 'CTO-EÑ-20231014110137-0048', '2023-10-17', NULL, 1, 0, 1, 1, '2023-10-14 16:01:37', NULL),
	(49, 4, 2, NULL, 1, 2, 800, 0, 6, 'CTO-EÑ-20231014110215-0049', '2023-11-16', NULL, 1, 0, 1, 1, '2023-10-14 16:02:15', NULL),
	(50, 1, 3, NULL, 1, 1, 1900, 0, 1, NULL, '2023-10-01', NULL, 1, 0, 1, 1, '2023-10-14 16:03:46', NULL),
	(51, 2, 3, NULL, 2, 1, 1500, 0, 1, 'CTO-IF-20231014110529-0051', '2023-10-18', NULL, 1, 0, 1, 1, '2023-10-14 16:05:29', NULL),
	(52, 2, 4, NULL, 1, 1, 1900, 0, 5, NULL, '2023-10-01', NULL, 1, 0, 1, 1, '2023-10-14 16:06:18', NULL),
	(53, 2, 4, NULL, 1, 1, 1900, 0, 1, NULL, '2023-10-01', NULL, 1, 0, 1, 1, '2023-10-14 16:06:52', NULL),
	(54, 2, 4, NULL, 1, 1, 1900, 0, 1, NULL, '2023-10-01', NULL, 1, 0, 1, 1, '2023-10-14 16:07:23', NULL),
	(56, 3, 4, NULL, 2, 1, 1500, 0, 4, 'CTO-CP-20231014120547-0056', '2023-10-01', NULL, 1, 0, 1, 1, '2023-10-14 17:05:47', NULL),
	(57, 4, 4, NULL, 2, 1, 1900, 0, 3, 'CTO-EÑ-20231014121017-0057', '2023-10-01', NULL, 1, 0, 1, 1, '2023-10-14 17:10:17', NULL),
	(58, 2, 4, NULL, 2, 1, 86787, 0, 4, 'CTO-IF-20231014130116-0058', '2023-10-01', '2023-10-18', 1, 0, 1, 1, '2023-10-14 18:01:16', '2023-10-15 05:24:24'),
	(59, 1, 2, NULL, 2, 2, 120, 0, 5, 'CTO-NC-20231014130202-0059', '2023-10-01', NULL, 1, 0, 1, 1, '2023-10-14 18:02:02', NULL),
	(60, 2, 4, NULL, 2, 1, 565, 0, 6, 'CTO-IF-20231014130248-0060', '2023-10-01', NULL, 1, 0, 1, 1, '2023-10-14 18:02:48', NULL),
	(61, 2, 4, NULL, 2, 1, 34545, 0, 4, 'CTO-IF-20231014130451-0061', '2023-11-01', NULL, 1, 0, 1, 1, '2023-10-14 18:04:50', NULL),
	(62, 3, 4, NULL, 1, 1, 345345, 0, 4, 'CTO-CP-20231014130617-0062', '2023-08-01', NULL, 1, 0, 1, 1, '2023-10-14 18:06:17', NULL);
/*!40000 ALTER TABLE `contratos` ENABLE KEYS */;

-- Volcando estructura para tabla mip.departamentos
CREATE TABLE IF NOT EXISTS `departamentos` (
  `id` int(10) unsigned NOT NULL AUTO_INCREMENT,
  `departamento` varchar(70) COLLATE utf8mb4_unicode_ci DEFAULT NULL,
  `id_pais` int(10) unsigned NOT NULL DEFAULT '0',
  `created_at` timestamp NULL DEFAULT NULL,
  `updated_at` timestamp NULL DEFAULT NULL,
  PRIMARY KEY (`id`)
) ENGINE=InnoDB AUTO_INCREMENT=26 DEFAULT CHARSET=utf8mb4 COLLATE=utf8mb4_unicode_ci;

-- Volcando datos para la tabla mip.departamentos: ~25 rows (aproximadamente)
DELETE FROM `departamentos`;
/*!40000 ALTER TABLE `departamentos` DISABLE KEYS */;
INSERT INTO `departamentos` (`id`, `departamento`, `id_pais`, `created_at`, `updated_at`) VALUES
	(1, 'AMAZONAS', 1, NULL, NULL),
	(2, 'ANCASH', 1, NULL, NULL),
	(3, 'APURIMAC', 1, NULL, NULL),
	(4, 'AREQUIPA', 1, NULL, NULL),
	(5, 'AYACUCHO', 1, NULL, NULL),
	(6, 'CAJAMARCA', 1, NULL, NULL),
	(7, 'CALLAO', 1, NULL, NULL),
	(8, 'CUSCO', 1, NULL, NULL),
	(9, 'HUANCAVELICA', 1, NULL, NULL),
	(10, 'HUANUCO', 1, NULL, NULL),
	(11, 'ICA', 1, NULL, NULL),
	(12, 'JUNIN', 1, NULL, NULL),
	(13, 'LA LIBERTAD', 1, NULL, NULL),
	(14, 'LAMBAYEQUE', 1, NULL, NULL),
	(15, 'LIMA', 1, NULL, NULL),
	(16, 'LORETO', 1, NULL, NULL),
	(17, 'MADRE DE DIOS', 1, NULL, NULL),
	(18, 'MOQUEGUA', 1, NULL, NULL),
	(19, 'PASCO', 1, NULL, NULL),
	(20, 'PIURA', 1, NULL, NULL),
	(21, 'PUNO', 1, NULL, NULL),
	(22, 'SAN MARTIN', 1, NULL, NULL),
	(23, 'TACNA', 1, NULL, NULL),
	(24, 'TUMBES', 1, NULL, NULL),
	(25, 'UCAYALI', 1, NULL, NULL);
/*!40000 ALTER TABLE `departamentos` ENABLE KEYS */;

-- Volcando estructura para tabla mip.dia_festivos
CREATE TABLE IF NOT EXISTS `dia_festivos` (
  `id` int(11) NOT NULL AUTO_INCREMENT,
  `fecha` date DEFAULT NULL,
  `nombre` varchar(50) DEFAULT NULL,
  PRIMARY KEY (`id`)
) ENGINE=InnoDB AUTO_INCREMENT=7 DEFAULT CHARSET=latin1;

-- Volcando datos para la tabla mip.dia_festivos: ~6 rows (aproximadamente)
DELETE FROM `dia_festivos`;
/*!40000 ALTER TABLE `dia_festivos` DISABLE KEYS */;
INSERT INTO `dia_festivos` (`id`, `fecha`, `nombre`) VALUES
	(1, '2023-01-01', 'AÑO NUEVO'),
	(2, '2023-12-25', 'NAVIDAD'),
	(3, '2023-05-01', 'DIA DEL TRABAJADOR'),
	(4, '2023-10-08', 'COMBATE DE ANGAMOS'),
	(5, '2023-06-07', 'DIA DE LA BANDERA'),
	(6, '2023-07-28', 'FIESTAS PATRIAS');
/*!40000 ALTER TABLE `dia_festivos` ENABLE KEYS */;

-- Volcando estructura para tabla mip.distritos
CREATE TABLE IF NOT EXISTS `distritos` (
  `id` int(10) unsigned NOT NULL AUTO_INCREMENT,
  `distrito` varchar(70) COLLATE utf8mb4_unicode_ci DEFAULT NULL,
  `id_provincia` int(10) unsigned NOT NULL DEFAULT '0',
  `created_at` timestamp NULL DEFAULT NULL,
  `updated_at` timestamp NULL DEFAULT NULL,
  PRIMARY KEY (`id`)
) ENGINE=InnoDB AUTO_INCREMENT=1837 DEFAULT CHARSET=utf8mb4 COLLATE=utf8mb4_unicode_ci;

-- Volcando datos para la tabla mip.distritos: ~1,836 rows (aproximadamente)
DELETE FROM `distritos`;
/*!40000 ALTER TABLE `distritos` DISABLE KEYS */;
INSERT INTO `distritos` (`id`, `distrito`, `id_provincia`, `created_at`, `updated_at`) VALUES
	(1, 'CHACHAPOYAS', 1, NULL, NULL),
	(2, 'ASUNCION', 1, NULL, NULL),
	(3, 'BALSAS', 1, NULL, NULL),
	(4, 'CHETO', 1, NULL, NULL),
	(5, 'CHILIQUIN', 1, NULL, NULL),
	(6, 'CHUQUIBAMBA', 1, NULL, NULL),
	(7, 'GRANADA', 1, NULL, NULL),
	(8, 'HUANCAS', 1, NULL, NULL),
	(9, 'LA JALCA', 1, NULL, NULL),
	(10, 'LEIMEBAMBA', 1, NULL, NULL),
	(11, 'LEVANTO', 1, NULL, NULL),
	(12, 'MAGDALENA', 1, NULL, NULL),
	(13, 'MARISCAL CASTILLA', 1, NULL, NULL),
	(14, 'MOLINOPAMPA', 1, NULL, NULL),
	(15, 'MONTEVIDEO', 1, NULL, NULL),
	(16, 'OLLEROS', 1, NULL, NULL),
	(17, 'QUINJALCA', 1, NULL, NULL),
	(18, 'SAN FRANCISCO DE DAGUAS', 1, NULL, NULL),
	(19, 'SAN ISIDRO DE MAINO', 1, NULL, NULL),
	(20, 'SOLOCO', 1, NULL, NULL),
	(21, 'SONCHE', 1, NULL, NULL),
	(22, 'LA PECA', 2, NULL, NULL),
	(23, 'ARAMANGO', 2, NULL, NULL),
	(24, 'COPALLIN', 2, NULL, NULL),
	(25, 'EL PARCO', 2, NULL, NULL),
	(26, 'IMAZA', 2, NULL, NULL),
	(27, 'JUMBILLA', 3, NULL, NULL),
	(28, 'CHISQUILLA', 3, NULL, NULL),
	(29, 'CHURUJA', 3, NULL, NULL),
	(30, 'COROSHA', 3, NULL, NULL),
	(31, 'CUISPES', 3, NULL, NULL),
	(32, 'FLORIDA', 3, NULL, NULL),
	(33, 'JAZAN', 3, NULL, NULL),
	(34, 'RECTA', 3, NULL, NULL),
	(35, 'SAN CARLOS', 3, NULL, NULL),
	(36, 'SHIPASBAMBA', 3, NULL, NULL),
	(37, 'VALERA', 3, NULL, NULL),
	(38, 'YAMBRASBAMBA', 3, NULL, NULL),
	(39, 'NIEVA', 4, NULL, NULL),
	(40, 'EL CENEPA', 4, NULL, NULL),
	(41, 'RIO SANTIAGO', 4, NULL, NULL),
	(42, 'LAMUD', 5, NULL, NULL),
	(43, 'CAMPORREDONDO', 5, NULL, NULL),
	(44, 'COCABAMBA', 5, NULL, NULL),
	(45, 'COLCAMAR', 5, NULL, NULL),
	(46, 'CONILA', 5, NULL, NULL),
	(47, 'INGUILPATA', 5, NULL, NULL),
	(48, 'LONGUITA', 5, NULL, NULL),
	(49, 'LONYA CHICO', 5, NULL, NULL),
	(50, 'LUYA', 5, NULL, NULL),
	(51, 'LUYA VIEJO', 5, NULL, NULL),
	(52, 'MARIA', 5, NULL, NULL),
	(53, 'OCALLI', 5, NULL, NULL),
	(54, 'OCUMAL', 5, NULL, NULL),
	(55, 'PISUQUIA', 5, NULL, NULL),
	(56, 'PROVIDENCIA', 5, NULL, NULL),
	(57, 'SAN CRISTOBAL', 5, NULL, NULL),
	(58, 'SAN FRANCISCO DEL YESO', 5, NULL, NULL),
	(59, 'SAN JERONIMO', 5, NULL, NULL),
	(60, 'SAN JUAN DE LOPECANCHA', 5, NULL, NULL),
	(61, 'SANTA CATALINA', 5, NULL, NULL),
	(62, 'SANTO TOMAS', 5, NULL, NULL),
	(63, 'TINGO', 5, NULL, NULL),
	(64, 'TRITA', 5, NULL, NULL),
	(65, 'SAN NICOLAS', 6, NULL, NULL),
	(66, 'CHIRIMOTO', 6, NULL, NULL),
	(67, 'COCHAMAL', 6, NULL, NULL),
	(68, 'HUAMBO', 6, NULL, NULL),
	(69, 'LIMABAMBA', 6, NULL, NULL),
	(70, 'LONGAR', 6, NULL, NULL),
	(71, 'MARISCAL BENAVIDES', 6, NULL, NULL),
	(72, 'MILPUC', 6, NULL, NULL),
	(73, 'OMIA', 6, NULL, NULL),
	(74, 'SANTA ROSA', 6, NULL, NULL),
	(75, 'TOTORA', 6, NULL, NULL),
	(76, 'VISTA ALEGRE', 6, NULL, NULL),
	(77, 'BAGUA GRANDE', 7, NULL, NULL),
	(78, 'CAJARURO', 7, NULL, NULL),
	(79, 'CUMBA', 7, NULL, NULL),
	(80, 'EL MILAGRO', 7, NULL, NULL),
	(81, 'JAMALCA', 7, NULL, NULL),
	(82, 'LONYA GRANDE', 7, NULL, NULL),
	(83, 'YAMON', 7, NULL, NULL),
	(84, 'HUARAZ', 8, NULL, NULL),
	(85, 'COCHABAMBA', 8, NULL, NULL),
	(86, 'COLCABAMBA', 8, NULL, NULL),
	(87, 'HUANCHAY', 8, NULL, NULL),
	(88, 'INDEPENDENCIA', 8, NULL, NULL),
	(89, 'JANGAS', 8, NULL, NULL),
	(90, 'LA LIBERTAD', 8, NULL, NULL),
	(91, 'OLLEROS', 8, NULL, NULL),
	(92, 'PAMPAS', 8, NULL, NULL),
	(93, 'PARIACOTO', 8, NULL, NULL),
	(94, 'PIRA', 8, NULL, NULL),
	(95, 'TARICA', 8, NULL, NULL),
	(96, 'AIJA', 9, NULL, NULL),
	(97, 'CORIS', 9, NULL, NULL),
	(98, 'HUACLLAN', 9, NULL, NULL),
	(99, 'LA MERCED', 9, NULL, NULL),
	(100, 'SUCCHA', 9, NULL, NULL),
	(101, 'LLAMELLIN', 10, NULL, NULL),
	(102, 'ACZO', 10, NULL, NULL),
	(103, 'CHACCHO', 10, NULL, NULL),
	(104, 'CHINGAS', 10, NULL, NULL),
	(105, 'MIRGAS', 10, NULL, NULL),
	(106, 'SAN JUAN DE RONTOY', 10, NULL, NULL),
	(107, 'CHACAS', 11, NULL, NULL),
	(108, 'ACOCHACA', 11, NULL, NULL),
	(109, 'CHIQUIAN', 12, NULL, NULL),
	(110, 'ABELARDO PARDO LEZAMETA', 12, NULL, NULL),
	(111, 'ANTONIO RAYMONDI', 12, NULL, NULL),
	(112, 'AQUIA', 12, NULL, NULL),
	(113, 'CAJACAY', 12, NULL, NULL),
	(114, 'CANIS', 12, NULL, NULL),
	(115, 'COLQUIOC', 12, NULL, NULL),
	(116, 'HUALLANCA', 12, NULL, NULL),
	(117, 'HUASTA', 12, NULL, NULL),
	(118, 'HUAYLLACAYAN', 12, NULL, NULL),
	(119, 'LA PRIMAVERA', 12, NULL, NULL),
	(120, 'MANGAS', 12, NULL, NULL),
	(121, 'PACLLON', 12, NULL, NULL),
	(122, 'SAN MIGUEL DE CORPANQUI', 12, NULL, NULL),
	(123, 'TICLLOS', 12, NULL, NULL),
	(124, 'CARHUAZ', 13, NULL, NULL),
	(125, 'ACOPAMPA', 13, NULL, NULL),
	(126, 'AMASHCA', 13, NULL, NULL),
	(127, 'ANTA', 13, NULL, NULL),
	(128, 'ATAQUERO', 13, NULL, NULL),
	(129, 'MARCARA', 13, NULL, NULL),
	(130, 'PARIAHUANCA', 13, NULL, NULL),
	(131, 'SAN MIGUEL DE ACO', 13, NULL, NULL),
	(132, 'SHILLA', 13, NULL, NULL),
	(133, 'TINCO', 13, NULL, NULL),
	(134, 'YUNGAR', 13, NULL, NULL),
	(135, 'SAN LUIS', 14, NULL, NULL),
	(136, 'SAN NICOLAS', 14, NULL, NULL),
	(137, 'YAUYA', 14, NULL, NULL),
	(138, 'CASMA', 15, NULL, NULL),
	(139, 'BUENA VISTA ALTA', 15, NULL, NULL),
	(140, 'COMANDANTE NOEL', 15, NULL, NULL),
	(141, 'YAUTAN', 15, NULL, NULL),
	(142, 'CORONGO', 16, NULL, NULL),
	(143, 'ACO', 16, NULL, NULL),
	(144, 'BAMBAS', 16, NULL, NULL),
	(145, 'CUSCA', 16, NULL, NULL),
	(146, 'LA PAMPA', 16, NULL, NULL),
	(147, 'YANAC', 16, NULL, NULL),
	(148, 'YUPAN', 16, NULL, NULL),
	(149, 'HUARI', 17, NULL, NULL),
	(150, 'ANRA', 17, NULL, NULL),
	(151, 'CAJAY', 17, NULL, NULL),
	(152, 'CHAVIN DE HUANTAR', 17, NULL, NULL),
	(153, 'HUACACHI', 17, NULL, NULL),
	(154, 'HUACCHIS', 17, NULL, NULL),
	(155, 'HUACHIS', 17, NULL, NULL),
	(156, 'HUANTAR', 17, NULL, NULL),
	(157, 'MASIN', 17, NULL, NULL),
	(158, 'PAUCAS', 17, NULL, NULL),
	(159, 'PONTO', 17, NULL, NULL),
	(160, 'RAHUAPAMPA', 17, NULL, NULL),
	(161, 'RAPAYAN', 17, NULL, NULL),
	(162, 'SAN MARCOS', 17, NULL, NULL),
	(163, 'SAN PEDRO DE CHANA', 17, NULL, NULL),
	(164, 'UCO', 17, NULL, NULL),
	(165, 'HUARMEY', 18, NULL, NULL),
	(166, 'COCHAPETI', 18, NULL, NULL),
	(167, 'CULEBRAS', 18, NULL, NULL),
	(168, 'HUAYAN', 18, NULL, NULL),
	(169, 'MALVAS', 18, NULL, NULL),
	(170, 'CARAZ', 26, NULL, NULL),
	(171, 'HUALLANCA', 26, NULL, NULL),
	(172, 'HUATA', 26, NULL, NULL),
	(173, 'HUAYLAS', 26, NULL, NULL),
	(174, 'MATO', 26, NULL, NULL),
	(175, 'PAMPAROMAS', 26, NULL, NULL),
	(176, 'PUEBLO LIBRE', 26, NULL, NULL),
	(177, 'SANTA CRUZ', 26, NULL, NULL),
	(178, 'SANTO TORIBIO', 26, NULL, NULL),
	(179, 'YURACMARCA', 26, NULL, NULL),
	(180, 'PISCOBAMBA', 27, NULL, NULL),
	(181, 'CASCA', 27, NULL, NULL),
	(182, 'ELEAZAR GUZMAN BARRON', 27, NULL, NULL),
	(183, 'FIDEL OLIVAS ESCUDERO', 27, NULL, NULL),
	(184, 'LLAMA', 27, NULL, NULL),
	(185, 'LLUMPA', 27, NULL, NULL),
	(186, 'LUCMA', 27, NULL, NULL),
	(187, 'MUSGA', 27, NULL, NULL),
	(188, 'OCROS', 21, NULL, NULL),
	(189, 'ACAS', 21, NULL, NULL),
	(190, 'CAJAMARQUILLA', 21, NULL, NULL),
	(191, 'CARHUAPAMPA', 21, NULL, NULL),
	(192, 'COCHAS', 21, NULL, NULL),
	(193, 'CONGAS', 21, NULL, NULL),
	(194, 'LLIPA', 21, NULL, NULL),
	(195, 'SAN CRISTOBAL DE RAJAN', 21, NULL, NULL),
	(196, 'SAN PEDRO', 21, NULL, NULL),
	(197, 'SANTIAGO DE CHILCAS', 21, NULL, NULL),
	(198, 'CABANA', 22, NULL, NULL),
	(199, 'BOLOGNESI', 22, NULL, NULL),
	(200, 'CONCHUCOS', 22, NULL, NULL),
	(201, 'HUACASCHUQUE', 22, NULL, NULL),
	(202, 'HUANDOVAL', 22, NULL, NULL),
	(203, 'LACABAMBA', 22, NULL, NULL),
	(204, 'LLAPO', 22, NULL, NULL),
	(205, 'PALLASCA', 22, NULL, NULL),
	(206, 'PAMPAS', 22, NULL, NULL),
	(207, 'SANTA ROSA', 22, NULL, NULL),
	(208, 'TAUCA', 22, NULL, NULL),
	(209, 'POMABAMBA', 23, NULL, NULL),
	(210, 'HUAYLLAN', 23, NULL, NULL),
	(211, 'PAROBAMBA', 23, NULL, NULL),
	(212, 'QUINUABAMBA', 23, NULL, NULL),
	(213, 'RECUAY', 24, NULL, NULL),
	(214, 'CATAC', 24, NULL, NULL),
	(215, 'COTAPARACO', 24, NULL, NULL),
	(216, 'HUAYLLAPAMPA', 24, NULL, NULL),
	(217, 'LLACLLIN', 24, NULL, NULL),
	(218, 'MARCA', 24, NULL, NULL),
	(219, 'PAMPAS CHICO', 24, NULL, NULL),
	(220, 'PARARIN', 24, NULL, NULL),
	(221, 'TAPACOCHA', 24, NULL, NULL),
	(222, 'TICAPAMPA', 24, NULL, NULL),
	(223, 'CHIMBOTE', 25, NULL, NULL),
	(224, 'CACERES DEL PERU', 25, NULL, NULL),
	(225, 'COISHCO', 25, NULL, NULL),
	(226, 'MACATE', 25, NULL, NULL),
	(227, 'MORO', 25, NULL, NULL),
	(228, 'NEPE&Ntilde;A', 25, NULL, NULL),
	(229, 'SAMANCO', 25, NULL, NULL),
	(230, 'SANTA', 25, NULL, NULL),
	(231, 'NUEVO CHIMBOTE', 25, NULL, NULL),
	(232, 'SIHUAS', 26, NULL, NULL),
	(233, 'ACOBAMBA', 26, NULL, NULL),
	(234, 'ALFONSO UGARTE', 26, NULL, NULL),
	(235, 'CASHAPAMPA', 26, NULL, NULL),
	(236, 'CHINGALPO', 26, NULL, NULL),
	(237, 'HUAYLLABAMBA', 26, NULL, NULL),
	(238, 'QUICHES', 26, NULL, NULL),
	(239, 'RAGASH', 26, NULL, NULL),
	(240, 'SAN JUAN', 26, NULL, NULL),
	(241, 'SICSIBAMBA', 26, NULL, NULL),
	(242, 'YUNGAY', 27, NULL, NULL),
	(243, 'CASCAPARA', 27, NULL, NULL),
	(244, 'MANCOS', 27, NULL, NULL),
	(245, 'MATACOTO', 27, NULL, NULL),
	(246, 'QUILLO', 27, NULL, NULL),
	(247, 'RANRAHIRCA', 27, NULL, NULL),
	(248, 'SHUPLUY', 27, NULL, NULL),
	(249, 'YANAMA', 27, NULL, NULL),
	(250, 'ABANCAY', 28, NULL, NULL),
	(251, 'CHACOCHE', 28, NULL, NULL),
	(252, 'CIRCA', 28, NULL, NULL),
	(253, 'CURAHUASI', 28, NULL, NULL),
	(254, 'HUANIPACA', 28, NULL, NULL),
	(255, 'LAMBRAMA', 28, NULL, NULL),
	(256, 'PICHIRHUA', 28, NULL, NULL),
	(257, 'SAN PEDRO DE CACHORA', 28, NULL, NULL),
	(258, 'TAMBURCO', 28, NULL, NULL),
	(259, 'ANDAHUAYLAS', 29, NULL, NULL),
	(260, 'ANDARAPA', 29, NULL, NULL),
	(261, 'CHIARA', 29, NULL, NULL),
	(262, 'HUANCARAMA', 29, NULL, NULL),
	(263, 'HUANCARAY', 29, NULL, NULL),
	(264, 'HUAYANA', 29, NULL, NULL),
	(265, 'KISHUARA', 29, NULL, NULL),
	(266, 'PACOBAMBA', 29, NULL, NULL),
	(267, 'PACUCHA', 29, NULL, NULL),
	(268, 'PAMPACHIRI', 29, NULL, NULL),
	(269, 'POMACOCHA', 29, NULL, NULL),
	(270, 'SAN ANTONIO DE CACHI', 29, NULL, NULL),
	(271, 'SAN JERONIMO', 29, NULL, NULL),
	(272, 'SAN MIGUEL DE CHACCRAMPA', 29, NULL, NULL),
	(273, 'SANTA MARIA DE CHICMO', 29, NULL, NULL),
	(274, 'TALAVERA', 29, NULL, NULL),
	(275, 'TUMAY HUARACA', 29, NULL, NULL),
	(276, 'TURPO', 29, NULL, NULL),
	(277, 'KAQUIABAMBA', 29, NULL, NULL),
	(278, 'ANTABAMBA', 30, NULL, NULL),
	(279, 'EL ORO', 30, NULL, NULL),
	(280, 'HUAQUIRCA', 30, NULL, NULL),
	(281, 'JUAN ESPINOZA MEDRANO', 30, NULL, NULL),
	(282, 'OROPESA', 30, NULL, NULL),
	(283, 'PACHACONAS', 30, NULL, NULL),
	(284, 'SABAINO', 30, NULL, NULL),
	(285, 'CHALHUANCA', 31, NULL, NULL),
	(286, 'CAPAYA', 31, NULL, NULL),
	(287, 'CARAYBAMBA', 31, NULL, NULL),
	(288, 'CHAPIMARCA', 31, NULL, NULL),
	(289, 'COLCABAMBA', 31, NULL, NULL),
	(290, 'COTARUSE', 31, NULL, NULL),
	(291, 'HUAYLLO', 31, NULL, NULL),
	(292, 'JUSTO APU SAHUARAURA', 31, NULL, NULL),
	(293, 'LUCRE', 31, NULL, NULL),
	(294, 'POCOHUANCA', 31, NULL, NULL),
	(295, 'SAN JUAN DE CHAC&Ntilde;A', 31, NULL, NULL),
	(296, 'SA&Ntilde;AYCA', 31, NULL, NULL),
	(297, 'SORAYA', 31, NULL, NULL),
	(298, 'TAPAIRIHUA', 31, NULL, NULL),
	(299, 'TINTAY', 31, NULL, NULL),
	(300, 'TORAYA', 31, NULL, NULL),
	(301, 'YANACA', 31, NULL, NULL),
	(302, 'TAMBOBAMBA', 32, NULL, NULL),
	(303, 'COTABAMBAS', 32, NULL, NULL),
	(304, 'COYLLURQUI', 32, NULL, NULL),
	(305, 'HAQUIRA', 32, NULL, NULL),
	(306, 'MARA', 32, NULL, NULL),
	(307, 'CHALLHUAHUACHO', 32, NULL, NULL),
	(308, 'CHINCHEROS', 33, NULL, NULL),
	(309, 'ANCO-HUALLO', 33, NULL, NULL),
	(310, 'COCHARCAS', 33, NULL, NULL),
	(311, 'HUACCANA', 33, NULL, NULL),
	(312, 'OCOBAMBA', 33, NULL, NULL),
	(313, 'ONGOY', 33, NULL, NULL),
	(314, 'URANMARCA', 33, NULL, NULL),
	(315, 'RANRACANCHA', 33, NULL, NULL),
	(316, 'CHUQUIBAMBILLA', 34, NULL, NULL),
	(317, 'CURPAHUASI', 34, NULL, NULL),
	(318, 'GAMARRA', 34, NULL, NULL),
	(319, 'HUAYLLATI', 34, NULL, NULL),
	(320, 'MAMARA', 34, NULL, NULL),
	(321, 'MICAELA BASTIDAS', 34, NULL, NULL),
	(322, 'PATAYPAMPA', 34, NULL, NULL),
	(323, 'PROGRESO', 34, NULL, NULL),
	(324, 'SAN ANTONIO', 34, NULL, NULL),
	(325, 'SANTA ROSA', 34, NULL, NULL),
	(326, 'TURPAY', 34, NULL, NULL),
	(327, 'VILCABAMBA', 34, NULL, NULL),
	(328, 'VIRUNDO', 34, NULL, NULL),
	(329, 'CURASCO', 34, NULL, NULL),
	(330, 'AREQUIPA', 35, NULL, NULL),
	(331, 'ALTO SELVA ALEGRE', 35, NULL, NULL),
	(332, 'CAYMA', 35, NULL, NULL),
	(333, 'CERRO COLORADO', 35, NULL, NULL),
	(334, 'CHARACATO', 35, NULL, NULL),
	(335, 'CHIGUATA', 35, NULL, NULL),
	(336, 'JACOBO HUNTER', 35, NULL, NULL),
	(337, 'LA JOYA', 35, NULL, NULL),
	(338, 'MARIANO MELGAR', 35, NULL, NULL),
	(339, 'MIRAFLORES', 35, NULL, NULL),
	(340, 'MOLLEBAYA', 35, NULL, NULL),
	(341, 'PAUCARPATA', 35, NULL, NULL),
	(342, 'POCSI', 35, NULL, NULL),
	(343, 'POLOBAYA', 35, NULL, NULL),
	(344, 'QUEQUE&Ntilde;A', 35, NULL, NULL),
	(345, 'SABANDIA', 35, NULL, NULL),
	(346, 'SACHACA', 35, NULL, NULL),
	(347, 'SAN JUAN DE SIGUAS', 35, NULL, NULL),
	(348, 'SAN JUAN DE TARUCANI', 35, NULL, NULL),
	(349, 'SANTA ISABEL DE SIGUAS', 35, NULL, NULL),
	(350, 'SANTA RITA DE SIGUAS', 35, NULL, NULL),
	(351, 'SOCABAYA', 35, NULL, NULL),
	(352, 'TIABAYA', 35, NULL, NULL),
	(353, 'UCHUMAYO', 35, NULL, NULL),
	(354, 'VITOR', 35, NULL, NULL),
	(355, 'YANAHUARA', 35, NULL, NULL),
	(356, 'YARABAMBA', 35, NULL, NULL),
	(357, 'YURA', 35, NULL, NULL),
	(358, 'JOSE LUIS BUSTAMANTE Y RIVERO', 35, NULL, NULL),
	(359, 'CAMANA', 36, NULL, NULL),
	(360, 'JOSE MARIA QUIMPER', 36, NULL, NULL),
	(361, 'MARIANO NICOLAS VALCARCEL', 36, NULL, NULL),
	(362, 'MARISCAL CACERES', 36, NULL, NULL),
	(363, 'NICOLAS DE PIEROLA', 36, NULL, NULL),
	(364, 'OCO&Ntilde;A', 36, NULL, NULL),
	(365, 'QUILCA', 36, NULL, NULL),
	(366, 'SAMUEL PASTOR', 36, NULL, NULL),
	(367, 'CARAVELI', 37, NULL, NULL),
	(368, 'ACARI', 37, NULL, NULL),
	(369, 'ATICO', 37, NULL, NULL),
	(370, 'ATIQUIPA', 37, NULL, NULL),
	(371, 'BELLA UNION', 37, NULL, NULL),
	(372, 'CAHUACHO', 37, NULL, NULL),
	(373, 'CHALA', 37, NULL, NULL),
	(374, 'CHAPARRA', 37, NULL, NULL),
	(375, 'HUANUHUANU', 37, NULL, NULL),
	(376, 'JAQUI', 37, NULL, NULL),
	(377, 'LOMAS', 37, NULL, NULL),
	(378, 'QUICACHA', 37, NULL, NULL),
	(379, 'YAUCA', 37, NULL, NULL),
	(380, 'APLAO', 38, NULL, NULL),
	(381, 'ANDAGUA', 38, NULL, NULL),
	(382, 'AYO', 38, NULL, NULL),
	(383, 'CHACHAS', 38, NULL, NULL),
	(384, 'CHILCAYMARCA', 38, NULL, NULL),
	(385, 'CHOCO', 38, NULL, NULL),
	(386, 'HUANCARQUI', 38, NULL, NULL),
	(387, 'MACHAGUAY', 38, NULL, NULL),
	(388, 'ORCOPAMPA', 38, NULL, NULL),
	(389, 'PAMPACOLCA', 38, NULL, NULL),
	(390, 'TIPAN', 38, NULL, NULL),
	(391, 'U&Ntilde;ON', 38, NULL, NULL),
	(392, 'URACA', 38, NULL, NULL),
	(393, 'VIRACO', 38, NULL, NULL),
	(394, 'CHIVAY', 39, NULL, NULL),
	(395, 'ACHOMA', 39, NULL, NULL),
	(396, 'CABANACONDE', 39, NULL, NULL),
	(397, 'CALLALLI', 39, NULL, NULL),
	(398, 'CAYLLOMA', 39, NULL, NULL),
	(399, 'COPORAQUE', 39, NULL, NULL),
	(400, 'HUAMBO', 39, NULL, NULL),
	(401, 'HUANCA', 39, NULL, NULL),
	(402, 'ICHUPAMPA', 39, NULL, NULL),
	(403, 'LARI', 39, NULL, NULL),
	(404, 'LLUTA', 39, NULL, NULL),
	(405, 'MACA', 39, NULL, NULL),
	(406, 'MADRIGAL', 39, NULL, NULL),
	(407, 'SAN ANTONIO DE CHUCA', 39, NULL, NULL),
	(408, 'SIBAYO', 39, NULL, NULL),
	(409, 'TAPAY', 39, NULL, NULL),
	(410, 'TISCO', 39, NULL, NULL),
	(411, 'TUTI', 39, NULL, NULL),
	(412, 'YANQUE', 39, NULL, NULL),
	(413, 'MAJES', 39, NULL, NULL),
	(414, 'CHUQUIBAMBA', 40, NULL, NULL),
	(415, 'ANDARAY', 40, NULL, NULL),
	(416, 'CAYARANI', 40, NULL, NULL),
	(417, 'CHICHAS', 40, NULL, NULL),
	(418, 'IRAY', 40, NULL, NULL),
	(419, 'RIO GRANDE', 40, NULL, NULL),
	(420, 'SALAMANCA', 40, NULL, NULL),
	(421, 'YANAQUIHUA', 40, NULL, NULL),
	(422, 'MOLLENDO', 41, NULL, NULL),
	(423, 'COCACHACRA', 41, NULL, NULL),
	(424, 'DEAN VALDIVIA', 41, NULL, NULL),
	(425, 'ISLAY', 41, NULL, NULL),
	(426, 'MEJIA', 41, NULL, NULL),
	(427, 'PUNTA DE BOMBON', 41, NULL, NULL),
	(428, 'COTAHUASI', 42, NULL, NULL),
	(429, 'ALCA', 42, NULL, NULL),
	(430, 'CHARCANA', 42, NULL, NULL),
	(431, 'HUAYNACOTAS', 42, NULL, NULL),
	(432, 'PAMPAMARCA', 42, NULL, NULL),
	(433, 'PUYCA', 42, NULL, NULL),
	(434, 'QUECHUALLA', 42, NULL, NULL),
	(435, 'SAYLA', 42, NULL, NULL),
	(436, 'TAURIA', 42, NULL, NULL),
	(437, 'TOMEPAMPA', 42, NULL, NULL),
	(438, 'TORO', 42, NULL, NULL),
	(439, 'AYACUCHO', 43, NULL, NULL),
	(440, 'ACOCRO', 43, NULL, NULL),
	(441, 'ACOS VINCHOS', 43, NULL, NULL),
	(442, 'CARMEN ALTO', 43, NULL, NULL),
	(443, 'CHIARA', 43, NULL, NULL),
	(444, 'OCROS', 43, NULL, NULL),
	(445, 'PACAYCASA', 43, NULL, NULL),
	(446, 'QUINUA', 43, NULL, NULL),
	(447, 'SAN JOSE DE TICLLAS', 43, NULL, NULL),
	(448, 'SAN JUAN BAUTISTA', 43, NULL, NULL),
	(449, 'SANTIAGO DE PISCHA', 43, NULL, NULL),
	(450, 'SOCOS', 43, NULL, NULL),
	(451, 'TAMBILLO', 43, NULL, NULL),
	(452, 'VINCHOS', 43, NULL, NULL),
	(453, 'JESUS NAZARENO', 43, NULL, NULL),
	(454, 'CANGALLO', 44, NULL, NULL),
	(455, 'CHUSCHI', 44, NULL, NULL),
	(456, 'LOS MOROCHUCOS', 44, NULL, NULL),
	(457, 'MARIA PARADO DE BELLIDO', 44, NULL, NULL),
	(458, 'PARAS', 44, NULL, NULL),
	(459, 'TOTOS', 44, NULL, NULL),
	(460, 'SANCOS', 45, NULL, NULL),
	(461, 'CARAPO', 45, NULL, NULL),
	(462, 'SACSAMARCA', 45, NULL, NULL),
	(463, 'SANTIAGO DE LUCANAMARCA', 45, NULL, NULL),
	(464, 'HUANTA', 46, NULL, NULL),
	(465, 'AYAHUANCO', 46, NULL, NULL),
	(466, 'HUAMANGUILLA', 46, NULL, NULL),
	(467, 'IGUAIN', 46, NULL, NULL),
	(468, 'LURICOCHA', 46, NULL, NULL),
	(469, 'SANTILLANA', 46, NULL, NULL),
	(470, 'SIVIA', 46, NULL, NULL),
	(471, 'LLOCHEGUA', 46, NULL, NULL),
	(472, 'SAN MIGUEL', 47, NULL, NULL),
	(473, 'ANCO', 47, NULL, NULL),
	(474, 'AYNA', 47, NULL, NULL),
	(475, 'CHILCAS', 47, NULL, NULL),
	(476, 'CHUNGUI', 47, NULL, NULL),
	(477, 'LUIS CARRANZA', 47, NULL, NULL),
	(478, 'SANTA ROSA', 47, NULL, NULL),
	(479, 'TAMBO', 47, NULL, NULL),
	(480, 'PUQUIO', 48, NULL, NULL),
	(481, 'AUCARA', 48, NULL, NULL),
	(482, 'CABANA', 48, NULL, NULL),
	(483, 'CARMEN SALCEDO', 48, NULL, NULL),
	(484, 'CHAVI&Ntilde;A', 48, NULL, NULL),
	(485, 'CHIPAO', 48, NULL, NULL),
	(486, 'HUAC-HUAS', 48, NULL, NULL),
	(487, 'LARAMATE', 48, NULL, NULL),
	(488, 'LEONCIO PRADO', 48, NULL, NULL),
	(489, 'LLAUTA', 48, NULL, NULL),
	(490, 'LUCANAS', 48, NULL, NULL),
	(491, 'OCA&Ntilde;A', 48, NULL, NULL),
	(492, 'OTOCA', 48, NULL, NULL),
	(493, 'SAISA', 48, NULL, NULL),
	(494, 'SAN CRISTOBAL', 48, NULL, NULL),
	(495, 'SAN JUAN', 48, NULL, NULL),
	(496, 'SAN PEDRO', 48, NULL, NULL),
	(497, 'SAN PEDRO DE PALCO', 48, NULL, NULL),
	(498, 'SANCOS', 48, NULL, NULL),
	(499, 'SANTA ANA DE HUAYCAHUACHO', 48, NULL, NULL),
	(500, 'SANTA LUCIA', 48, NULL, NULL),
	(501, 'CORACORA', 49, NULL, NULL),
	(502, 'CHUMPI', 49, NULL, NULL),
	(503, 'CORONEL CASTA&Ntilde;EDA', 49, NULL, NULL),
	(504, 'PACAPAUSA', 49, NULL, NULL),
	(505, 'PULLO', 49, NULL, NULL),
	(506, 'PUYUSCA', 49, NULL, NULL),
	(507, 'SAN FRANCISCO DE RAVACAYCO', 49, NULL, NULL),
	(508, 'UPAHUACHO', 49, NULL, NULL),
	(509, 'PAUSA', 50, NULL, NULL),
	(510, 'COLTA', 50, NULL, NULL),
	(511, 'CORCULLA', 50, NULL, NULL),
	(512, 'LAMPA', 50, NULL, NULL),
	(513, 'MARCABAMBA', 50, NULL, NULL),
	(514, 'OYOLO', 50, NULL, NULL),
	(515, 'PARARCA', 50, NULL, NULL),
	(516, 'SAN JAVIER DE ALPABAMBA', 50, NULL, NULL),
	(517, 'SAN JOSE DE USHUA', 50, NULL, NULL),
	(518, 'SARA SARA', 50, NULL, NULL),
	(519, 'QUEROBAMBA', 51, NULL, NULL),
	(520, 'BELEN', 51, NULL, NULL),
	(521, 'CHALCOS', 51, NULL, NULL),
	(522, 'CHILCAYOC', 51, NULL, NULL),
	(523, 'HUACA&Ntilde;A', 51, NULL, NULL),
	(524, 'MORCOLLA', 51, NULL, NULL),
	(525, 'PAICO', 51, NULL, NULL),
	(526, 'SAN PEDRO DE LARCAY', 51, NULL, NULL),
	(527, 'SAN SALVADOR DE QUIJE', 51, NULL, NULL),
	(528, 'SANTIAGO DE PAUCARAY', 51, NULL, NULL),
	(529, 'SORAS', 51, NULL, NULL),
	(530, 'HUANCAPI', 52, NULL, NULL),
	(531, 'ALCAMENCA', 52, NULL, NULL),
	(532, 'APONGO', 52, NULL, NULL),
	(533, 'ASQUIPATA', 52, NULL, NULL),
	(534, 'CANARIA', 52, NULL, NULL),
	(535, 'CAYARA', 52, NULL, NULL),
	(536, 'COLCA', 52, NULL, NULL),
	(537, 'HUAMANQUIQUIA', 52, NULL, NULL),
	(538, 'HUANCARAYLLA', 52, NULL, NULL),
	(539, 'HUAYA', 52, NULL, NULL),
	(540, 'SARHUA', 52, NULL, NULL),
	(541, 'VILCANCHOS', 52, NULL, NULL),
	(542, 'VILCAS HUAMAN', 53, NULL, NULL),
	(543, 'ACCOMARCA', 53, NULL, NULL),
	(544, 'CARHUANCA', 53, NULL, NULL),
	(545, 'CONCEPCION', 53, NULL, NULL),
	(546, 'HUAMBALPA', 53, NULL, NULL),
	(547, 'INDEPENDENCIA', 53, NULL, NULL),
	(548, 'SAURAMA', 53, NULL, NULL),
	(549, 'VISCHONGO', 53, NULL, NULL),
	(550, 'CAJAMARCA', 54, NULL, NULL),
	(551, 'CAJAMARCA', 54, NULL, NULL),
	(552, 'ASUNCION', 54, NULL, NULL),
	(553, 'CHETILLA', 54, NULL, NULL),
	(554, 'COSPAN', 54, NULL, NULL),
	(555, 'ENCA&Ntilde;ADA', 54, NULL, NULL),
	(556, 'JESUS', 54, NULL, NULL),
	(557, 'LLACANORA', 54, NULL, NULL),
	(558, 'LOS BA&Ntilde;OS DEL INCA', 54, NULL, NULL),
	(559, 'MAGDALENA', 54, NULL, NULL),
	(560, 'MATARA', 54, NULL, NULL),
	(561, 'NAMORA', 54, NULL, NULL),
	(562, 'SAN JUAN', 54, NULL, NULL),
	(563, 'CAJABAMBA', 55, NULL, NULL),
	(564, 'CACHACHI', 55, NULL, NULL),
	(565, 'CONDEBAMBA', 55, NULL, NULL),
	(566, 'SITACOCHA', 55, NULL, NULL),
	(567, 'CELENDIN', 56, NULL, NULL),
	(568, 'CHUMUCH', 56, NULL, NULL),
	(569, 'CORTEGANA', 56, NULL, NULL),
	(570, 'HUASMIN', 56, NULL, NULL),
	(571, 'JORGE CHAVEZ', 56, NULL, NULL),
	(572, 'JOSE GALVEZ', 56, NULL, NULL),
	(573, 'MIGUEL IGLESIAS', 56, NULL, NULL),
	(574, 'OXAMARCA', 56, NULL, NULL),
	(575, 'SOROCHUCO', 56, NULL, NULL),
	(576, 'SUCRE', 56, NULL, NULL),
	(577, 'UTCO', 56, NULL, NULL),
	(578, 'LA LIBERTAD DE PALLAN', 56, NULL, NULL),
	(579, 'CHOTA', 57, NULL, NULL),
	(580, 'ANGUIA', 57, NULL, NULL),
	(581, 'CHADIN', 57, NULL, NULL),
	(582, 'CHIGUIRIP', 57, NULL, NULL),
	(583, 'CHIMBAN', 57, NULL, NULL),
	(584, 'CHOROPAMPA', 57, NULL, NULL),
	(585, 'COCHABAMBA', 57, NULL, NULL),
	(586, 'CONCHAN', 57, NULL, NULL),
	(587, 'HUAMBOS', 57, NULL, NULL),
	(588, 'LAJAS', 57, NULL, NULL),
	(589, 'LLAMA', 57, NULL, NULL),
	(590, 'MIRACOSTA', 57, NULL, NULL),
	(591, 'PACCHA', 57, NULL, NULL),
	(592, 'PION', 57, NULL, NULL),
	(593, 'QUEROCOTO', 57, NULL, NULL),
	(594, 'SAN JUAN DE LICUPIS', 57, NULL, NULL),
	(595, 'TACABAMBA', 57, NULL, NULL),
	(596, 'TOCMOCHE', 57, NULL, NULL),
	(597, 'CHALAMARCA', 57, NULL, NULL),
	(598, 'CONTUMAZA', 58, NULL, NULL),
	(599, 'CHILETE', 58, NULL, NULL),
	(600, 'CUPISNIQUE', 58, NULL, NULL),
	(601, 'GUZMANGO', 58, NULL, NULL),
	(602, 'SAN BENITO', 58, NULL, NULL),
	(603, 'SANTA CRUZ DE TOLED', 58, NULL, NULL),
	(604, 'TANTARICA', 58, NULL, NULL),
	(605, 'YONAN', 58, NULL, NULL),
	(606, 'CUTERVO', 59, NULL, NULL),
	(607, 'CALLAYUC', 59, NULL, NULL),
	(608, 'CHOROS', 59, NULL, NULL),
	(609, 'CUJILLO', 59, NULL, NULL),
	(610, 'LA RAMADA', 59, NULL, NULL),
	(611, 'PIMPINGOS', 59, NULL, NULL),
	(612, 'QUEROCOTILLO', 59, NULL, NULL),
	(613, 'SAN ANDRES DE CUTERVO', 59, NULL, NULL),
	(614, 'SAN JUAN DE CUTERVO', 59, NULL, NULL),
	(615, 'SAN LUIS DE LUCMA', 59, NULL, NULL),
	(616, 'SANTA CRUZ', 59, NULL, NULL),
	(617, 'SANTO DOMINGO DE LA CAPILLA', 59, NULL, NULL),
	(618, 'SANTO TOMAS', 59, NULL, NULL),
	(619, 'SOCOTA', 59, NULL, NULL),
	(620, 'TORIBIO CASANOVA', 59, NULL, NULL),
	(621, 'BAMBAMARCA', 60, NULL, NULL),
	(622, 'CHUGUR', 60, NULL, NULL),
	(623, 'HUALGAYOC', 60, NULL, NULL),
	(624, 'JAEN', 61, NULL, NULL),
	(625, 'BELLAVISTA', 61, NULL, NULL),
	(626, 'CHONTALI', 61, NULL, NULL),
	(627, 'COLASAY', 61, NULL, NULL),
	(628, 'HUABAL', 61, NULL, NULL),
	(629, 'LAS PIRIAS', 61, NULL, NULL),
	(630, 'POMAHUACA', 61, NULL, NULL),
	(631, 'PUCARA', 61, NULL, NULL),
	(632, 'SALLIQUE', 61, NULL, NULL),
	(633, 'SAN FELIPE', 61, NULL, NULL),
	(634, 'SAN JOSE DEL ALTO', 61, NULL, NULL),
	(635, 'SANTA ROSA', 61, NULL, NULL),
	(636, 'SAN IGNACIO', 62, NULL, NULL),
	(637, 'CHIRINOS', 62, NULL, NULL),
	(638, 'HUARANGO', 62, NULL, NULL),
	(639, 'LA COIPA', 62, NULL, NULL),
	(640, 'NAMBALLE', 62, NULL, NULL),
	(641, 'SAN JOSE DE LOURDES', 62, NULL, NULL),
	(642, 'TABACONAS', 62, NULL, NULL),
	(643, 'PEDRO GALVEZ', 63, NULL, NULL),
	(644, 'CHANCAY', 63, NULL, NULL),
	(645, 'EDUARDO VILLANUEVA', 63, NULL, NULL),
	(646, 'GREGORIO PITA', 63, NULL, NULL),
	(647, 'ICHOCAN', 63, NULL, NULL),
	(648, 'JOSE MANUEL QUIROZ', 63, NULL, NULL),
	(649, 'JOSE SABOGAL', 63, NULL, NULL),
	(650, 'SAN MIGUEL', 64, NULL, NULL),
	(651, 'SAN MIGUEL', 64, NULL, NULL),
	(652, 'BOLIVAR', 64, NULL, NULL),
	(653, 'CALQUIS', 64, NULL, NULL),
	(654, 'CATILLUC', 64, NULL, NULL),
	(655, 'EL PRADO', 64, NULL, NULL),
	(656, 'LA FLORIDA', 64, NULL, NULL),
	(657, 'LLAPA', 64, NULL, NULL),
	(658, 'NANCHOC', 64, NULL, NULL),
	(659, 'NIEPOS', 64, NULL, NULL),
	(660, 'SAN GREGORIO', 64, NULL, NULL),
	(661, 'SAN SILVESTRE DE COCHAN', 64, NULL, NULL),
	(662, 'TONGOD', 64, NULL, NULL),
	(663, 'UNION AGUA BLANCA', 64, NULL, NULL),
	(664, 'SAN PABLO', 65, NULL, NULL),
	(665, 'SAN BERNARDINO', 65, NULL, NULL),
	(666, 'SAN LUIS', 65, NULL, NULL),
	(667, 'TUMBADEN', 65, NULL, NULL),
	(668, 'SANTA CRUZ', 66, NULL, NULL),
	(669, 'ANDABAMBA', 66, NULL, NULL),
	(670, 'CATACHE', 66, NULL, NULL),
	(671, 'CHANCAYBA&Ntilde;OS', 66, NULL, NULL),
	(672, 'LA ESPERANZA', 66, NULL, NULL),
	(673, 'NINABAMBA', 66, NULL, NULL),
	(674, 'PULAN', 66, NULL, NULL),
	(675, 'SAUCEPAMPA', 66, NULL, NULL),
	(676, 'SEXI', 66, NULL, NULL),
	(677, 'UTICYACU', 66, NULL, NULL),
	(678, 'YAUYUCAN', 66, NULL, NULL),
	(679, 'CALLAO', 67, NULL, NULL),
	(680, 'BELLAVISTA', 67, NULL, NULL),
	(681, 'CARMEN DE LA LEGUA REYNOSO', 67, NULL, NULL),
	(682, 'LA PERLA', 67, NULL, NULL),
	(683, 'LA PUNTA', 67, NULL, NULL),
	(684, 'VENTANILLA', 67, NULL, NULL),
	(685, 'CUSCO', 67, NULL, NULL),
	(686, 'CCORCA', 67, NULL, NULL),
	(687, 'POROY', 67, NULL, NULL),
	(688, 'SAN JERONIMO', 67, NULL, NULL),
	(689, 'SAN SEBASTIAN', 67, NULL, NULL),
	(690, 'SANTIAGO', 67, NULL, NULL),
	(691, 'SAYLLA', 67, NULL, NULL),
	(692, 'WANCHAQ', 67, NULL, NULL),
	(693, 'ACOMAYO', 68, NULL, NULL),
	(694, 'ACOPIA', 68, NULL, NULL),
	(695, 'ACOS', 68, NULL, NULL),
	(696, 'MOSOC LLACTA', 68, NULL, NULL),
	(697, 'POMACANCHI', 68, NULL, NULL),
	(698, 'RONDOCAN', 68, NULL, NULL),
	(699, 'SANGARARA', 68, NULL, NULL),
	(700, 'ANTA', 69, NULL, NULL),
	(701, 'ANCAHUASI', 69, NULL, NULL),
	(702, 'CACHIMAYO', 69, NULL, NULL),
	(703, 'CHINCHAYPUJIO', 69, NULL, NULL),
	(704, 'HUAROCONDO', 69, NULL, NULL),
	(705, 'LIMATAMBO', 69, NULL, NULL),
	(706, 'MOLLEPATA', 69, NULL, NULL),
	(707, 'PUCYURA', 69, NULL, NULL),
	(708, 'ZURITE', 69, NULL, NULL),
	(709, 'CALCA', 70, NULL, NULL),
	(710, 'COYA', 70, NULL, NULL),
	(711, 'LAMAY', 70, NULL, NULL),
	(712, 'LARES', 70, NULL, NULL),
	(713, 'PISAC', 70, NULL, NULL),
	(714, 'SAN SALVADOR', 70, NULL, NULL),
	(715, 'TARAY', 70, NULL, NULL),
	(716, 'YANATILE', 70, NULL, NULL),
	(717, 'YANAOCA', 71, NULL, NULL),
	(718, 'CHECCA', 71, NULL, NULL),
	(719, 'KUNTURKANKI', 71, NULL, NULL),
	(720, 'LANGUI', 71, NULL, NULL),
	(721, 'LAYO', 71, NULL, NULL),
	(722, 'PAMPAMARCA', 71, NULL, NULL),
	(723, 'QUEHUE', 71, NULL, NULL),
	(724, 'TUPAC AMARU', 71, NULL, NULL),
	(725, 'SICUANI', 72, NULL, NULL),
	(726, 'CHECACUPE', 72, NULL, NULL),
	(727, 'COMBAPATA', 72, NULL, NULL),
	(728, 'MARANGANI', 72, NULL, NULL),
	(729, 'PITUMARCA', 72, NULL, NULL),
	(730, 'SAN PABLO', 72, NULL, NULL),
	(731, 'SAN PEDRO', 72, NULL, NULL),
	(732, 'TINTA', 72, NULL, NULL),
	(733, 'SANTO TOMAS', 73, NULL, NULL),
	(734, 'CAPACMARCA', 73, NULL, NULL),
	(735, 'CHAMACA', 73, NULL, NULL),
	(736, 'COLQUEMARCA', 73, NULL, NULL),
	(737, 'LIVITACA', 73, NULL, NULL),
	(738, 'LLUSCO', 73, NULL, NULL),
	(739, 'QUI&Ntilde;OTA', 73, NULL, NULL),
	(740, 'VELILLE', 73, NULL, NULL),
	(741, 'ESPINAR', 74, NULL, NULL),
	(742, 'CONDOROMA', 74, NULL, NULL),
	(743, 'COPORAQUE', 74, NULL, NULL),
	(744, 'OCORURO', 74, NULL, NULL),
	(745, 'PALLPATA', 74, NULL, NULL),
	(746, 'PICHIGUA', 74, NULL, NULL),
	(747, 'SUYCKUTAMBO', 74, NULL, NULL),
	(748, 'ALTO PICHIGUA', 74, NULL, NULL),
	(749, 'SANTA ANA', 75, NULL, NULL),
	(750, 'ECHARATE', 75, NULL, NULL),
	(751, 'HUAYOPATA', 75, NULL, NULL),
	(752, 'MARANURA', 75, NULL, NULL),
	(753, 'OCOBAMBA', 75, NULL, NULL),
	(754, 'QUELLOUNO', 75, NULL, NULL),
	(755, 'KIMBIRI', 75, NULL, NULL),
	(756, 'SANTA TERESA', 75, NULL, NULL),
	(757, 'VILCABAMBA', 75, NULL, NULL),
	(758, 'PICHARI', 75, NULL, NULL),
	(759, 'PARURO', 76, NULL, NULL),
	(760, 'ACCHA', 76, NULL, NULL),
	(761, 'CCAPI', 76, NULL, NULL),
	(762, 'COLCHA', 76, NULL, NULL),
	(763, 'HUANOQUITE', 76, NULL, NULL),
	(764, 'OMACHA', 76, NULL, NULL),
	(765, 'PACCARITAMBO', 76, NULL, NULL),
	(766, 'PILLPINTO', 76, NULL, NULL),
	(767, 'YAURISQUE', 76, NULL, NULL),
	(768, 'PAUCARTAMBO', 77, NULL, NULL),
	(769, 'CAICAY', 77, NULL, NULL),
	(770, 'CHALLABAMBA', 77, NULL, NULL),
	(771, 'COLQUEPATA', 77, NULL, NULL),
	(772, 'HUANCARANI', 77, NULL, NULL),
	(773, 'KOS&Ntilde;IPATA', 77, NULL, NULL),
	(774, 'URCOS', 78, NULL, NULL),
	(775, 'ANDAHUAYLILLAS', 78, NULL, NULL),
	(776, 'CAMANTI', 78, NULL, NULL),
	(777, 'CCARHUAYO', 78, NULL, NULL),
	(778, 'CCATCA', 78, NULL, NULL),
	(779, 'CUSIPATA', 78, NULL, NULL),
	(780, 'HUARO', 78, NULL, NULL),
	(781, 'LUCRE', 78, NULL, NULL),
	(782, 'MARCAPATA', 78, NULL, NULL),
	(783, 'OCONGATE', 78, NULL, NULL),
	(784, 'OROPESA', 78, NULL, NULL),
	(785, 'QUIQUIJANA', 78, NULL, NULL),
	(786, 'URUBAMBA', 79, NULL, NULL),
	(787, 'CHINCHERO', 79, NULL, NULL),
	(788, 'HUAYLLABAMBA', 79, NULL, NULL),
	(789, 'MACHUPICCHU', 79, NULL, NULL),
	(790, 'MARAS', 79, NULL, NULL),
	(791, 'OLLANTAYTAMBO', 79, NULL, NULL),
	(792, 'YUCAY', 79, NULL, NULL),
	(793, 'HUANCAVELICA', 80, NULL, NULL),
	(794, 'ACOBAMBILLA', 80, NULL, NULL),
	(795, 'ACORIA', 80, NULL, NULL),
	(796, 'CONAYCA', 80, NULL, NULL),
	(797, 'CUENCA', 80, NULL, NULL),
	(798, 'HUACHOCOLPA', 80, NULL, NULL),
	(799, 'HUAYLLAHUARA', 80, NULL, NULL),
	(800, 'IZCUCHACA', 80, NULL, NULL),
	(801, 'LARIA', 80, NULL, NULL),
	(802, 'MANTA', 80, NULL, NULL),
	(803, 'MARISCAL CACERES', 80, NULL, NULL),
	(804, 'MOYA', 80, NULL, NULL),
	(805, 'NUEVO OCCORO', 80, NULL, NULL),
	(806, 'PALCA', 80, NULL, NULL),
	(807, 'PILCHACA', 80, NULL, NULL),
	(808, 'VILCA', 80, NULL, NULL),
	(809, 'YAULI', 80, NULL, NULL),
	(810, 'ASCENSION', 80, NULL, NULL),
	(811, 'HUANDO', 80, NULL, NULL),
	(812, 'ACOBAMBA', 81, NULL, NULL),
	(813, 'ANDABAMBA', 81, NULL, NULL),
	(814, 'ANTA', 81, NULL, NULL),
	(815, 'CAJA', 81, NULL, NULL),
	(816, 'MARCAS', 81, NULL, NULL),
	(817, 'PAUCARA', 81, NULL, NULL),
	(818, 'POMACOCHA', 81, NULL, NULL),
	(819, 'ROSARIO', 81, NULL, NULL),
	(820, 'LIRCAY', 82, NULL, NULL),
	(821, 'ANCHONGA', 82, NULL, NULL),
	(822, 'CALLANMARCA', 82, NULL, NULL),
	(823, 'CCOCHACCASA', 82, NULL, NULL),
	(824, 'CHINCHO', 82, NULL, NULL),
	(825, 'CONGALLA', 82, NULL, NULL),
	(826, 'HUANCA-HUANCA', 82, NULL, NULL),
	(827, 'HUAYLLAY GRANDE', 82, NULL, NULL),
	(828, 'JULCAMARCA', 82, NULL, NULL),
	(829, 'SAN ANTONIO DE ANTAPARCO', 82, NULL, NULL),
	(830, 'SANTO TOMAS DE PATA', 82, NULL, NULL),
	(831, 'SECCLLA', 82, NULL, NULL),
	(832, 'CASTROVIRREYNA', 83, NULL, NULL),
	(833, 'ARMA', 83, NULL, NULL),
	(834, 'AURAHUA', 83, NULL, NULL),
	(835, 'CAPILLAS', 83, NULL, NULL),
	(836, 'CHUPAMARCA', 83, NULL, NULL),
	(837, 'COCAS', 83, NULL, NULL),
	(838, 'HUACHOS', 83, NULL, NULL),
	(839, 'HUAMATAMBO', 83, NULL, NULL),
	(840, 'MOLLEPAMPA', 83, NULL, NULL),
	(841, 'SAN JUAN', 83, NULL, NULL),
	(842, 'SANTA ANA', 83, NULL, NULL),
	(843, 'TANTARA', 83, NULL, NULL),
	(844, 'TICRAPO', 83, NULL, NULL),
	(845, 'CHURCAMPA', 84, NULL, NULL),
	(846, 'ANCO', 84, NULL, NULL),
	(847, 'CHINCHIHUASI', 84, NULL, NULL),
	(848, 'EL CARMEN', 84, NULL, NULL),
	(849, 'LA MERCED', 84, NULL, NULL),
	(850, 'LOCROJA', 84, NULL, NULL),
	(851, 'PAUCARBAMBA', 84, NULL, NULL),
	(852, 'SAN MIGUEL DE MAYOCC', 84, NULL, NULL),
	(853, 'SAN PEDRO DE CORIS', 84, NULL, NULL),
	(854, 'PACHAMARCA', 84, NULL, NULL),
	(855, 'HUAYTARA', 85, NULL, NULL),
	(856, 'AYAVI', 85, NULL, NULL),
	(857, 'CORDOVA', 85, NULL, NULL),
	(858, 'HUAYACUNDO ARMA', 85, NULL, NULL),
	(859, 'LARAMARCA', 85, NULL, NULL),
	(860, 'OCOYO', 85, NULL, NULL),
	(861, 'PILPICHACA', 85, NULL, NULL),
	(862, 'QUERCO', 85, NULL, NULL),
	(863, 'QUITO-ARMA', 85, NULL, NULL),
	(864, 'SAN ANTONIO DE CUSICANCHA', 85, NULL, NULL),
	(865, 'SAN FRANCISCO DE SANGAYAICO', 85, NULL, NULL),
	(866, 'SAN ISIDRO', 85, NULL, NULL),
	(867, 'SANTIAGO DE CHOCORVOS', 85, NULL, NULL),
	(868, 'SANTIAGO DE QUIRAHUARA', 85, NULL, NULL),
	(869, 'SANTO DOMINGO DE CAPILLAS', 85, NULL, NULL),
	(870, 'TAMBO', 85, NULL, NULL),
	(871, 'PAMPAS', 86, NULL, NULL),
	(872, 'ACOSTAMBO', 86, NULL, NULL),
	(873, 'ACRAQUIA', 86, NULL, NULL),
	(874, 'AHUAYCHA', 86, NULL, NULL),
	(875, 'COLCABAMBA', 86, NULL, NULL),
	(876, 'DANIEL HERNANDEZ', 86, NULL, NULL),
	(877, 'HUACHOCOLPA', 86, NULL, NULL),
	(878, 'HUARIBAMBA', 86, NULL, NULL),
	(879, '&Ntilde;AHUIMPUQUIO', 86, NULL, NULL),
	(880, 'PAZOS', 86, NULL, NULL),
	(881, 'QUISHUAR', 86, NULL, NULL),
	(882, 'SALCABAMBA', 86, NULL, NULL),
	(883, 'SALCAHUASI', 86, NULL, NULL),
	(884, 'SAN MARCOS DE ROCCHAC', 86, NULL, NULL),
	(885, 'SURCUBAMBA', 86, NULL, NULL),
	(886, 'TINTAY PUNCU', 86, NULL, NULL),
	(887, 'HUANUCO', 87, NULL, NULL),
	(888, 'AMARILIS', 87, NULL, NULL),
	(889, 'CHINCHAO', 87, NULL, NULL),
	(890, 'CHURUBAMBA', 87, NULL, NULL),
	(891, 'MARGOS', 87, NULL, NULL),
	(892, 'QUISQUI', 87, NULL, NULL),
	(893, 'SAN FRANCISCO DE CAYRAN', 87, NULL, NULL),
	(894, 'SAN PEDRO DE CHAULAN', 87, NULL, NULL),
	(895, 'SANTA MARIA DEL VALLE', 87, NULL, NULL),
	(896, 'YARUMAYO', 87, NULL, NULL),
	(897, 'PILLCO MARCA', 87, NULL, NULL),
	(898, 'AMBO', 88, NULL, NULL),
	(899, 'CAYNA', 88, NULL, NULL),
	(900, 'COLPAS', 88, NULL, NULL),
	(901, 'CONCHAMARCA', 88, NULL, NULL),
	(902, 'HUACAR', 88, NULL, NULL),
	(903, 'SAN FRANCISCO', 88, NULL, NULL),
	(904, 'SAN RAFAEL', 88, NULL, NULL),
	(905, 'TOMAY KICHWA', 88, NULL, NULL),
	(906, 'LA UNION', 89, NULL, NULL),
	(907, 'CHUQUIS', 89, NULL, NULL),
	(908, 'MARIAS', 89, NULL, NULL),
	(909, 'PACHAS', 89, NULL, NULL),
	(910, 'QUIVILLA', 89, NULL, NULL),
	(911, 'RIPAN', 89, NULL, NULL),
	(912, 'SHUNQUI', 89, NULL, NULL),
	(913, 'SILLAPATA', 89, NULL, NULL),
	(914, 'YANAS', 89, NULL, NULL),
	(915, 'HUACAYBAMBA', 90, NULL, NULL),
	(916, 'CANCHABAMBA', 90, NULL, NULL),
	(917, 'COCHABAMBA', 90, NULL, NULL),
	(918, 'PINRA', 90, NULL, NULL),
	(919, 'LLATA', 91, NULL, NULL),
	(920, 'ARANCAY', 91, NULL, NULL),
	(921, 'CHAVIN DE PARIARCA', 91, NULL, NULL),
	(922, 'JACAS GRANDE', 91, NULL, NULL),
	(923, 'JIRCAN', 91, NULL, NULL),
	(924, 'MIRAFLORES', 91, NULL, NULL),
	(925, 'MONZON', 91, NULL, NULL),
	(926, 'PUNCHAO', 91, NULL, NULL),
	(927, 'PU&Ntilde;OS', 91, NULL, NULL),
	(928, 'SINGA', 91, NULL, NULL),
	(929, 'TANTAMAYO', 91, NULL, NULL),
	(930, 'RUPA-RUPA', 92, NULL, NULL),
	(931, 'DANIEL ALOMIA ROBLES', 92, NULL, NULL),
	(932, 'HERMILIO VALDIZAN', 92, NULL, NULL),
	(933, 'JOSE CRESPO Y CASTILLO', 92, NULL, NULL),
	(934, 'LUYANDO', 92, NULL, NULL),
	(935, 'MARIANO DAMASO BERAUN', 92, NULL, NULL),
	(936, 'HUACRACHUCO', 93, NULL, NULL),
	(937, 'CHOLON', 93, NULL, NULL),
	(938, 'SAN BUENAVENTURA', 93, NULL, NULL),
	(939, 'PANAO', 94, NULL, NULL),
	(940, 'CHAGLLA', 94, NULL, NULL),
	(941, 'MOLINO', 94, NULL, NULL),
	(942, 'UMARI', 94, NULL, NULL),
	(943, 'PUERTO INCA', 95, NULL, NULL),
	(944, 'CODO DEL POZUZO', 95, NULL, NULL),
	(945, 'HONORIA', 95, NULL, NULL),
	(946, 'TOURNAVISTA', 95, NULL, NULL),
	(947, 'YUYAPICHIS', 95, NULL, NULL),
	(948, 'JESUS', 96, NULL, NULL),
	(949, 'BA&Ntilde;OS', 96, NULL, NULL),
	(950, 'JIVIA', 96, NULL, NULL),
	(951, 'QUEROPALCA', 96, NULL, NULL),
	(952, 'RONDOS', 96, NULL, NULL),
	(953, 'SAN FRANCISCO DE ASIS', 96, NULL, NULL),
	(954, 'SAN MIGUEL DE CAURI', 96, NULL, NULL),
	(955, 'CHAVINILLO', 97, NULL, NULL),
	(956, 'CAHUAC', 97, NULL, NULL),
	(957, 'CHACABAMBA', 97, NULL, NULL),
	(958, 'APARICIO POMARES', 97, NULL, NULL),
	(959, 'JACAS CHICO', 97, NULL, NULL),
	(960, 'OBAS', 97, NULL, NULL),
	(961, 'PAMPAMARCA', 97, NULL, NULL),
	(962, 'CHORAS', 97, NULL, NULL),
	(963, 'ICA', 98, NULL, NULL),
	(964, 'LA TINGUI&Ntilde;A', 98, NULL, NULL),
	(965, 'LOS AQUIJES', 98, NULL, NULL),
	(966, 'OCUCAJE', 98, NULL, NULL),
	(967, 'PACHACUTEC', 98, NULL, NULL),
	(968, 'PARCONA', 98, NULL, NULL),
	(969, 'PUEBLO NUEVO', 98, NULL, NULL),
	(970, 'SALAS', 98, NULL, NULL),
	(971, 'SAN JOSE DE LOS MOLINOS', 98, NULL, NULL),
	(972, 'SAN JUAN BAUTISTA', 98, NULL, NULL),
	(973, 'SANTIAGO', 98, NULL, NULL),
	(974, 'SUBTANJALLA', 98, NULL, NULL),
	(975, 'TATE', 98, NULL, NULL),
	(976, 'YAUCA DEL ROSARIO', 98, NULL, NULL),
	(977, 'CHINCHA ALTA', 99, NULL, NULL),
	(978, 'ALTO LARAN', 99, NULL, NULL),
	(979, 'CHAVIN', 99, NULL, NULL),
	(980, 'CHINCHA BAJA', 99, NULL, NULL),
	(981, 'EL CARMEN', 99, NULL, NULL),
	(982, 'GROCIO PRADO', 99, NULL, NULL),
	(983, 'PUEBLO NUEVO', 99, NULL, NULL),
	(984, 'SAN JUAN DE YANAC', 99, NULL, NULL),
	(985, 'SAN PEDRO DE HUACARPANA', 99, NULL, NULL),
	(986, 'SUNAMPE', 99, NULL, NULL),
	(987, 'TAMBO DE MORA', 99, NULL, NULL),
	(988, 'NAZCA', 100, NULL, NULL),
	(989, 'CHANGUILLO', 100, NULL, NULL),
	(990, 'EL INGENIO', 100, NULL, NULL),
	(991, 'MARCONA', 100, NULL, NULL),
	(992, 'VISTA ALEGRE', 100, NULL, NULL),
	(993, 'PALPA', 101, NULL, NULL),
	(994, 'LLIPATA', 101, NULL, NULL),
	(995, 'RIO GRANDE', 101, NULL, NULL),
	(996, 'SANTA CRUZ', 101, NULL, NULL),
	(997, 'TIBILLO', 101, NULL, NULL),
	(998, 'PISCO', 102, NULL, NULL),
	(999, 'HUANCANO', 102, NULL, NULL),
	(1000, 'HUMAY', 102, NULL, NULL),
	(1001, 'INDEPENDENCIA', 102, NULL, NULL),
	(1002, 'PARACAS', 102, NULL, NULL),
	(1003, 'SAN ANDRES', 102, NULL, NULL),
	(1004, 'SAN CLEMENTE', 102, NULL, NULL),
	(1005, 'TUPAC AMARU INCA', 102, NULL, NULL),
	(1006, 'HUANCAYO', 103, NULL, NULL),
	(1007, 'CARHUACALLANGA', 103, NULL, NULL),
	(1008, 'CHACAPAMPA', 103, NULL, NULL),
	(1009, 'CHICCHE', 103, NULL, NULL),
	(1010, 'CHILCA', 103, NULL, NULL),
	(1011, 'CHONGOS ALTO', 103, NULL, NULL),
	(1012, 'CHUPURO', 103, NULL, NULL),
	(1013, 'COLCA', 103, NULL, NULL),
	(1014, 'CULLHUAS', 103, NULL, NULL),
	(1015, 'EL TAMBO', 103, NULL, NULL),
	(1016, 'HUACRAPUQUIO', 103, NULL, NULL),
	(1017, 'HUALHUAS', 103, NULL, NULL),
	(1018, 'HUANCAN', 103, NULL, NULL),
	(1019, 'HUASICANCHA', 103, NULL, NULL),
	(1020, 'HUAYUCACHI', 103, NULL, NULL),
	(1021, 'INGENIO', 103, NULL, NULL),
	(1022, 'PARIAHUANCA', 103, NULL, NULL),
	(1023, 'PILCOMAYO', 103, NULL, NULL),
	(1024, 'PUCARA', 103, NULL, NULL),
	(1025, 'QUICHUAY', 103, NULL, NULL),
	(1026, 'QUILCAS', 103, NULL, NULL),
	(1027, 'SAN AGUSTIN', 103, NULL, NULL),
	(1028, 'SAN JERONIMO DE TUNAN', 103, NULL, NULL),
	(1029, 'SA&Ntilde;O', 103, NULL, NULL),
	(1030, 'SAPALLANGA', 103, NULL, NULL),
	(1031, 'SICAYA', 103, NULL, NULL),
	(1032, 'SANTO DOMINGO DE ACOBAMBA', 103, NULL, NULL),
	(1033, 'VIQUES', 103, NULL, NULL),
	(1034, 'CONCEPCION', 104, NULL, NULL),
	(1035, 'ACO', 104, NULL, NULL),
	(1036, 'ANDAMARCA', 104, NULL, NULL),
	(1037, 'CHAMBARA', 104, NULL, NULL),
	(1038, 'COCHAS', 104, NULL, NULL),
	(1039, 'COMAS', 104, NULL, NULL),
	(1040, 'HEROINAS TOLEDO', 104, NULL, NULL),
	(1041, 'MANZANARES', 104, NULL, NULL),
	(1042, 'MARISCAL CASTILLA', 104, NULL, NULL),
	(1043, 'MATAHUASI', 104, NULL, NULL),
	(1044, 'MITO', 104, NULL, NULL),
	(1045, 'NUEVE DE JULIO', 104, NULL, NULL),
	(1046, 'ORCOTUNA', 104, NULL, NULL),
	(1047, 'SAN JOSE DE QUERO', 104, NULL, NULL),
	(1048, 'SANTA ROSA DE OCOPA', 104, NULL, NULL),
	(1049, 'CHANCHAMAYO', 105, NULL, NULL),
	(1050, 'PERENE', 105, NULL, NULL),
	(1051, 'PICHANAQUI', 105, NULL, NULL),
	(1052, 'SAN LUIS DE SHUARO', 105, NULL, NULL),
	(1053, 'SAN RAMON', 105, NULL, NULL),
	(1054, 'VITOC', 105, NULL, NULL),
	(1055, 'JAUJA', 106, NULL, NULL),
	(1056, 'ACOLLA', 106, NULL, NULL),
	(1057, 'APATA', 106, NULL, NULL),
	(1058, 'ATAURA', 106, NULL, NULL),
	(1059, 'CANCHAYLLO', 106, NULL, NULL),
	(1060, 'CURICACA', 106, NULL, NULL),
	(1061, 'EL MANTARO', 106, NULL, NULL),
	(1062, 'HUAMALI', 106, NULL, NULL),
	(1063, 'HUARIPAMPA', 106, NULL, NULL),
	(1064, 'HUERTAS', 106, NULL, NULL),
	(1065, 'JANJAILLO', 106, NULL, NULL),
	(1066, 'JULCAN', 106, NULL, NULL),
	(1067, 'LEONOR ORDO&Ntilde;EZ', 106, NULL, NULL),
	(1068, 'LLOCLLAPAMPA', 106, NULL, NULL),
	(1069, 'MARCO', 106, NULL, NULL),
	(1070, 'MASMA', 106, NULL, NULL),
	(1071, 'MASMA CHICCHE', 106, NULL, NULL),
	(1072, 'MOLINOS', 106, NULL, NULL),
	(1073, 'MONOBAMBA', 106, NULL, NULL),
	(1074, 'MUQUI', 106, NULL, NULL),
	(1075, 'MUQUIYAUYO', 106, NULL, NULL),
	(1076, 'PACA', 106, NULL, NULL),
	(1077, 'PACCHA', 106, NULL, NULL),
	(1078, 'PANCAN', 106, NULL, NULL),
	(1079, 'PARCO', 106, NULL, NULL),
	(1080, 'POMACANCHA', 106, NULL, NULL),
	(1081, 'RICRAN', 106, NULL, NULL),
	(1082, 'SAN LORENZO', 106, NULL, NULL),
	(1083, 'SAN PEDRO DE CHUNAN', 106, NULL, NULL),
	(1084, 'SAUSA', 106, NULL, NULL),
	(1085, 'SINCOS', 106, NULL, NULL),
	(1086, 'TUNAN MARCA', 106, NULL, NULL),
	(1087, 'YAULI', 106, NULL, NULL),
	(1088, 'YAUYOS', 106, NULL, NULL),
	(1089, 'JUNIN', 107, NULL, NULL),
	(1090, 'CARHUAMAYO', 107, NULL, NULL),
	(1091, 'ONDORES', 107, NULL, NULL),
	(1092, 'ULCUMAYO', 107, NULL, NULL),
	(1093, 'SATIPO', 108, NULL, NULL),
	(1094, 'COVIRIALI', 108, NULL, NULL),
	(1095, 'LLAYLLA', 108, NULL, NULL),
	(1096, 'MAZAMARI', 108, NULL, NULL),
	(1097, 'PAMPA HERMOSA', 108, NULL, NULL),
	(1098, 'PANGOA', 108, NULL, NULL),
	(1099, 'RIO NEGRO', 108, NULL, NULL),
	(1100, 'RIO TAMBO', 108, NULL, NULL),
	(1101, 'TARMA', 109, NULL, NULL),
	(1102, 'ACOBAMBA', 109, NULL, NULL),
	(1103, 'HUARICOLCA', 109, NULL, NULL),
	(1104, 'HUASAHUASI', 109, NULL, NULL),
	(1105, 'LA UNION', 109, NULL, NULL),
	(1106, 'PALCA', 109, NULL, NULL),
	(1107, 'PALCAMAYO', 109, NULL, NULL),
	(1108, 'SAN PEDRO DE CAJAS', 109, NULL, NULL),
	(1109, 'TAPO', 109, NULL, NULL),
	(1110, 'LA OROYA', 110, NULL, NULL),
	(1111, 'CHACAPALPA', 110, NULL, NULL),
	(1112, 'HUAY-HUAY', 110, NULL, NULL),
	(1113, 'MARCAPOMACOCHA', 110, NULL, NULL),
	(1114, 'MOROCOCHA', 110, NULL, NULL),
	(1115, 'PACCHA', 110, NULL, NULL),
	(1116, 'SANTA BARBARA DE CARHUACAYAN', 110, NULL, NULL),
	(1117, 'SANTA ROSA DE SACCO', 110, NULL, NULL),
	(1118, 'SUITUCANCHA', 110, NULL, NULL),
	(1119, 'YAULI', 110, NULL, NULL),
	(1120, 'CHUPACA', 111, NULL, NULL),
	(1121, 'AHUAC', 111, NULL, NULL),
	(1122, 'CHONGOS BAJO', 111, NULL, NULL),
	(1123, 'HUACHAC', 111, NULL, NULL),
	(1124, 'HUAMANCACA CHICO', 111, NULL, NULL),
	(1125, 'SAN JUAN DE ISCOS', 111, NULL, NULL),
	(1126, 'SAN JUAN DE JARPA', 111, NULL, NULL),
	(1127, 'TRES DE DICIEMBRE', 111, NULL, NULL),
	(1128, 'YANACANCHA', 111, NULL, NULL),
	(1129, 'TRUJILLO', 112, NULL, NULL),
	(1130, 'EL PORVENIR', 112, NULL, NULL),
	(1131, 'FLORENCIA DE MORA', 112, NULL, NULL),
	(1132, 'HUANCHACO', 112, NULL, NULL),
	(1133, 'LA ESPERANZA', 112, NULL, NULL),
	(1134, 'LAREDO', 112, NULL, NULL),
	(1135, 'MOCHE', 112, NULL, NULL),
	(1136, 'POROTO', 112, NULL, NULL),
	(1137, 'SALAVERRY', 112, NULL, NULL),
	(1138, 'SIMBAL', 112, NULL, NULL),
	(1139, 'VICTOR LARCO HERRERA', 112, NULL, NULL),
	(1140, 'ASCOPE', 113, NULL, NULL),
	(1141, 'CHICAMA', 113, NULL, NULL),
	(1142, 'CHOCOPE', 113, NULL, NULL),
	(1143, 'MAGDALENA DE CAO', 113, NULL, NULL),
	(1144, 'PAIJAN', 113, NULL, NULL),
	(1145, 'RAZURI', 113, NULL, NULL),
	(1146, 'SANTIAGO DE CAO', 113, NULL, NULL),
	(1147, 'CASA GRANDE', 113, NULL, NULL),
	(1148, 'BOLIVAR', 114, NULL, NULL),
	(1149, 'BAMBAMARCA', 114, NULL, NULL),
	(1150, 'CONDORMARCA', 114, NULL, NULL),
	(1151, 'LONGOTEA', 114, NULL, NULL),
	(1152, 'UCHUMARCA', 114, NULL, NULL),
	(1153, 'UCUNCHA', 114, NULL, NULL),
	(1154, 'CHEPEN', 115, NULL, NULL),
	(1155, 'PACANGA', 115, NULL, NULL),
	(1156, 'PUEBLO NUEVO', 115, NULL, NULL),
	(1157, 'JULCAN', 116, NULL, NULL),
	(1158, 'CALAMARCA', 116, NULL, NULL),
	(1159, 'CARABAMBA', 116, NULL, NULL),
	(1160, 'HUASO', 116, NULL, NULL),
	(1161, 'OTUZCO', 117, NULL, NULL),
	(1162, 'AGALLPAMPA', 117, NULL, NULL),
	(1163, 'CHARAT', 117, NULL, NULL),
	(1164, 'HUARANCHAL', 117, NULL, NULL),
	(1165, 'LA CUESTA', 117, NULL, NULL),
	(1166, 'MACHE', 117, NULL, NULL),
	(1167, 'PARANDAY', 117, NULL, NULL),
	(1168, 'SALPO', 117, NULL, NULL),
	(1169, 'SINSICAP', 117, NULL, NULL),
	(1170, 'USQUIL', 117, NULL, NULL),
	(1171, 'SAN PEDRO DE LLOC', 118, NULL, NULL),
	(1172, 'GUADALUPE', 118, NULL, NULL),
	(1173, 'JEQUETEPEQUE', 118, NULL, NULL),
	(1174, 'PACASMAYO', 118, NULL, NULL),
	(1175, 'SAN JOSE', 118, NULL, NULL),
	(1176, 'TAYABAMBA', 119, NULL, NULL),
	(1177, 'BULDIBUYO', 119, NULL, NULL),
	(1178, 'CHILLIA', 119, NULL, NULL),
	(1179, 'HUANCASPATA', 119, NULL, NULL),
	(1180, 'HUAYLILLAS', 119, NULL, NULL),
	(1181, 'HUAYO', 119, NULL, NULL),
	(1182, 'ONGON', 119, NULL, NULL),
	(1183, 'PARCOY', 119, NULL, NULL),
	(1184, 'PATAZ', 119, NULL, NULL),
	(1185, 'PIAS', 119, NULL, NULL),
	(1186, 'SANTIAGO DE CHALLAS', 119, NULL, NULL),
	(1187, 'TAURIJA', 119, NULL, NULL),
	(1188, 'URPAY', 119, NULL, NULL),
	(1189, 'HUAMACHUCO', 120, NULL, NULL),
	(1190, 'CHUGAY', 120, NULL, NULL),
	(1191, 'COCHORCO', 120, NULL, NULL),
	(1192, 'CURGOS', 120, NULL, NULL),
	(1193, 'MARCABAL', 120, NULL, NULL),
	(1194, 'SANAGORAN', 120, NULL, NULL),
	(1195, 'SARIN', 120, NULL, NULL),
	(1196, 'SARTIMBAMBA', 120, NULL, NULL),
	(1197, 'SANTIAGO DE CHUCO', 121, NULL, NULL),
	(1198, 'ANGASMARCA', 121, NULL, NULL),
	(1199, 'CACHICADAN', 121, NULL, NULL),
	(1200, 'MOLLEBAMBA', 121, NULL, NULL),
	(1201, 'MOLLEPATA', 121, NULL, NULL),
	(1202, 'QUIRUVILCA', 121, NULL, NULL),
	(1203, 'SANTA CRUZ DE CHUCA', 121, NULL, NULL),
	(1204, 'SITABAMBA', 121, NULL, NULL),
	(1205, 'GRAN CHIMU', 122, NULL, NULL),
	(1206, 'CASCAS', 122, NULL, NULL),
	(1207, 'LUCMA', 122, NULL, NULL),
	(1208, 'MARMOT', 122, NULL, NULL),
	(1209, 'SAYAPULLO', 122, NULL, NULL),
	(1210, 'VIRU', 123, NULL, NULL),
	(1211, 'CHAO', 123, NULL, NULL),
	(1212, 'GUADALUPITO', 123, NULL, NULL),
	(1213, 'CHICLAYO', 124, NULL, NULL),
	(1214, 'CHONGOYAPE', 124, NULL, NULL),
	(1215, 'ETEN', 124, NULL, NULL),
	(1216, 'ETEN PUERTO', 124, NULL, NULL),
	(1217, 'JOSE LEONARDO ORTIZ', 124, NULL, NULL),
	(1218, 'LA VICTORIA', 124, NULL, NULL),
	(1219, 'LAGUNAS', 124, NULL, NULL),
	(1220, 'MONSEFU', 124, NULL, NULL),
	(1221, 'NUEVA ARICA', 124, NULL, NULL),
	(1222, 'OYOTUN', 124, NULL, NULL),
	(1223, 'PICSI', 124, NULL, NULL),
	(1224, 'PIMENTEL', 124, NULL, NULL),
	(1225, 'REQUE', 124, NULL, NULL),
	(1226, 'SANTA ROSA', 124, NULL, NULL),
	(1227, 'SA&Ntilde;A', 124, NULL, NULL),
	(1228, 'CAYALTI', 124, NULL, NULL),
	(1229, 'PATAPO', 124, NULL, NULL),
	(1230, 'POMALCA', 124, NULL, NULL),
	(1231, 'PUCALA', 124, NULL, NULL),
	(1232, 'TUMAN', 124, NULL, NULL),
	(1233, 'FERRE&Ntilde;AFE', 125, NULL, NULL),
	(1234, 'CA&Ntilde;ARIS', 125, NULL, NULL),
	(1235, 'INCAHUASI', 125, NULL, NULL),
	(1236, 'MANUEL ANTONIO MESONES MURO', 125, NULL, NULL),
	(1237, 'PITIPO', 125, NULL, NULL),
	(1238, 'PUEBLO NUEVO', 125, NULL, NULL),
	(1239, 'LAMBAYEQUE', 126, NULL, NULL),
	(1240, 'CHOCHOPE', 126, NULL, NULL),
	(1241, 'ILLIMO', 126, NULL, NULL),
	(1242, 'JAYANCA', 126, NULL, NULL),
	(1243, 'MOCHUMI', 126, NULL, NULL),
	(1244, 'MORROPE', 126, NULL, NULL),
	(1245, 'MOTUPE', 126, NULL, NULL),
	(1246, 'OLMOS', 126, NULL, NULL),
	(1247, 'PACORA', 126, NULL, NULL),
	(1248, 'SALAS', 126, NULL, NULL),
	(1249, 'SAN JOSE', 126, NULL, NULL),
	(1250, 'TUCUME', 126, NULL, NULL),
	(1251, 'LIMA', 127, NULL, NULL),
	(1252, 'ANCON', 127, NULL, NULL),
	(1253, 'ATE', 127, NULL, NULL),
	(1254, 'BARRANCO', 127, NULL, NULL),
	(1255, 'BRE&Ntilde;A', 127, NULL, NULL),
	(1256, 'CARABAYLLO', 127, NULL, NULL),
	(1257, 'CHACLACAYO', 127, NULL, NULL),
	(1258, 'CHORRILLOS', 127, NULL, NULL),
	(1259, 'CIENEGUILLA', 127, NULL, NULL),
	(1260, 'COMAS', 127, NULL, NULL),
	(1261, 'EL AGUSTINO', 127, NULL, NULL),
	(1262, 'INDEPENDENCIA', 127, NULL, NULL),
	(1263, 'JESUS MARIA', 127, NULL, NULL),
	(1264, 'LA MOLINA', 127, NULL, NULL),
	(1265, 'LA VICTORIA', 127, NULL, NULL),
	(1266, 'LINCE', 127, NULL, NULL),
	(1267, 'LOS OLIVOS', 127, NULL, NULL),
	(1268, 'LURIGANCHO', 127, NULL, NULL),
	(1269, 'LURIN', 127, NULL, NULL),
	(1270, 'MAGDALENA DEL MAR', 127, NULL, NULL),
	(1271, 'MAGDALENA VIEJA', 127, NULL, NULL),
	(1272, 'MIRAFLORES', 127, NULL, NULL),
	(1273, 'PACHACAMAC', 127, NULL, NULL),
	(1274, 'PUCUSANA', 127, NULL, NULL),
	(1275, 'PUENTE PIEDRA', 127, NULL, NULL),
	(1276, 'PUNTA HERMOSA', 127, NULL, NULL),
	(1277, 'PUNTA NEGRA', 127, NULL, NULL),
	(1278, 'RIMAC', 127, NULL, NULL),
	(1279, 'SAN BARTOLO', 127, NULL, NULL),
	(1280, 'SAN BORJA', 127, NULL, NULL),
	(1281, 'SAN ISIDRO', 127, NULL, NULL),
	(1282, 'SAN JUAN DE LURIGANCHO', 127, NULL, NULL),
	(1283, 'SAN JUAN DE MIRAFLORES', 127, NULL, NULL),
	(1284, 'SAN LUIS', 127, NULL, NULL),
	(1285, 'SAN MARTIN DE PORRES', 127, NULL, NULL),
	(1286, 'SAN MIGUEL', 127, NULL, NULL),
	(1287, 'SANTA ANITA', 127, NULL, NULL),
	(1288, 'SANTA MARIA DEL MAR', 127, NULL, NULL),
	(1289, 'SANTA ROSA', 127, NULL, NULL),
	(1290, 'SANTIAGO DE SURCO', 127, NULL, NULL),
	(1291, 'SURQUILLO', 127, NULL, NULL),
	(1292, 'VILLA EL SALVADOR', 127, NULL, NULL),
	(1293, 'VILLA MARIA DEL TRIUNFO', 127, NULL, NULL),
	(1294, 'BARRANCA', 128, NULL, NULL),
	(1295, 'PARAMONGA', 128, NULL, NULL),
	(1296, 'PATIVILCA', 128, NULL, NULL),
	(1297, 'SUPE', 128, NULL, NULL),
	(1298, 'SUPE PUERTO', 128, NULL, NULL),
	(1299, 'CAJATAMBO', 129, NULL, NULL),
	(1300, 'COPA', 129, NULL, NULL),
	(1301, 'GORGOR', 129, NULL, NULL),
	(1302, 'HUANCAPON', 129, NULL, NULL),
	(1303, 'MANAS', 129, NULL, NULL),
	(1304, 'CANTA', 130, NULL, NULL),
	(1305, 'ARAHUAY', 130, NULL, NULL),
	(1306, 'HUAMANTANGA', 130, NULL, NULL),
	(1307, 'HUAROS', 130, NULL, NULL),
	(1308, 'LACHAQUI', 130, NULL, NULL),
	(1309, 'SAN BUENAVENTURA', 130, NULL, NULL),
	(1310, 'SANTA ROSA DE QUIVES', 130, NULL, NULL),
	(1311, 'SAN VICENTE DE CA&Ntilde;ETE', 131, NULL, NULL),
	(1312, 'ASIA', 131, NULL, NULL),
	(1313, 'CALANGO', 131, NULL, NULL),
	(1314, 'CERRO AZUL', 131, NULL, NULL),
	(1315, 'CHILCA', 131, NULL, NULL),
	(1316, 'COAYLLO', 131, NULL, NULL),
	(1317, 'IMPERIAL', 131, NULL, NULL),
	(1318, 'LUNAHUANA', 131, NULL, NULL),
	(1319, 'MALA', 131, NULL, NULL),
	(1320, 'NUEVO IMPERIAL', 131, NULL, NULL),
	(1321, 'PACARAN', 131, NULL, NULL),
	(1322, 'QUILMANA', 131, NULL, NULL),
	(1323, 'SAN ANTONIO', 131, NULL, NULL),
	(1324, 'SAN LUIS', 131, NULL, NULL),
	(1325, 'SANTA CRUZ DE FLORES', 131, NULL, NULL),
	(1326, 'ZU&Ntilde;IGA', 131, NULL, NULL),
	(1327, 'HUARAL', 132, NULL, NULL),
	(1328, 'ATAVILLOS ALTO', 132, NULL, NULL),
	(1329, 'ATAVILLOS BAJO', 132, NULL, NULL),
	(1330, 'AUCALLAMA', 132, NULL, NULL),
	(1331, 'CHANCAY', 132, NULL, NULL),
	(1332, 'IHUARI', 132, NULL, NULL),
	(1333, 'LAMPIAN', 132, NULL, NULL),
	(1334, 'PACARAOS', 132, NULL, NULL),
	(1335, 'SAN MIGUEL DE ACOS', 132, NULL, NULL),
	(1336, 'SANTA CRUZ DE ANDAMARCA', 132, NULL, NULL),
	(1337, 'SUMBILCA', 132, NULL, NULL),
	(1338, 'VEINTISIETE DE NOVIEMBRE', 132, NULL, NULL),
	(1339, 'MATUCANA', 133, NULL, NULL),
	(1340, 'ANTIOQUIA', 133, NULL, NULL),
	(1341, 'CALLAHUANCA', 133, NULL, NULL),
	(1342, 'CARAMPOMA', 133, NULL, NULL),
	(1343, 'CHICLA', 133, NULL, NULL),
	(1344, 'CUENCA', 133, NULL, NULL),
	(1345, 'HUACHUPAMPA', 133, NULL, NULL),
	(1346, 'HUANZA', 133, NULL, NULL),
	(1347, 'HUAROCHIRI', 133, NULL, NULL),
	(1348, 'LAHUAYTAMBO', 133, NULL, NULL),
	(1349, 'LANGA', 133, NULL, NULL),
	(1350, 'LARAOS', 133, NULL, NULL),
	(1351, 'MARIATANA', 133, NULL, NULL),
	(1352, 'RICARDO PALMA', 133, NULL, NULL),
	(1353, 'SAN ANDRES DE TUPICOCHA', 133, NULL, NULL),
	(1354, 'SAN ANTONIO', 133, NULL, NULL),
	(1355, 'SAN BARTOLOME', 133, NULL, NULL),
	(1356, 'SAN DAMIAN', 133, NULL, NULL),
	(1357, 'SAN JUAN DE IRIS', 133, NULL, NULL),
	(1358, 'SAN JUAN DE TANTARANCHE', 133, NULL, NULL),
	(1359, 'SAN LORENZO DE QUINTI', 133, NULL, NULL),
	(1360, 'SAN MATEO', 133, NULL, NULL),
	(1361, 'SAN MATEO DE OTAO', 133, NULL, NULL),
	(1362, 'SAN PEDRO DE CASTA', 133, NULL, NULL),
	(1363, 'SAN PEDRO DE HUANCAYRE', 133, NULL, NULL),
	(1364, 'SANGALLAYA', 133, NULL, NULL),
	(1365, 'SANTA CRUZ DE COCACHACRA', 133, NULL, NULL),
	(1366, 'SANTA EULALIA', 133, NULL, NULL),
	(1367, 'SANTIAGO DE ANCHUCAYA', 133, NULL, NULL),
	(1368, 'SANTIAGO DE TUNA', 133, NULL, NULL),
	(1369, 'SANTO DOMINGO DE LOS OLLEROS', 133, NULL, NULL),
	(1370, 'SURCO', 133, NULL, NULL),
	(1371, 'HUACHO', 134, NULL, NULL),
	(1372, 'AMBAR', 134, NULL, NULL),
	(1373, 'CALETA DE CARQUIN', 134, NULL, NULL),
	(1374, 'CHECRAS', 134, NULL, NULL),
	(1375, 'HUALMAY', 134, NULL, NULL),
	(1376, 'HUAURA', 134, NULL, NULL),
	(1377, 'LEONCIO PRADO', 134, NULL, NULL),
	(1378, 'PACCHO', 134, NULL, NULL),
	(1379, 'SANTA LEONOR', 134, NULL, NULL),
	(1380, 'SANTA MARIA', 134, NULL, NULL),
	(1381, 'SAYAN', 134, NULL, NULL),
	(1382, 'VEGUETA', 134, NULL, NULL),
	(1383, 'OYON', 135, NULL, NULL),
	(1384, 'ANDAJES', 135, NULL, NULL),
	(1385, 'CAUJUL', 135, NULL, NULL),
	(1386, 'COCHAMARCA', 135, NULL, NULL),
	(1387, 'NAVAN', 135, NULL, NULL),
	(1388, 'PACHANGARA', 135, NULL, NULL),
	(1389, 'YAUYOS', 136, NULL, NULL),
	(1390, 'ALIS', 136, NULL, NULL),
	(1391, 'AYAUCA', 136, NULL, NULL),
	(1392, 'AYAVIRI', 136, NULL, NULL),
	(1393, 'AZANGARO', 136, NULL, NULL),
	(1394, 'CACRA', 136, NULL, NULL),
	(1395, 'CARANIA', 136, NULL, NULL),
	(1396, 'CATAHUASI', 136, NULL, NULL),
	(1397, 'CHOCOS', 136, NULL, NULL),
	(1398, 'COCHAS', 136, NULL, NULL),
	(1399, 'COLONIA', 136, NULL, NULL),
	(1400, 'HONGOS', 136, NULL, NULL),
	(1401, 'HUAMPARA', 136, NULL, NULL),
	(1402, 'HUANCAYA', 136, NULL, NULL),
	(1403, 'HUANGASCAR', 136, NULL, NULL),
	(1404, 'HUANTAN', 136, NULL, NULL),
	(1405, 'HUA&Ntilde;EC', 136, NULL, NULL),
	(1406, 'LARAOS', 136, NULL, NULL),
	(1407, 'LINCHA', 136, NULL, NULL),
	(1408, 'MADEAN', 136, NULL, NULL),
	(1409, 'MIRAFLORES', 136, NULL, NULL),
	(1410, 'OMAS', 136, NULL, NULL),
	(1411, 'PUTINZA', 136, NULL, NULL),
	(1412, 'QUINCHES', 136, NULL, NULL),
	(1413, 'QUINOCAY', 136, NULL, NULL),
	(1414, 'SAN JOAQUIN', 136, NULL, NULL),
	(1415, 'SAN PEDRO DE PILAS', 136, NULL, NULL),
	(1416, 'TANTA', 136, NULL, NULL),
	(1417, 'TAURIPAMPA', 136, NULL, NULL),
	(1418, 'TOMAS', 136, NULL, NULL),
	(1419, 'TUPE', 136, NULL, NULL),
	(1420, 'VI&Ntilde;AC', 136, NULL, NULL),
	(1421, 'VITIS', 136, NULL, NULL),
	(1422, 'IQUITOS', 137, NULL, NULL),
	(1423, 'ALTO NANAY', 137, NULL, NULL),
	(1424, 'FERNANDO LORES', 137, NULL, NULL),
	(1425, 'INDIANA', 137, NULL, NULL),
	(1426, 'LAS AMAZONAS', 137, NULL, NULL),
	(1427, 'MAZAN', 137, NULL, NULL),
	(1428, 'NAPO', 137, NULL, NULL),
	(1429, 'PUNCHANA', 137, NULL, NULL),
	(1430, 'PUTUMAYO', 137, NULL, NULL),
	(1431, 'TORRES CAUSANA', 137, NULL, NULL),
	(1432, 'BELEN', 137, NULL, NULL),
	(1433, 'SAN JUAN BAUTISTA', 137, NULL, NULL),
	(1434, 'YURIMAGUAS', 138, NULL, NULL),
	(1435, 'BALSAPUERTO', 138, NULL, NULL),
	(1436, 'BARRANCA', 138, NULL, NULL),
	(1437, 'CAHUAPANAS', 138, NULL, NULL),
	(1438, 'JEBEROS', 138, NULL, NULL),
	(1439, 'LAGUNAS', 138, NULL, NULL),
	(1440, 'MANSERICHE', 138, NULL, NULL),
	(1441, 'MORONA', 138, NULL, NULL),
	(1442, 'PASTAZA', 138, NULL, NULL),
	(1443, 'SANTA CRUZ', 138, NULL, NULL),
	(1444, 'TENIENTE CESAR LOPEZ ROJAS', 138, NULL, NULL),
	(1445, 'NAUTA', 139, NULL, NULL),
	(1446, 'PARINARI', 139, NULL, NULL),
	(1447, 'TIGRE', 139, NULL, NULL),
	(1448, 'TROMPETEROS', 139, NULL, NULL),
	(1449, 'URARINAS', 139, NULL, NULL),
	(1450, 'RAMON CASTILLA', 140, NULL, NULL),
	(1451, 'PEBAS', 140, NULL, NULL),
	(1452, 'YAVARI', 140, NULL, NULL),
	(1453, 'SAN PABLO', 140, NULL, NULL),
	(1454, 'REQUENA', 141, NULL, NULL),
	(1455, 'ALTO TAPICHE', 141, NULL, NULL),
	(1456, 'CAPELO', 141, NULL, NULL),
	(1457, 'EMILIO SAN MARTIN', 141, NULL, NULL),
	(1458, 'MAQUIA', 141, NULL, NULL),
	(1459, 'PUINAHUA', 141, NULL, NULL),
	(1460, 'SAQUENA', 141, NULL, NULL),
	(1461, 'SOPLIN', 141, NULL, NULL),
	(1462, 'TAPICHE', 141, NULL, NULL),
	(1463, 'JENARO HERRERA', 141, NULL, NULL),
	(1464, 'YAQUERANA', 141, NULL, NULL),
	(1465, 'CONTAMANA', 142, NULL, NULL),
	(1466, 'INAHUAYA', 142, NULL, NULL),
	(1467, 'PADRE MARQUEZ', 142, NULL, NULL),
	(1468, 'PAMPA HERMOSA', 142, NULL, NULL),
	(1469, 'SARAYACU', 142, NULL, NULL),
	(1470, 'VARGAS GUERRA', 142, NULL, NULL),
	(1471, 'TAMBOPATA', 143, NULL, NULL),
	(1472, 'INAMBARI', 143, NULL, NULL),
	(1473, 'LAS PIEDRAS', 143, NULL, NULL),
	(1474, 'LABERINTO', 143, NULL, NULL),
	(1475, 'MANU', 144, NULL, NULL),
	(1476, 'FITZCARRALD', 144, NULL, NULL),
	(1477, 'MADRE DE DIOS', 144, NULL, NULL),
	(1478, 'HUEPETUHE', 144, NULL, NULL),
	(1479, 'I&Ntilde;APARI', 145, NULL, NULL),
	(1480, 'IBERIA', 145, NULL, NULL),
	(1481, 'TAHUAMANU', 145, NULL, NULL),
	(1482, 'MOQUEGUA', 146, NULL, NULL),
	(1483, 'CARUMAS', 146, NULL, NULL),
	(1484, 'CUCHUMBAYA', 146, NULL, NULL),
	(1485, 'SAMEGUA', 146, NULL, NULL),
	(1486, 'SAN CRISTOBAL', 146, NULL, NULL),
	(1487, 'TORATA', 146, NULL, NULL),
	(1488, 'OMATE', 147, NULL, NULL),
	(1489, 'CHOJATA', 147, NULL, NULL),
	(1490, 'COALAQUE', 147, NULL, NULL),
	(1491, 'ICHU&Ntilde;A', 147, NULL, NULL),
	(1492, 'LA CAPILLA', 147, NULL, NULL),
	(1493, 'LLOQUE', 147, NULL, NULL),
	(1494, 'MATALAQUE', 147, NULL, NULL),
	(1495, 'PUQUINA', 147, NULL, NULL),
	(1496, 'QUINISTAQUILLAS', 147, NULL, NULL),
	(1497, 'UBINAS', 147, NULL, NULL),
	(1498, 'YUNGA', 147, NULL, NULL),
	(1499, 'ILO', 148, NULL, NULL),
	(1500, 'EL ALGARROBAL', 148, NULL, NULL),
	(1501, 'PACOCHA', 148, NULL, NULL),
	(1502, 'CHAUPIMARCA', 149, NULL, NULL),
	(1503, 'HUACHON', 149, NULL, NULL),
	(1504, 'HUARIACA', 149, NULL, NULL),
	(1505, 'HUAYLLAY', 149, NULL, NULL),
	(1506, 'NINACACA', 149, NULL, NULL),
	(1507, 'PALLANCHACRA', 149, NULL, NULL),
	(1508, 'PAUCARTAMBO', 149, NULL, NULL),
	(1509, 'SAN FCO.DE ASIS DE YARUSYACAN', 149, NULL, NULL),
	(1510, 'SIMON BOLIVAR', 149, NULL, NULL),
	(1511, 'TICLACAYAN', 149, NULL, NULL),
	(1512, 'TINYAHUARCO', 149, NULL, NULL),
	(1513, 'VICCO', 149, NULL, NULL),
	(1514, 'YANACANCHA', 149, NULL, NULL),
	(1515, 'YANAHUANCA', 150, NULL, NULL),
	(1516, 'CHACAYAN', 150, NULL, NULL),
	(1517, 'GOYLLARISQUIZGA', 150, NULL, NULL),
	(1518, 'PAUCAR', 150, NULL, NULL),
	(1519, 'SAN PEDRO DE PILLAO', 150, NULL, NULL),
	(1520, 'SANTA ANA DE TUSI', 150, NULL, NULL),
	(1521, 'TAPUC', 150, NULL, NULL),
	(1522, 'VILCABAMBA', 150, NULL, NULL),
	(1523, 'OXAPAMPA', 151, NULL, NULL),
	(1524, 'CHONTABAMBA', 151, NULL, NULL),
	(1525, 'HUANCABAMBA', 151, NULL, NULL),
	(1526, 'PALCAZU', 151, NULL, NULL),
	(1527, 'POZUZO', 151, NULL, NULL),
	(1528, 'PUERTO BERMUDEZ', 151, NULL, NULL),
	(1529, 'VILLA RICA', 151, NULL, NULL),
	(1530, 'PIURA', 152, NULL, NULL),
	(1531, 'CASTILLA', 152, NULL, NULL),
	(1532, 'CATACAOS', 152, NULL, NULL),
	(1533, 'CURA MORI', 152, NULL, NULL),
	(1534, 'EL TALLAN', 152, NULL, NULL),
	(1535, 'LA ARENA', 152, NULL, NULL),
	(1536, 'LA UNION', 152, NULL, NULL),
	(1537, 'LAS LOMAS', 152, NULL, NULL),
	(1538, 'TAMBO GRANDE', 152, NULL, NULL),
	(1539, 'AYABACA', 153, NULL, NULL),
	(1540, 'FRIAS', 153, NULL, NULL),
	(1541, 'JILILI', 153, NULL, NULL),
	(1542, 'LAGUNAS', 153, NULL, NULL),
	(1543, 'MONTERO', 153, NULL, NULL),
	(1544, 'PACAIPAMPA', 153, NULL, NULL),
	(1545, 'PAIMAS', 153, NULL, NULL),
	(1546, 'SAPILLICA', 153, NULL, NULL),
	(1547, 'SICCHEZ', 153, NULL, NULL),
	(1548, 'SUYO', 153, NULL, NULL),
	(1549, 'HUANCABAMBA', 154, NULL, NULL),
	(1550, 'CANCHAQUE', 154, NULL, NULL),
	(1551, 'EL CARMEN DE LA FRONTERA', 154, NULL, NULL),
	(1552, 'HUARMACA', 154, NULL, NULL),
	(1553, 'LALAQUIZ', 154, NULL, NULL),
	(1554, 'SAN MIGUEL DE EL FAIQUE', 154, NULL, NULL),
	(1555, 'SONDOR', 154, NULL, NULL),
	(1556, 'SONDORILLO', 154, NULL, NULL),
	(1557, 'CHULUCANAS', 155, NULL, NULL),
	(1558, 'BUENOS AIRES', 155, NULL, NULL),
	(1559, 'CHALACO', 155, NULL, NULL),
	(1560, 'LA MATANZA', 155, NULL, NULL),
	(1561, 'MORROPON', 155, NULL, NULL),
	(1562, 'SALITRAL', 155, NULL, NULL),
	(1563, 'SAN JUAN DE BIGOTE', 155, NULL, NULL),
	(1564, 'SANTA CATALINA DE MOSSA', 155, NULL, NULL),
	(1565, 'SANTO DOMINGO', 155, NULL, NULL),
	(1566, 'YAMANGO', 155, NULL, NULL),
	(1567, 'PAITA', 156, NULL, NULL),
	(1568, 'AMOTAPE', 156, NULL, NULL),
	(1569, 'ARENAL', 156, NULL, NULL),
	(1570, 'COLAN', 156, NULL, NULL),
	(1571, 'LA HUACA', 156, NULL, NULL),
	(1572, 'TAMARINDO', 156, NULL, NULL),
	(1573, 'VICHAYAL', 156, NULL, NULL),
	(1574, 'SULLANA', 157, NULL, NULL),
	(1575, 'BELLAVISTA', 157, NULL, NULL),
	(1576, 'IGNACIO ESCUDERO', 157, NULL, NULL),
	(1577, 'LANCONES', 157, NULL, NULL),
	(1578, 'MARCAVELICA', 157, NULL, NULL),
	(1579, 'MIGUEL CHECA', 157, NULL, NULL),
	(1580, 'QUERECOTILLO', 157, NULL, NULL),
	(1581, 'SALITRAL', 157, NULL, NULL),
	(1582, 'PARI&Ntilde;AS', 158, NULL, NULL),
	(1583, 'EL ALTO', 158, NULL, NULL),
	(1584, 'LA BREA', 158, NULL, NULL),
	(1585, 'LOBITOS', 158, NULL, NULL),
	(1586, 'LOS ORGANOS', 158, NULL, NULL),
	(1587, 'MANCORA', 158, NULL, NULL),
	(1588, 'SECHURA', 159, NULL, NULL),
	(1589, 'BELLAVISTA DE LA UNION', 159, NULL, NULL),
	(1590, 'BERNAL', 159, NULL, NULL),
	(1591, 'CRISTO NOS VALGA', 159, NULL, NULL),
	(1592, 'VICE', 159, NULL, NULL),
	(1593, 'RINCONADA LLICUAR', 159, NULL, NULL),
	(1594, 'PUNO', 160, NULL, NULL),
	(1595, 'ACORA', 160, NULL, NULL),
	(1596, 'AMANTANI', 160, NULL, NULL),
	(1597, 'ATUNCOLLA', 160, NULL, NULL),
	(1598, 'CAPACHICA', 160, NULL, NULL),
	(1599, 'CHUCUITO', 160, NULL, NULL),
	(1600, 'COATA', 160, NULL, NULL),
	(1601, 'HUATA', 160, NULL, NULL),
	(1602, 'MA&Ntilde;AZO', 160, NULL, NULL),
	(1603, 'PAUCARCOLLA', 160, NULL, NULL),
	(1604, 'PICHACANI', 160, NULL, NULL),
	(1605, 'PLATERIA', 160, NULL, NULL),
	(1606, 'SAN ANTONIO', 160, NULL, NULL),
	(1607, 'TIQUILLACA', 160, NULL, NULL),
	(1608, 'VILQUE', 160, NULL, NULL),
	(1609, 'AZANGARO', 161, NULL, NULL),
	(1610, 'ACHAYA', 161, NULL, NULL),
	(1611, 'ARAPA', 161, NULL, NULL),
	(1612, 'ASILLO', 161, NULL, NULL),
	(1613, 'CAMINACA', 161, NULL, NULL),
	(1614, 'CHUPA', 161, NULL, NULL),
	(1615, 'JOSE DOMINGO CHOQUEHUANCA', 161, NULL, NULL),
	(1616, 'MU&Ntilde;ANI', 161, NULL, NULL),
	(1617, 'POTONI', 161, NULL, NULL),
	(1618, 'SAMAN', 161, NULL, NULL),
	(1619, 'SAN ANTON', 161, NULL, NULL),
	(1620, 'SAN JOSE', 161, NULL, NULL),
	(1621, 'SAN JUAN DE SALINAS', 161, NULL, NULL),
	(1622, 'SANTIAGO DE PUPUJA', 161, NULL, NULL),
	(1623, 'TIRAPATA', 161, NULL, NULL),
	(1624, 'MACUSANI', 162, NULL, NULL),
	(1625, 'AJOYANI', 162, NULL, NULL),
	(1626, 'AYAPATA', 162, NULL, NULL),
	(1627, 'COASA', 162, NULL, NULL),
	(1628, 'CORANI', 162, NULL, NULL),
	(1629, 'CRUCERO', 162, NULL, NULL),
	(1630, 'ITUATA', 162, NULL, NULL),
	(1631, 'OLLACHEA', 162, NULL, NULL),
	(1632, 'SAN GABAN', 162, NULL, NULL),
	(1633, 'USICAYOS', 162, NULL, NULL),
	(1634, 'JULI', 163, NULL, NULL),
	(1635, 'DESAGUADERO', 163, NULL, NULL),
	(1636, 'HUACULLANI', 163, NULL, NULL),
	(1637, 'KELLUYO', 163, NULL, NULL),
	(1638, 'PISACOMA', 163, NULL, NULL),
	(1639, 'POMATA', 163, NULL, NULL),
	(1640, 'ZEPITA', 163, NULL, NULL),
	(1641, 'ILAVE', 164, NULL, NULL),
	(1642, 'CAPAZO', 164, NULL, NULL),
	(1643, 'PILCUYO', 164, NULL, NULL),
	(1644, 'SANTA ROSA', 164, NULL, NULL),
	(1645, 'CONDURIRI', 164, NULL, NULL),
	(1646, 'HUANCANE', 165, NULL, NULL),
	(1647, 'COJATA', 165, NULL, NULL),
	(1648, 'HUATASANI', 165, NULL, NULL),
	(1649, 'INCHUPALLA', 165, NULL, NULL),
	(1650, 'PUSI', 165, NULL, NULL),
	(1651, 'ROSASPATA', 165, NULL, NULL),
	(1652, 'TARACO', 165, NULL, NULL),
	(1653, 'VILQUE CHICO', 165, NULL, NULL),
	(1654, 'LAMPA', 166, NULL, NULL),
	(1655, 'CABANILLA', 166, NULL, NULL),
	(1656, 'CALAPUJA', 166, NULL, NULL),
	(1657, 'NICASIO', 166, NULL, NULL),
	(1658, 'OCUVIRI', 166, NULL, NULL),
	(1659, 'PALCA', 166, NULL, NULL),
	(1660, 'PARATIA', 166, NULL, NULL),
	(1661, 'PUCARA', 166, NULL, NULL),
	(1662, 'SANTA LUCIA', 166, NULL, NULL),
	(1663, 'VILAVILA', 166, NULL, NULL),
	(1664, 'AYAVIRI', 167, NULL, NULL),
	(1665, 'ANTAUTA', 167, NULL, NULL),
	(1666, 'CUPI', 167, NULL, NULL),
	(1667, 'LLALLI', 167, NULL, NULL),
	(1668, 'MACARI', 167, NULL, NULL),
	(1669, 'NU&Ntilde;OA', 167, NULL, NULL),
	(1670, 'ORURILLO', 167, NULL, NULL),
	(1671, 'SANTA ROSA', 167, NULL, NULL),
	(1672, 'UMACHIRI', 167, NULL, NULL),
	(1673, 'MOHO', 168, NULL, NULL),
	(1674, 'CONIMA', 168, NULL, NULL),
	(1675, 'HUAYRAPATA', 168, NULL, NULL),
	(1676, 'TILALI', 168, NULL, NULL),
	(1677, 'PUTINA', 169, NULL, NULL),
	(1678, 'ANANEA', 169, NULL, NULL),
	(1679, 'PEDRO VILCA APAZA', 169, NULL, NULL),
	(1680, 'QUILCAPUNCU', 169, NULL, NULL),
	(1681, 'SINA', 169, NULL, NULL),
	(1682, 'JULIACA', 170, NULL, NULL),
	(1683, 'CABANA', 170, NULL, NULL),
	(1684, 'CABANILLAS', 170, NULL, NULL),
	(1685, 'CARACOTO', 170, NULL, NULL),
	(1686, 'SANDIA', 171, NULL, NULL),
	(1687, 'CUYOCUYO', 171, NULL, NULL),
	(1688, 'LIMBANI', 171, NULL, NULL),
	(1689, 'PATAMBUCO', 171, NULL, NULL),
	(1690, 'PHARA', 171, NULL, NULL),
	(1691, 'QUIACA', 171, NULL, NULL),
	(1692, 'SAN JUAN DEL ORO', 171, NULL, NULL),
	(1693, 'YANAHUAYA', 171, NULL, NULL),
	(1694, 'ALTO INAMBARI', 171, NULL, NULL),
	(1695, 'YUNGUYO', 172, NULL, NULL),
	(1696, 'ANAPIA', 172, NULL, NULL),
	(1697, 'COPANI', 172, NULL, NULL),
	(1698, 'CUTURAPI', 172, NULL, NULL),
	(1699, 'OLLARAYA', 172, NULL, NULL),
	(1700, 'TINICACHI', 172, NULL, NULL),
	(1701, 'UNICACHI', 172, NULL, NULL),
	(1702, 'MOYOBAMBA', 173, NULL, NULL),
	(1703, 'CALZADA', 173, NULL, NULL),
	(1704, 'HABANA', 173, NULL, NULL),
	(1705, 'JEPELACIO', 173, NULL, NULL),
	(1706, 'SORITOR', 173, NULL, NULL),
	(1707, 'YANTALO', 173, NULL, NULL),
	(1708, 'BELLAVISTA', 174, NULL, NULL),
	(1709, 'ALTO BIAVO', 174, NULL, NULL),
	(1710, 'BAJO BIAVO', 174, NULL, NULL),
	(1711, 'HUALLAGA', 174, NULL, NULL),
	(1712, 'SAN PABLO', 174, NULL, NULL),
	(1713, 'SAN RAFAEL', 174, NULL, NULL),
	(1714, 'SAN JOSE DE SISA', 175, NULL, NULL),
	(1715, 'AGUA BLANCA', 175, NULL, NULL),
	(1716, 'SAN MARTIN', 175, NULL, NULL),
	(1717, 'SANTA ROSA', 175, NULL, NULL),
	(1718, 'SHATOJA', 175, NULL, NULL),
	(1719, 'SAPOSOA', 176, NULL, NULL),
	(1720, 'ALTO SAPOSOA', 176, NULL, NULL),
	(1721, 'EL ESLABON', 176, NULL, NULL),
	(1722, 'PISCOYACU', 176, NULL, NULL),
	(1723, 'SACANCHE', 176, NULL, NULL),
	(1724, 'TINGO DE SAPOSOA', 176, NULL, NULL),
	(1725, 'LAMAS', 177, NULL, NULL),
	(1726, 'ALONSO DE ALVARADO', 177, NULL, NULL),
	(1727, 'BARRANQUITA', 177, NULL, NULL),
	(1728, 'CAYNARACHI', 177, NULL, NULL),
	(1729, 'CU&Ntilde;UMBUQUI', 177, NULL, NULL),
	(1730, 'PINTO RECODO', 177, NULL, NULL),
	(1731, 'RUMISAPA', 177, NULL, NULL),
	(1732, 'SAN ROQUE DE CUMBAZA', 177, NULL, NULL),
	(1733, 'SHANAO', 177, NULL, NULL),
	(1734, 'TABALOSOS', 177, NULL, NULL),
	(1735, 'ZAPATERO', 177, NULL, NULL),
	(1736, 'JUANJUI', 178, NULL, NULL),
	(1737, 'CAMPANILLA', 178, NULL, NULL),
	(1738, 'HUICUNGO', 178, NULL, NULL),
	(1739, 'PACHIZA', 178, NULL, NULL),
	(1740, 'PAJARILLO', 178, NULL, NULL),
	(1741, 'PICOTA', 179, NULL, NULL),
	(1742, 'BUENOS AIRES', 179, NULL, NULL),
	(1743, 'CASPISAPA', 179, NULL, NULL),
	(1744, 'PILLUANA', 179, NULL, NULL),
	(1745, 'PUCACACA', 179, NULL, NULL),
	(1746, 'SAN CRISTOBAL', 179, NULL, NULL),
	(1747, 'SAN HILARION', 179, NULL, NULL),
	(1748, 'SHAMBOYACU', 179, NULL, NULL),
	(1749, 'TINGO DE PONASA', 179, NULL, NULL),
	(1750, 'TRES UNIDOS', 179, NULL, NULL),
	(1751, 'RIOJA', 180, NULL, NULL),
	(1752, 'AWAJUN', 180, NULL, NULL),
	(1753, 'ELIAS SOPLIN VARGAS', 180, NULL, NULL),
	(1754, 'NUEVA CAJAMARCA', 180, NULL, NULL),
	(1755, 'PARDO MIGUEL', 180, NULL, NULL),
	(1756, 'POSIC', 180, NULL, NULL),
	(1757, 'SAN FERNANDO', 180, NULL, NULL),
	(1758, 'YORONGOS', 180, NULL, NULL),
	(1759, 'YURACYACU', 180, NULL, NULL),
	(1760, 'TARAPOTO', 181, NULL, NULL),
	(1761, 'ALBERTO LEVEAU', 181, NULL, NULL),
	(1762, 'CACATACHI', 181, NULL, NULL),
	(1763, 'CHAZUTA', 181, NULL, NULL),
	(1764, 'CHIPURANA', 181, NULL, NULL),
	(1765, 'EL PORVENIR', 181, NULL, NULL),
	(1766, 'HUIMBAYOC', 181, NULL, NULL),
	(1767, 'JUAN GUERRA', 181, NULL, NULL),
	(1768, 'LA BANDA DE SHILCAYO', 181, NULL, NULL),
	(1769, 'MORALES', 181, NULL, NULL),
	(1770, 'PAPAPLAYA', 181, NULL, NULL),
	(1771, 'SAN ANTONIO', 181, NULL, NULL),
	(1772, 'SAUCE', 181, NULL, NULL),
	(1773, 'SHAPAJA', 181, NULL, NULL),
	(1774, 'TOCACHE', 182, NULL, NULL),
	(1775, 'NUEVO PROGRESO', 182, NULL, NULL),
	(1776, 'POLVORA', 182, NULL, NULL),
	(1777, 'SHUNTE', 182, NULL, NULL),
	(1778, 'UCHIZA', 182, NULL, NULL),
	(1779, 'TACNA', 183, NULL, NULL),
	(1780, 'ALTO DE LA ALIANZA', 183, NULL, NULL),
	(1781, 'CALANA', 183, NULL, NULL),
	(1782, 'CIUDAD NUEVA', 183, NULL, NULL),
	(1783, 'INCLAN', 183, NULL, NULL),
	(1784, 'PACHIA', 183, NULL, NULL),
	(1785, 'PALCA', 183, NULL, NULL),
	(1786, 'POCOLLAY', 183, NULL, NULL),
	(1787, 'SAMA', 183, NULL, NULL),
	(1788, 'CORONEL GREGORIO ALBARRACIN LANCHIPA', 183, NULL, NULL),
	(1789, 'CANDARAVE', 184, NULL, NULL),
	(1790, 'CAIRANI', 184, NULL, NULL),
	(1791, 'CAMILACA', 184, NULL, NULL),
	(1792, 'CURIBAYA', 184, NULL, NULL),
	(1793, 'HUANUARA', 184, NULL, NULL),
	(1794, 'QUILAHUANI', 184, NULL, NULL),
	(1795, 'LOCUMBA', 185, NULL, NULL),
	(1796, 'ILABAYA', 185, NULL, NULL),
	(1797, 'ITE', 185, NULL, NULL),
	(1798, 'TARATA', 186, NULL, NULL),
	(1799, 'CHUCATAMANI', 186, NULL, NULL),
	(1800, 'ESTIQUE', 186, NULL, NULL),
	(1801, 'ESTIQUE-PAMPA', 186, NULL, NULL),
	(1802, 'SITAJARA', 186, NULL, NULL),
	(1803, 'SUSAPAYA', 186, NULL, NULL),
	(1804, 'TARUCACHI', 186, NULL, NULL),
	(1805, 'TICACO', 186, NULL, NULL),
	(1806, 'TUMBES', 187, NULL, NULL),
	(1807, 'CORRALES', 187, NULL, NULL),
	(1808, 'LA CRUZ', 187, NULL, NULL),
	(1809, 'PAMPAS DE HOSPITAL', 187, NULL, NULL),
	(1810, 'SAN JACINTO', 187, NULL, NULL),
	(1811, 'SAN JUAN DE LA VIRGEN', 187, NULL, NULL),
	(1812, 'ZORRITOS', 188, NULL, NULL),
	(1813, 'CASITAS', 188, NULL, NULL),
	(1814, 'ZARUMILLA', 189, NULL, NULL),
	(1815, 'AGUAS VERDES', 189, NULL, NULL),
	(1816, 'MATAPALO', 189, NULL, NULL),
	(1817, 'PAPAYAL', 189, NULL, NULL),
	(1818, 'CALLERIA', 190, NULL, NULL),
	(1819, 'CAMPOVERDE', 190, NULL, NULL),
	(1820, 'IPARIA', 190, NULL, NULL),
	(1821, 'MASISEA', 190, NULL, NULL),
	(1822, 'YARINACOCHA', 190, NULL, NULL),
	(1823, 'NUEVA REQUENA', 190, NULL, NULL),
	(1824, 'RAYMONDI', 191, NULL, NULL),
	(1825, 'SEPAHUA', 191, NULL, NULL),
	(1826, 'TAHUANIA', 191, NULL, NULL),
	(1827, 'YURUA', 191, NULL, NULL),
	(1828, 'PADRE ABAD', 192, NULL, NULL),
	(1829, 'IRAZOLA', 192, NULL, NULL),
	(1830, 'CURIMANA', 192, NULL, NULL),
	(1831, 'PURUS', 193, NULL, NULL),
	(1832, 'CHACA', 46, '2023-03-31 04:29:40', NULL),
	(1833, 'UCHURACCAY', 46, '2023-04-11 07:19:31', NULL),
	(1834, 'POCACOLPA', 46, '2023-04-11 07:22:26', NULL),
	(1835, 'PUTIS', 46, '2023-04-11 07:22:40', NULL),
	(1836, 'CANAYRE', 46, '2023-04-11 07:22:55', NULL);
/*!40000 ALTER TABLE `distritos` ENABLE KEYS */;

-- Volcando estructura para tabla mip.egresos
CREATE TABLE IF NOT EXISTS `egresos` (
  `id` int(10) unsigned NOT NULL AUTO_INCREMENT,
  `id_tipo_egreso` int(10) unsigned DEFAULT NULL,
  `nombre` varchar(70) COLLATE utf8mb4_unicode_ci NOT NULL,
  `id_responsable` int(10) unsigned DEFAULT NULL,
  `cantidad` int(10) unsigned DEFAULT NULL,
  `id_moneda` int(10) unsigned NOT NULL DEFAULT '1',
  `precio_unidad` double DEFAULT NULL,
  `precio_total` double DEFAULT NULL,
  `id_tipo_ingreso` int(10) unsigned NOT NULL,
  `fecha_egreso` date DEFAULT NULL,
  `comprobante` varchar(255) COLLATE utf8mb4_unicode_ci DEFAULT NULL,
  `correo` varchar(70) COLLATE utf8mb4_unicode_ci DEFAULT NULL,
  `celular` varchar(11) COLLATE utf8mb4_unicode_ci DEFAULT NULL,
  `observacion` text COLLATE utf8mb4_unicode_ci,
  `id_mina` int(10) unsigned DEFAULT NULL,
  `id_yacimiento` int(10) unsigned DEFAULT NULL,
  `id_estado` int(10) unsigned DEFAULT '1',
  `listable` int(10) unsigned DEFAULT '1',
  `id_user_create` int(10) unsigned DEFAULT NULL,
  `id_user_update` int(10) unsigned DEFAULT NULL,
  `created_at` timestamp NULL DEFAULT NULL,
  `updated_at` timestamp NULL DEFAULT NULL,
  PRIMARY KEY (`id`),
  UNIQUE KEY `egresos_correo_unique` (`correo`)
) ENGINE=InnoDB AUTO_INCREMENT=2 DEFAULT CHARSET=utf8mb4 COLLATE=utf8mb4_unicode_ci;

-- Volcando datos para la tabla mip.egresos: ~0 rows (aproximadamente)
DELETE FROM `egresos`;
/*!40000 ALTER TABLE `egresos` DISABLE KEYS */;
INSERT INTO `egresos` (`id`, `id_tipo_egreso`, `nombre`, `id_responsable`, `cantidad`, `id_moneda`, `precio_unidad`, `precio_total`, `id_tipo_ingreso`, `fecha_egreso`, `comprobante`, `correo`, `celular`, `observacion`, `id_mina`, `id_yacimiento`, `id_estado`, `listable`, `id_user_create`, `id_user_update`, `created_at`, `updated_at`) VALUES
	(1, 1, 'COMPRADE MESA', 3, 150, 1, 150, 22500, 1, '2023-10-17', NULL, NULL, NULL, NULL, NULL, NULL, 1, 0, 1, 1, '2023-10-01 14:06:25', NULL);
/*!40000 ALTER TABLE `egresos` ENABLE KEYS */;

-- Volcando estructura para tabla mip.ejecutivos
CREATE TABLE IF NOT EXISTS `ejecutivos` (
  `id` int(10) unsigned NOT NULL AUTO_INCREMENT,
  `id_yacimiento` int(10) unsigned NOT NULL DEFAULT '0',
  `id_cms_users` int(10) unsigned NOT NULL DEFAULT '0',
  `nombres` varchar(70) COLLATE utf8mb4_unicode_ci DEFAULT NULL,
  `apellidos` varchar(70) COLLATE utf8mb4_unicode_ci DEFAULT NULL,
  `abreviacion` varchar(70) COLLATE utf8mb4_unicode_ci DEFAULT NULL,
  `codigo` varchar(20) COLLATE utf8mb4_unicode_ci DEFAULT NULL,
  `created_at` timestamp NULL DEFAULT NULL,
  `updated_at` timestamp NULL DEFAULT NULL,
  PRIMARY KEY (`id`)
) ENGINE=InnoDB DEFAULT CHARSET=utf8mb4 COLLATE=utf8mb4_unicode_ci;

-- Volcando datos para la tabla mip.ejecutivos: ~0 rows (aproximadamente)
DELETE FROM `ejecutivos`;
/*!40000 ALTER TABLE `ejecutivos` DISABLE KEYS */;
/*!40000 ALTER TABLE `ejecutivos` ENABLE KEYS */;

-- Volcando estructura para tabla mip.estados
CREATE TABLE IF NOT EXISTS `estados` (
  `id` int(10) unsigned NOT NULL AUTO_INCREMENT,
  `estado_activacion` varchar(30) COLLATE utf8mb4_unicode_ci DEFAULT NULL,
  `estado_aprobacion` varchar(30) COLLATE utf8mb4_unicode_ci DEFAULT NULL,
  `estado_contrato` varchar(30) COLLATE utf8mb4_unicode_ci DEFAULT NULL,
  `estado_si_no` varchar(30) COLLATE utf8mb4_unicode_ci DEFAULT NULL,
  `estado_pago` varchar(30) COLLATE utf8mb4_unicode_ci DEFAULT NULL,
  `estado_condicion` varchar(30) COLLATE utf8mb4_unicode_ci DEFAULT NULL,
  `estado_prioridad` varchar(30) COLLATE utf8mb4_unicode_ci DEFAULT NULL,
  `estado_uso` varchar(30) COLLATE utf8mb4_unicode_ci DEFAULT NULL,
  `estado_vigencia` varchar(30) COLLATE utf8mb4_unicode_ci DEFAULT NULL,
  `estado_progreso` varchar(30) COLLATE utf8mb4_unicode_ci DEFAULT NULL,
  `estado_actividad` varchar(30) COLLATE utf8mb4_unicode_ci DEFAULT NULL,
  `grupo` int(10) unsigned DEFAULT '1',
  `icon` varchar(30) COLLATE utf8mb4_unicode_ci DEFAULT NULL,
  `icon2` varchar(30) COLLATE utf8mb4_unicode_ci DEFAULT NULL,
  `color` varchar(30) COLLATE utf8mb4_unicode_ci DEFAULT 'secondary',
  `created_at` timestamp NULL DEFAULT NULL,
  `updated_at` timestamp NULL DEFAULT NULL,
  PRIMARY KEY (`id`)
) ENGINE=InnoDB AUTO_INCREMENT=5 DEFAULT CHARSET=utf8mb4 COLLATE=utf8mb4_unicode_ci;

-- Volcando datos para la tabla mip.estados: ~4 rows (aproximadamente)
DELETE FROM `estados`;
/*!40000 ALTER TABLE `estados` DISABLE KEYS */;
INSERT INTO `estados` (`id`, `estado_activacion`, `estado_aprobacion`, `estado_contrato`, `estado_si_no`, `estado_pago`, `estado_condicion`, `estado_prioridad`, `estado_uso`, `estado_vigencia`, `estado_progreso`, `estado_actividad`, `grupo`, `icon`, `icon2`, `color`, `created_at`, `updated_at`) VALUES
	(1, 'ACTIVO', 'APROBADO', 'FINALIZADO', 'SI', 'PAGADO', NULL, 'BAJO', 'EN USO', 'VIGENTE', NULL, 'FINALIZADO', 1, 'fa fa-check-circle', 'fa fa-toggle-on', 'success', NULL, '2023-06-19 03:06:18'),
	(2, 'INACTIVO', 'RECHAZADO', 'ANULADO', 'NO', 'RECHAZADO', NULL, 'ALTO', 'PERDIDO', 'ANULADO', NULL, 'CANCELADO', 1, 'fa fa-times-circle', 'fa fa-toggle-off', 'danger', NULL, '2023-06-19 03:06:28'),
	(3, '', 'PENDIENTE', 'VIGENTE', '', 'PENDIENTE', NULL, 'MEDIO', 'DE BAJA', 'FINALIZADO', NULL, 'EN PROCESO', 2, 'fa fa-clock-o', 'fa fa-warning', 'warning', NULL, '2023-06-19 03:10:39'),
	(4, '', 'OBSERVADO', 'OBSERVADO', '', 'EXPIRADO', NULL, '', '', 'OBSERVADO', NULL, 'OBSERVADO', 2, 'fa fa-minus-circle', 'fa fa-minus-circle', 'info', NULL, '2023-06-19 03:10:54');
/*!40000 ALTER TABLE `estados` ENABLE KEYS */;

-- Volcando estructura para tabla mip.estado_civils
CREATE TABLE IF NOT EXISTS `estado_civils` (
  `id` int(10) unsigned NOT NULL AUTO_INCREMENT,
  `nombre` varchar(30) COLLATE utf8mb4_unicode_ci NOT NULL,
  `color` varchar(30) COLLATE utf8mb4_unicode_ci DEFAULT 'secondary',
  `created_at` timestamp NULL DEFAULT NULL,
  `updated_at` timestamp NULL DEFAULT NULL,
  PRIMARY KEY (`id`)
) ENGINE=InnoDB AUTO_INCREMENT=4 DEFAULT CHARSET=utf8mb4 COLLATE=utf8mb4_unicode_ci;

-- Volcando datos para la tabla mip.estado_civils: ~3 rows (aproximadamente)
DELETE FROM `estado_civils`;
/*!40000 ALTER TABLE `estado_civils` DISABLE KEYS */;
INSERT INTO `estado_civils` (`id`, `nombre`, `color`, `created_at`, `updated_at`) VALUES
	(1, 'SOLTERO/A', 'success', NULL, '2023-08-23 12:04:16'),
	(2, 'CASADO/A', 'primary', NULL, '2023-08-23 12:04:24'),
	(3, 'VIUDO/A', 'dark', NULL, '2023-08-23 12:04:30');
/*!40000 ALTER TABLE `estado_civils` ENABLE KEYS */;

-- Volcando estructura para tabla mip.familias
CREATE TABLE IF NOT EXISTS `familias` (
  `id` int(10) unsigned NOT NULL AUTO_INCREMENT,
  `id_hijo` int(10) unsigned DEFAULT NULL,
  `id_user_create` int(10) unsigned DEFAULT NULL,
  `id_user_update` int(10) unsigned DEFAULT NULL,
  `created_at` timestamp NULL DEFAULT NULL,
  `updated_at` timestamp NULL DEFAULT NULL,
  PRIMARY KEY (`id`)
) ENGINE=InnoDB DEFAULT CHARSET=utf8mb4 COLLATE=utf8mb4_unicode_ci;

-- Volcando datos para la tabla mip.familias: ~0 rows (aproximadamente)
DELETE FROM `familias`;
/*!40000 ALTER TABLE `familias` DISABLE KEYS */;
/*!40000 ALTER TABLE `familias` ENABLE KEYS */;

-- Volcando estructura para tabla mip.generos
CREATE TABLE IF NOT EXISTS `generos` (
  `id` int(10) unsigned NOT NULL AUTO_INCREMENT,
  `nombre` varchar(30) COLLATE utf8mb4_unicode_ci NOT NULL,
  `icon` varchar(30) COLLATE utf8mb4_unicode_ci NOT NULL,
  `color` varchar(30) COLLATE utf8mb4_unicode_ci DEFAULT 'secondary',
  `created_at` timestamp NULL DEFAULT NULL,
  `updated_at` timestamp NULL DEFAULT NULL,
  PRIMARY KEY (`id`)
) ENGINE=InnoDB AUTO_INCREMENT=3 DEFAULT CHARSET=utf8mb4 COLLATE=utf8mb4_unicode_ci;

-- Volcando datos para la tabla mip.generos: ~2 rows (aproximadamente)
DELETE FROM `generos`;
/*!40000 ALTER TABLE `generos` DISABLE KEYS */;
INSERT INTO `generos` (`id`, `nombre`, `icon`, `color`, `created_at`, `updated_at`) VALUES
	(1, 'VARÓN', 'fa fa-male', 'success', NULL, '2023-09-23 12:05:12'),
	(2, 'MUJER', 'fa fa-female', 'primary', NULL, '2023-09-23 12:05:04');
/*!40000 ALTER TABLE `generos` ENABLE KEYS */;

-- Volcando estructura para tabla mip.hijos
CREATE TABLE IF NOT EXISTS `hijos` (
  `id` int(10) unsigned NOT NULL AUTO_INCREMENT,
  `id_hijo` int(10) unsigned DEFAULT NULL,
  `id_padre` int(10) unsigned DEFAULT NULL,
  `id_madre` int(10) unsigned DEFAULT NULL,
  `created_at` timestamp NULL DEFAULT NULL,
  `updated_at` timestamp NULL DEFAULT NULL,
  PRIMARY KEY (`id`)
) ENGINE=InnoDB AUTO_INCREMENT=41 DEFAULT CHARSET=utf8mb4 COLLATE=utf8mb4_unicode_ci;

-- Volcando datos para la tabla mip.hijos: ~27 rows (aproximadamente)
DELETE FROM `hijos`;
/*!40000 ALTER TABLE `hijos` DISABLE KEYS */;
INSERT INTO `hijos` (`id`, `id_hijo`, `id_padre`, `id_madre`, `created_at`, `updated_at`) VALUES
	(5, NULL, 5, NULL, NULL, NULL),
	(9, NULL, 2, NULL, NULL, NULL),
	(10, NULL, 4, NULL, NULL, NULL),
	(12, 8, 3, NULL, NULL, NULL),
	(13, 4, 3, NULL, NULL, NULL),
	(14, NULL, 8, NULL, NULL, NULL),
	(15, NULL, 7, NULL, NULL, NULL),
	(16, NULL, 6, NULL, NULL, NULL),
	(17, NULL, 9, NULL, NULL, NULL),
	(18, NULL, 10, NULL, NULL, NULL),
	(19, NULL, 11, NULL, NULL, NULL),
	(20, NULL, 12, NULL, NULL, NULL),
	(21, NULL, 13, NULL, NULL, NULL),
	(22, NULL, 14, NULL, NULL, NULL),
	(23, NULL, 15, NULL, NULL, NULL),
	(24, NULL, 16, NULL, NULL, NULL),
	(25, NULL, 17, NULL, NULL, NULL),
	(26, NULL, 18, NULL, NULL, NULL),
	(27, NULL, 19, NULL, NULL, NULL),
	(28, NULL, 20, NULL, NULL, NULL),
	(29, NULL, 21, NULL, NULL, NULL),
	(30, NULL, 22, NULL, NULL, NULL),
	(36, NULL, 33, NULL, NULL, NULL),
	(37, NULL, 60, NULL, NULL, NULL),
	(38, NULL, 41, NULL, NULL, NULL),
	(39, NULL, 53, NULL, NULL, NULL),
	(40, NULL, 1, NULL, NULL, NULL);
/*!40000 ALTER TABLE `hijos` ENABLE KEYS */;

-- Volcando estructura para tabla mip.ingresos
CREATE TABLE IF NOT EXISTS `ingresos` (
  `id` int(10) unsigned NOT NULL AUTO_INCREMENT,
  `referencia` varchar(70) COLLATE utf8mb4_unicode_ci DEFAULT NULL,
  `id_responsable` int(10) unsigned DEFAULT '0',
  `id_tipo_ingreso` int(10) unsigned NOT NULL DEFAULT '0',
  `id_moneda` int(10) unsigned NOT NULL DEFAULT '1',
  `monto` double DEFAULT NULL,
  `id_tipo_pago` int(10) unsigned DEFAULT '0',
  `fecha_pago` date DEFAULT NULL,
  `referencias` text COLLATE utf8mb4_unicode_ci,
  `id_estado` int(10) unsigned DEFAULT '1',
  `listable` int(10) unsigned DEFAULT '1',
  `id_user_create` int(10) unsigned DEFAULT NULL,
  `id_user_update` int(10) unsigned DEFAULT NULL,
  `created_at` timestamp NULL DEFAULT NULL,
  `updated_at` timestamp NULL DEFAULT NULL,
  PRIMARY KEY (`id`)
) ENGINE=InnoDB AUTO_INCREMENT=4 DEFAULT CHARSET=utf8mb4 COLLATE=utf8mb4_unicode_ci;

-- Volcando datos para la tabla mip.ingresos: ~3 rows (aproximadamente)
DELETE FROM `ingresos`;
/*!40000 ALTER TABLE `ingresos` DISABLE KEYS */;
INSERT INTO `ingresos` (`id`, `referencia`, `id_responsable`, `id_tipo_ingreso`, `id_moneda`, `monto`, `id_tipo_pago`, `fecha_pago`, `referencias`, `id_estado`, `listable`, `id_user_create`, `id_user_update`, `created_at`, `updated_at`) VALUES
	(1, NULL, 0, 1, 1, 150, 1, '2023-09-30', 'CUOTA MENSUAL', 1, 0, 1, 1, '2023-10-01 00:38:45', NULL),
	(2, NULL, 1, 1, 1, 445, 1, '2023-10-01', 'CUOTAS MEN DE AGOSTO', 1, 0, 1, 1, '2023-10-01 13:50:52', '2023-10-01 14:02:40'),
	(3, NULL, 1, 2, 1, 788, 1, '2023-10-10', 'APORTE MES DE JULIO', 1, 0, 1, 1, '2023-10-01 13:51:41', '2023-10-01 14:02:51');
/*!40000 ALTER TABLE `ingresos` ENABLE KEYS */;

-- Volcando estructura para tabla mip.integrantes
CREATE TABLE IF NOT EXISTS `integrantes` (
  `id` int(10) unsigned NOT NULL AUTO_INCREMENT,
  `id_actividad` int(10) unsigned DEFAULT NULL,
  `id_trabajador` int(10) unsigned DEFAULT NULL,
  `created_at` timestamp NULL DEFAULT NULL,
  `updated_at` timestamp NULL DEFAULT NULL,
  PRIMARY KEY (`id`)
) ENGINE=InnoDB AUTO_INCREMENT=9 DEFAULT CHARSET=utf8mb4 COLLATE=utf8mb4_unicode_ci;

-- Volcando datos para la tabla mip.integrantes: ~7 rows (aproximadamente)
DELETE FROM `integrantes`;
/*!40000 ALTER TABLE `integrantes` DISABLE KEYS */;
INSERT INTO `integrantes` (`id`, `id_actividad`, `id_trabajador`, `created_at`, `updated_at`) VALUES
	(1, 2, 1, '2023-09-23 12:44:14', NULL),
	(2, 2, 2, '2023-09-23 12:44:27', NULL),
	(3, 2, 3, '2023-09-23 12:44:32', NULL),
	(4, 5, 1, '2023-10-02 04:14:48', NULL),
	(5, 5, 4, '2023-10-02 04:14:56', NULL),
	(6, 1, 1, '2023-11-12 03:11:52', NULL),
	(7, 1, 4, '2023-11-12 03:11:55', NULL),
	(8, 1, 3, '2023-11-12 03:11:57', NULL);
/*!40000 ALTER TABLE `integrantes` ENABLE KEYS */;

-- Volcando estructura para tabla mip.inventarios
CREATE TABLE IF NOT EXISTS `inventarios` (
  `id` int(10) unsigned NOT NULL AUTO_INCREMENT,
  `nombre` varchar(70) COLLATE utf8mb4_unicode_ci DEFAULT NULL,
  `descripcion` varchar(70) COLLATE utf8mb4_unicode_ci DEFAULT NULL,
  `cantidad` int(10) unsigned NOT NULL,
  `valor_adquisicion` double DEFAULT NULL,
  `valor_total` double DEFAULT NULL,
  `fecha_adquisicion` date DEFAULT NULL,
  `observacion` text COLLATE utf8mb4_unicode_ci,
  `foto` varchar(255) COLLATE utf8mb4_unicode_ci DEFAULT NULL,
  `id_responsable` int(10) unsigned DEFAULT '0',
  `uso` int(10) unsigned DEFAULT '0',
  `id_mina` int(10) unsigned DEFAULT NULL,
  `id_yacimiento` int(10) unsigned DEFAULT NULL,
  `id_estado` int(10) unsigned DEFAULT '1',
  `listable` int(10) unsigned DEFAULT '1',
  `id_user_create` int(10) unsigned DEFAULT NULL,
  `id_user_update` int(10) unsigned DEFAULT NULL,
  `created_at` timestamp NULL DEFAULT NULL,
  `updated_at` timestamp NULL DEFAULT NULL,
  PRIMARY KEY (`id`)
) ENGINE=InnoDB DEFAULT CHARSET=utf8mb4 COLLATE=utf8mb4_unicode_ci;

-- Volcando datos para la tabla mip.inventarios: ~0 rows (aproximadamente)
DELETE FROM `inventarios`;
/*!40000 ALTER TABLE `inventarios` DISABLE KEYS */;
/*!40000 ALTER TABLE `inventarios` ENABLE KEYS */;

-- Volcando estructura para tabla mip.lista_asistencias
CREATE TABLE IF NOT EXISTS `lista_asistencias` (
  `id` int(10) unsigned NOT NULL AUTO_INCREMENT,
  `id_actividad` int(10) unsigned DEFAULT NULL,
  `id_asistencia` int(10) unsigned DEFAULT NULL,
  `id_trabajador` int(10) unsigned DEFAULT NULL,
  `created_at` timestamp NULL DEFAULT NULL,
  `updated_at` timestamp NULL DEFAULT NULL,
  PRIMARY KEY (`id`)
) ENGINE=InnoDB DEFAULT CHARSET=utf8mb4 COLLATE=utf8mb4_unicode_ci;

-- Volcando datos para la tabla mip.lista_asistencias: ~0 rows (aproximadamente)
DELETE FROM `lista_asistencias`;
/*!40000 ALTER TABLE `lista_asistencias` DISABLE KEYS */;
/*!40000 ALTER TABLE `lista_asistencias` ENABLE KEYS */;

-- Volcando estructura para tabla mip.miembros
CREATE TABLE IF NOT EXISTS `miembros` (
  `id` int(10) unsigned NOT NULL AUTO_INCREMENT,
  `nombres` varchar(70) COLLATE utf8mb4_unicode_ci NOT NULL,
  `apellidos` varchar(70) COLLATE utf8mb4_unicode_ci NOT NULL,
  `nombre_completo` varchar(140) COLLATE utf8mb4_unicode_ci DEFAULT NULL,
  `id_tipo_documento` int(10) unsigned DEFAULT '1',
  `nro_documento` varchar(15) COLLATE utf8mb4_unicode_ci DEFAULT NULL,
  `id_genero` int(10) unsigned DEFAULT NULL,
  `fecha_nacimiento` date DEFAULT NULL,
  `id_estado_civil` int(10) unsigned DEFAULT '1',
  `id_categoria` int(10) unsigned DEFAULT '0',
  `foto` varchar(255) COLLATE utf8mb4_unicode_ci DEFAULT NULL,
  `correo` varchar(70) COLLATE utf8mb4_unicode_ci DEFAULT NULL,
  `celular` varchar(11) COLLATE utf8mb4_unicode_ci DEFAULT NULL,
  `telefono` varchar(20) COLLATE utf8mb4_unicode_ci DEFAULT NULL,
  `id_pais` int(10) unsigned NOT NULL DEFAULT '0',
  `id_departamento` int(10) unsigned NOT NULL DEFAULT '0',
  `id_provincia` int(10) unsigned NOT NULL DEFAULT '0',
  `id_distrito` int(10) unsigned NOT NULL DEFAULT '0',
  `direccion` varchar(150) COLLATE utf8mb4_unicode_ci DEFAULT NULL,
  `id_tipo_miembro` int(10) unsigned DEFAULT '1',
  `fecha_conversion` date DEFAULT NULL,
  `fecha_bautizo` date DEFAULT NULL,
  `fecha_bautizo_espiritu` date DEFAULT NULL,
  `id_conyugue` int(10) unsigned NOT NULL DEFAULT '0',
  `fecha_matrimonio` date DEFAULT NULL,
  `detalle` text COLLATE utf8mb4_unicode_ci,
  `id_estado` int(10) unsigned DEFAULT '1',
  `id_sede` int(10) unsigned DEFAULT '1',
  `id_user_create` int(10) unsigned DEFAULT NULL,
  `id_user_update` int(10) unsigned DEFAULT NULL,
  `listable` int(11) DEFAULT '1',
  `created_at` timestamp NULL DEFAULT NULL,
  `updated_at` timestamp NULL DEFAULT NULL,
  PRIMARY KEY (`id`),
  UNIQUE KEY `miembros_nro_documento_unique` (`nro_documento`),
  UNIQUE KEY `miembros_correo_unique` (`correo`)
) ENGINE=InnoDB AUTO_INCREMENT=61 DEFAULT CHARSET=utf8mb4 COLLATE=utf8mb4_unicode_ci;

-- Volcando datos para la tabla mip.miembros: ~47 rows (aproximadamente)
DELETE FROM `miembros`;
/*!40000 ALTER TABLE `miembros` DISABLE KEYS */;
INSERT INTO `miembros` (`id`, `nombres`, `apellidos`, `nombre_completo`, `id_tipo_documento`, `nro_documento`, `id_genero`, `fecha_nacimiento`, `id_estado_civil`, `id_categoria`, `foto`, `correo`, `celular`, `telefono`, `id_pais`, `id_departamento`, `id_provincia`, `id_distrito`, `direccion`, `id_tipo_miembro`, `fecha_conversion`, `fecha_bautizo`, `fecha_bautizo_espiritu`, `id_conyugue`, `fecha_matrimonio`, `detalle`, `id_estado`, `id_sede`, `id_user_create`, `id_user_update`, `listable`, `created_at`, `updated_at`) VALUES
	(1, 'EMERSON MAICOL', 'ÑAUPA PARIONA', 'ÑAUPA PARIONA, EMERSON MAICOL', 1, '70872605', 1, '1996-11-18', 1, 2, 'uploads/2023-09/20230920_08523519.jpg', 'mpariona340550@gmail.com', '949-201-844', NULL, 1, 5, 46, 464, NULL, 1, NULL, NULL, NULL, 0, NULL, NULL, 1, 1, 1, 1, 1, '2023-03-30 19:15:33', '2023-09-21 15:38:10'),
	(15, 'DIÓGENES', 'VILLANTOY LOLAY', 'VILLANTOY LOLAY, DIÓGENES', 1, '43161677', 1, '1983-06-03', 2, 3, NULL, 'diogenesvl@hotmail.com', '929-863-664', NULL, 1, 5, 46, 464, NULL, 1, NULL, NULL, NULL, 36, NULL, NULL, 2, 1, 6, 6, 1, '2023-04-10 16:01:45', '2023-09-20 12:08:04'),
	(16, 'JUAN CARLOS', 'VILCA SOTACURO', 'VILCA SOTACURO, JUAN CARLOS', 1, '71823393', 1, '2001-11-18', 1, 2, NULL, NULL, NULL, NULL, 1, 0, 0, 0, NULL, 1, NULL, NULL, NULL, 0, NULL, NULL, 2, 1, 6, 6, 1, '2023-04-10 16:36:15', '2023-09-20 12:08:09'),
	(17, 'ROY ENDERSON', 'CURO RAMOS', 'CURO RAMOS, ROY ENDERSON', 1, NULL, 1, '2010-04-12', 1, 2, NULL, NULL, NULL, NULL, 1, 0, 0, 0, NULL, 1, NULL, NULL, NULL, 0, NULL, NULL, 2, 1, 6, 6, 1, '2023-04-10 16:38:55', '2023-09-20 12:08:02'),
	(18, 'EDGAR', 'CURO RAMOS', 'CURO RAMOS, EDGAR', 1, NULL, 1, '2009-10-30', 1, 2, NULL, NULL, NULL, NULL, 1, 0, 0, 0, NULL, 1, NULL, NULL, NULL, 0, NULL, NULL, 2, 1, 6, 6, 1, '2023-04-10 16:39:31', '2023-09-21 15:39:12'),
	(19, 'TRISTEL MAITE', 'MELENDEZ CANCHARI', 'MELENDEZ CANCHARI, TRISTEL MAITE', 1, NULL, 2, '2011-08-20', 1, 1, NULL, NULL, NULL, NULL, 1, 0, 0, 0, NULL, 1, NULL, NULL, NULL, 0, NULL, NULL, 1, 1, 6, 6, -1, '2023-04-10 16:40:10', '2023-09-21 15:32:05'),
	(20, 'LIZ', 'HUAMÁN CHOCCE', 'HUAMÁN CHOCCE, LIZ', 1, NULL, 2, '2010-11-20', 1, 2, NULL, NULL, NULL, NULL, 1, 0, 0, 0, NULL, 1, NULL, NULL, NULL, 0, NULL, NULL, 2, 1, 6, 6, 1, '2023-04-10 16:41:15', '2023-09-21 15:40:07'),
	(21, 'JHON CARLOS', 'CHOCCE BAUTISTA', 'CHOCCE BAUTISTA, JHON CARLOS', 1, NULL, 1, '2009-03-17', 1, 2, NULL, NULL, NULL, NULL, 1, 0, 0, 0, NULL, 1, NULL, NULL, NULL, 0, NULL, NULL, 1, 1, 6, 6, 1, '2023-04-10 16:42:01', '2023-04-17 15:40:19'),
	(22, 'YURIM SNEIDER', 'GUERRA RUIZ', 'GUERRA RUIZ, YURIM SNEIDER', 1, NULL, 1, '2010-03-04', 1, 2, NULL, NULL, NULL, NULL, 1, 0, 0, 0, NULL, 1, NULL, NULL, NULL, 0, NULL, NULL, 1, 1, 6, 6, 1, '2023-04-10 16:43:03', '2023-04-17 15:40:11'),
	(23, 'JUAN JOSÉ', 'RUIZ FIGUEROA', 'RUIZ FIGUEROA, JUAN JOSÉ', 1, NULL, 1, '2009-02-02', 1, 2, NULL, NULL, NULL, NULL, 1, 0, 0, 0, NULL, 1, NULL, NULL, NULL, 0, NULL, NULL, 1, 1, 6, 6, 1, '2023-04-10 16:43:28', '2023-04-17 15:40:04'),
	(24, 'EDSON', 'AROTOMA SANYES', 'AROTOMA SANYES, EDSON', 1, NULL, 1, '2009-08-17', 1, 2, NULL, NULL, NULL, NULL, 1, 0, 0, 0, NULL, 1, NULL, NULL, NULL, 0, NULL, NULL, 1, 1, 6, 6, 1, '2023-04-10 16:43:54', '2023-04-17 15:38:51'),
	(25, 'YOLANDA LIZETT', 'CRUZ SALINAS', 'CRUZ SALINAS, YOLANDA LIZETT', 1, '77124966', 2, '1998-12-17', 1, 2, NULL, NULL, NULL, NULL, 1, 0, 0, 0, NULL, 1, NULL, NULL, NULL, 0, NULL, NULL, 1, 1, 6, 6, 1, '2023-04-10 16:50:37', '2023-04-20 00:21:17'),
	(26, 'MIGUEL', 'GARCÍA YARROS', 'GARCÍA YARROS, MIGUEL', 1, NULL, 1, '2013-01-17', 1, 1, NULL, NULL, NULL, NULL, 1, 0, 0, 0, NULL, 1, NULL, NULL, NULL, 0, NULL, NULL, 1, 1, 6, 6, 1, '2023-04-10 16:51:13', '2023-04-17 15:38:38'),
	(27, 'ROSA ESMERALDA', 'CISNEROS PEREZ', 'CISNEROS PEREZ, ROSA ESMERALDA', 1, NULL, 2, '2010-10-02', 1, 2, NULL, NULL, NULL, NULL, 1, 0, 0, 0, NULL, 1, NULL, NULL, NULL, 0, NULL, NULL, 1, 1, 6, 6, 1, '2023-04-10 16:51:38', '2023-04-17 15:38:15'),
	(28, 'MAILÍ SINDY', 'HUAMÁN RUA', 'HUAMÁN RUA, MAILÍ SINDY', 1, NULL, 2, '2009-11-27', 1, 2, NULL, NULL, NULL, NULL, 1, 0, 0, 0, NULL, 1, NULL, NULL, NULL, 0, NULL, NULL, 1, 1, 6, 6, 1, '2023-04-10 16:52:18', '2023-04-17 15:38:09'),
	(29, 'SAUL LEE', 'PAREDES GUERREROS', 'PAREDES GUERREROS, SAUL LEE', 1, '71748049', 1, '1992-05-12', 1, 2, NULL, NULL, NULL, NULL, 1, 0, 0, 0, NULL, 1, NULL, NULL, NULL, 0, NULL, NULL, 1, 1, 6, 6, 1, '2023-04-10 16:53:52', '2023-04-20 00:19:35'),
	(30, 'RUTH HAYLU', 'CALLE INFANTE', 'CALLE INFANTE, RUTH HAYLU', 1, NULL, 2, '2007-12-21', 1, 2, NULL, NULL, NULL, NULL, 1, 0, 0, 0, NULL, 1, NULL, NULL, NULL, 0, NULL, NULL, 1, 1, 6, 6, 1, '2023-04-10 16:57:08', '2023-04-17 15:37:56'),
	(31, 'MARIELA', 'LLANCCE INFANTE', 'LLANCCE INFANTE, MARIELA', 1, NULL, 2, '2008-07-22', 1, 2, NULL, NULL, NULL, NULL, 1, 0, 0, 0, NULL, 1, NULL, NULL, NULL, 0, NULL, NULL, 1, 1, 6, 6, 1, '2023-04-10 16:57:33', '2023-04-17 15:37:49'),
	(32, 'JHOAN', 'CHIMAICO HUAMÁN', 'CHIMAICO HUAMÁN, JHOAN', 1, NULL, 1, NULL, 1, 1, NULL, NULL, NULL, NULL, 1, 0, 0, 0, NULL, 1, NULL, NULL, NULL, 0, NULL, NULL, 1, 1, 6, 6, 1, '2023-04-10 16:58:22', '2023-04-17 15:37:41'),
	(33, 'YADIRA HELEN', 'LUNA LAURA', 'LUNA LAURA, YADIRA HELEN', 1, NULL, 2, '2009-12-12', 1, 2, NULL, NULL, NULL, NULL, 0, 0, 0, 0, NULL, 1, NULL, NULL, NULL, 0, NULL, NULL, 1, 1, 6, 6, 1, '2023-04-10 17:00:30', '2023-09-20 12:07:56'),
	(34, 'CESAR', 'HUMAREDA QUISPE', 'HUMAREDA QUISPE, CESAR', 1, '42559343', 1, '1984-08-28', 2, 3, NULL, NULL, '990-804-041', NULL, 1, 0, 0, 0, NULL, 1, NULL, NULL, NULL, 35, NULL, NULL, 1, 1, 1, 1, 1, '2023-04-11 03:06:53', '2023-09-21 15:39:06'),
	(35, 'JESUSA', 'QUISPE RODRIGUEZ', 'QUISPE RODRIGUEZ, JESUSA', 1, NULL, 2, '1984-07-13', 2, 3, NULL, NULL, NULL, NULL, 1, 0, 0, 0, NULL, 1, NULL, NULL, NULL, 34, NULL, NULL, 1, 1, 1, 1, 1, '2023-04-11 03:08:07', '2023-04-20 00:17:34'),
	(36, 'NEFTALI AHOLIVA', 'SULCA GAMBOA', 'SULCA GAMBOA, NEFTALI AHOLIVA', 1, '40765385', 2, '1980-02-09', 2, 3, NULL, NULL, NULL, NULL, 1, 0, 0, 0, NULL, 1, NULL, NULL, NULL, 15, NULL, NULL, 1, 1, 1, 1, 1, '2023-04-11 03:20:06', '2023-04-20 00:17:00'),
	(37, 'ROSMERY', 'OSORES SANCHEZ', 'OSORES SANCHEZ, ROSMERY', 1, '44868339', 2, NULL, 2, 3, NULL, NULL, NULL, NULL, 1, 0, 0, 0, NULL, 1, NULL, NULL, NULL, 58, NULL, NULL, 1, 1, 1, 1, 1, '2023-04-23 23:07:06', '2023-04-23 23:36:48'),
	(38, 'TEODORA', 'GUERREROS ORE', 'GUERREROS ORE, TEODORA', 1, '06955561', 2, NULL, 2, 3, NULL, NULL, NULL, NULL, 1, 0, 0, 0, NULL, 1, NULL, NULL, NULL, 0, NULL, NULL, 1, 1, 1, 1, 1, '2023-04-23 23:08:25', NULL),
	(39, 'PAULINA', 'CCENTE RAMIREZ', 'CCENTE RAMIREZ, PAULINA', 1, '48657422', 1, NULL, 2, 3, NULL, NULL, NULL, NULL, 1, 0, 0, 0, NULL, 1, NULL, NULL, NULL, 0, NULL, NULL, 1, 1, 1, 1, 1, '2023-04-23 23:09:27', NULL),
	(40, 'ANTONIA', 'LIMAQUISPE HUAYLLA', 'LIMAQUISPE HUAYLLA, ANTONIA', 1, '28600894', 2, NULL, 2, 3, NULL, NULL, NULL, NULL, 1, 0, 0, 0, NULL, 1, NULL, NULL, NULL, 0, NULL, NULL, 1, 1, 1, 1, 1, '2023-04-23 23:10:32', NULL),
	(41, 'ELSA', 'AYALA CURO', 'AYALA CURO, ELSA', 1, '71423943', 2, NULL, 1, 3, NULL, NULL, NULL, NULL, 1, 0, 0, 0, NULL, 1, NULL, NULL, NULL, 0, NULL, NULL, 1, 1, 1, 1, 1, '2023-04-23 23:11:31', '2023-09-20 08:32:06'),
	(42, 'FELICITAS', 'BAUTISTA LIMAQUISPE', 'BAUTISTA LIMAQUISPE, FELICITAS', 1, '80121811', 2, NULL, 1, 3, NULL, NULL, NULL, NULL, 1, 0, 0, 0, NULL, 1, NULL, NULL, NULL, 0, NULL, NULL, 1, 1, 1, 1, 1, '2023-04-23 23:12:43', NULL),
	(43, 'ARTEMIO', 'PARIONA PALOMINO', 'PARIONA PALOMINO, ARTEMIO', 1, '70431425', 1, NULL, 1, 2, NULL, NULL, NULL, NULL, 1, 0, 0, 0, NULL, 1, NULL, NULL, NULL, 0, NULL, NULL, 1, 1, 1, 1, 1, '2023-04-23 23:13:50', NULL),
	(44, 'TANIA LISSETH', 'YAROS SULCA', 'YAROS SULCA, TANIA LISSETH', 1, '48391154', 2, NULL, 2, 3, NULL, NULL, NULL, NULL, 1, 0, 0, 0, NULL, 1, NULL, NULL, NULL, 53, NULL, NULL, 1, 1, 1, 1, 1, '2023-04-23 23:14:55', '2023-09-20 08:51:33'),
	(45, 'VICTORINO', 'NAVARRO BALTAZAR', 'NAVARRO BALTAZAR, VICTORINO', 1, '49050353', 1, NULL, 1, 3, NULL, NULL, NULL, NULL, 1, 0, 0, 0, NULL, 1, NULL, NULL, NULL, 0, NULL, NULL, 1, 1, 1, 1, 1, '2023-04-23 23:16:59', NULL),
	(46, 'WILIAMS', 'BARRIENTOS CANCHARI', 'BARRIENTOS CANCHARI, WILIAMS', 1, '62786829', 1, NULL, 1, 2, NULL, NULL, NULL, NULL, 1, 0, 0, 0, NULL, 1, NULL, NULL, NULL, 0, NULL, NULL, 1, 1, 1, 1, 1, '2023-04-23 23:18:23', '2023-04-23 23:46:52'),
	(47, 'WALBERTO', 'SOTO CHAVEZ', 'SOTO CHAVEZ, WALBERTO', 1, '10288585', 1, NULL, 2, 3, NULL, NULL, NULL, NULL, 1, 0, 0, 0, NULL, 1, NULL, NULL, NULL, 0, NULL, NULL, 1, 1, 1, 1, 1, '2023-04-23 23:20:04', NULL),
	(48, 'GLORIA MARLENI', 'CHOCCE VALENCIA', 'CHOCCE VALENCIA, GLORIA MARLENI', 1, '42028573', 2, NULL, 2, 3, NULL, NULL, NULL, NULL, 1, 0, 0, 0, NULL, 1, NULL, NULL, NULL, 0, NULL, NULL, 1, 1, 1, 1, 1, '2023-04-23 23:21:17', NULL),
	(49, 'MARGARITA', 'BAUTISTA CURO', 'BAUTISTA CURO, MARGARITA', 1, '28605236', 2, NULL, 2, 3, NULL, NULL, NULL, NULL, 1, 0, 0, 0, NULL, 1, NULL, NULL, NULL, 0, NULL, NULL, 1, 1, 1, 1, 1, '2023-04-23 23:23:11', NULL),
	(50, 'DELIA', 'MORALES HUAYTA', 'MORALES HUAYTA, DELIA', 1, '28605355', 2, NULL, 2, 3, NULL, NULL, NULL, NULL, 1, 0, 0, 0, NULL, 1, NULL, NULL, NULL, 0, NULL, NULL, 1, 1, 1, 1, 1, '2023-04-23 23:24:03', NULL),
	(51, 'DOMITILA', 'FERNANDEZ BAUTISTA', 'FERNANDEZ BAUTISTA, DOMITILA', 1, '10427420', 2, NULL, 2, 3, NULL, NULL, NULL, NULL, 1, 0, 0, 0, NULL, 1, NULL, NULL, NULL, 0, NULL, NULL, 1, 1, 1, 1, 1, '2023-04-23 23:25:41', NULL),
	(52, 'YOLANDA', 'LUDEÑA LIZONDE', 'LUDEÑA LIZONDE, YOLANDA', 1, '25464005', 2, NULL, 2, 3, NULL, NULL, NULL, NULL, 1, 0, 0, 0, NULL, 1, NULL, NULL, NULL, 0, NULL, NULL, 1, 1, 1, 1, 1, '2023-04-23 23:27:13', NULL),
	(53, 'VICTOR HEBER', 'SAIME CURO', 'SAIME CURO, VICTOR HEBER', 1, '44701337', 1, NULL, 2, 3, 'uploads/2023-09/20230920_08513314.jpg', NULL, NULL, NULL, 1, 0, 0, 0, NULL, 1, NULL, NULL, NULL, 44, NULL, NULL, 2, 1, 1, 1, 1, '2023-04-23 23:29:45', '2023-09-21 15:33:13'),
	(54, 'VICTOR', 'MANCCO PALOMINO', 'MANCCO PALOMINO, VICTOR', 1, '23712760', 1, NULL, 3, 3, NULL, NULL, NULL, NULL, 1, 0, 0, 0, NULL, 1, NULL, NULL, NULL, 0, NULL, NULL, 1, 1, 1, 1, 1, '2023-04-23 23:32:04', NULL),
	(55, 'TEOFILA', 'LAURA SEDANO', 'LAURA SEDANO, TEOFILA', 1, '46737739', 2, NULL, 2, 3, NULL, NULL, NULL, NULL, 1, 0, 0, 0, NULL, 1, NULL, NULL, NULL, 0, NULL, NULL, 1, 1, 1, 1, -1, '2023-04-23 23:32:51', '2023-09-21 15:32:10'),
	(56, 'ESPIRITA', 'INFANTE LAPA', 'INFANTE LAPA, ESPIRITA', 1, '47052780', 2, NULL, 2, 3, NULL, NULL, NULL, NULL, 1, 0, 0, 0, NULL, 1, NULL, NULL, NULL, 0, NULL, NULL, 1, 1, 1, 1, -1, '2023-04-23 23:33:49', '2023-09-21 15:31:24'),
	(57, 'ISABEL LOURDES', 'CRESPO BEDOYA', 'CRESPO BEDOYA, ISABEL LOURDES', 1, '28595740', 2, NULL, 2, 3, NULL, NULL, NULL, NULL, 1, 0, 0, 0, NULL, 1, NULL, NULL, NULL, 0, NULL, NULL, 1, 1, 1, 1, 1, '2023-04-23 23:35:06', NULL),
	(58, 'ROLANDO', 'HUACHACA ROMERO', 'HUACHACA ROMERO, ROLANDO', 1, '41946843', 1, NULL, 2, 3, NULL, NULL, NULL, NULL, 1, 0, 0, 0, NULL, 1, NULL, NULL, NULL, 37, NULL, NULL, 1, 1, 1, 1, 1, '2023-04-23 23:36:07', '2023-04-23 23:36:48'),
	(59, 'ERIKA', 'CASTRO URBANO', 'CASTRO URBANO, ERIKA', 1, '73938365', 2, NULL, 1, 2, NULL, NULL, NULL, NULL, 1, 0, 0, 0, NULL, 1, NULL, NULL, NULL, 0, NULL, NULL, 1, 1, 1, 1, 1, '2023-04-23 23:38:08', NULL),
	(60, 'ABRAHAM', 'HUANACO CCENTE', 'HUANACO CCENTE, ABRAHAM', 1, '44355946', 1, NULL, 1, 3, 'uploads/2023-09/20230906_11415716.jpg', NULL, NULL, NULL, 0, 0, 0, 0, NULL, 1, NULL, NULL, NULL, 0, NULL, NULL, 1, 1, 1, 1, 1, '2023-04-23 23:39:23', '2023-09-06 11:41:57');
/*!40000 ALTER TABLE `miembros` ENABLE KEYS */;

-- Volcando estructura para tabla mip.migrations
CREATE TABLE IF NOT EXISTS `migrations` (
  `id` int(10) unsigned NOT NULL AUTO_INCREMENT,
  `migration` varchar(255) COLLATE utf8mb4_unicode_ci NOT NULL,
  `batch` int(11) NOT NULL,
  PRIMARY KEY (`id`)
) ENGINE=InnoDB AUTO_INCREMENT=86 DEFAULT CHARSET=utf8mb4 COLLATE=utf8mb4_unicode_ci;

-- Volcando datos para la tabla mip.migrations: ~51 rows (aproximadamente)
DELETE FROM `migrations`;
/*!40000 ALTER TABLE `migrations` DISABLE KEYS */;
INSERT INTO `migrations` (`id`, `migration`, `batch`) VALUES
	(1, '2014_10_12_000000_create_users_table', 1),
	(2, '2014_10_12_100000_create_password_resets_table', 1),
	(3, '2016_08_07_145904_add_table_cms_apicustom', 1),
	(4, '2016_08_07_150834_add_table_cms_dashboard', 1),
	(5, '2016_08_07_151210_add_table_cms_logs', 1),
	(6, '2016_08_07_151211_add_details_cms_logs', 1),
	(7, '2016_08_07_152014_add_table_cms_privileges', 1),
	(8, '2016_08_07_152214_add_table_cms_privileges_roles', 1),
	(9, '2016_08_07_152320_add_table_cms_settings', 1),
	(10, '2016_08_07_152421_add_table_cms_users', 1),
	(11, '2016_08_07_154624_add_table_cms_menus_privileges', 1),
	(12, '2016_08_07_154624_add_table_cms_moduls', 1),
	(13, '2016_08_17_225409_add_status_cms_users', 1),
	(14, '2016_08_20_125418_add_table_cms_notifications', 1),
	(15, '2016_09_04_033706_add_table_cms_email_queues', 1),
	(16, '2016_09_16_035347_add_group_setting', 1),
	(17, '2016_09_16_045425_add_label_setting', 1),
	(18, '2016_09_17_104728_create_nullable_cms_apicustom', 1),
	(19, '2016_10_01_141740_add_method_type_apicustom', 1),
	(20, '2016_10_01_141846_add_parameters_apicustom', 1),
	(21, '2016_10_01_141934_add_responses_apicustom', 1),
	(22, '2016_10_01_144826_add_table_apikey', 1),
	(23, '2016_11_14_141657_create_cms_menus', 1),
	(24, '2016_11_15_132350_create_cms_email_templates', 1),
	(25, '2016_11_15_190410_create_cms_statistics', 1),
	(26, '2016_11_17_102740_create_cms_statistic_components', 1),
	(61, '2014_10_12_000000_create_users_table', 1),
	(62, '2014_10_12_100000_create_password_resets_table', 1),
	(63, '2016_08_07_145904_add_table_cms_apicustom', 1),
	(64, '2016_08_07_150834_add_table_cms_dashboard', 1),
	(65, '2016_08_07_151210_add_table_cms_logs', 1),
	(66, '2016_08_07_151211_add_details_cms_logs', 1),
	(67, '2016_08_07_152014_add_table_cms_privileges', 1),
	(68, '2016_08_07_152214_add_table_cms_privileges_roles', 1),
	(69, '2016_08_07_152320_add_table_cms_settings', 1),
	(70, '2016_08_07_152421_add_table_cms_users', 1),
	(71, '2016_08_07_154624_add_table_cms_menus_privileges', 1),
	(72, '2016_08_07_154624_add_table_cms_moduls', 1),
	(73, '2016_08_17_225409_add_status_cms_users', 1),
	(74, '2016_08_20_125418_add_table_cms_notifications', 1),
	(75, '2016_09_04_033706_add_table_cms_email_queues', 1),
	(76, '2016_09_16_035347_add_group_setting', 1),
	(77, '2016_09_16_045425_add_label_setting', 1),
	(78, '2016_09_17_104728_create_nullable_cms_apicustom', 1),
	(79, '2016_10_01_141740_add_method_type_apicustom', 1),
	(80, '2016_10_01_141846_add_parameters_apicustom', 1),
	(81, '2016_10_01_141934_add_responses_apicustom', 1),
	(82, '2016_10_01_144826_add_table_apikey', 1),
	(83, '2016_11_14_141657_create_cms_menus', 1),
	(84, '2016_11_15_132350_create_cms_email_templates', 1),
	(85, '2016_11_15_190410_create_cms_statistics', 1);
/*!40000 ALTER TABLE `migrations` ENABLE KEYS */;

-- Volcando estructura para tabla mip.minas
CREATE TABLE IF NOT EXISTS `minas` (
  `id` int(10) unsigned NOT NULL AUTO_INCREMENT,
  `nombre` varchar(70) COLLATE utf8mb4_unicode_ci DEFAULT NULL,
  `codigo` varchar(20) COLLATE utf8mb4_unicode_ci DEFAULT NULL,
  `correo` varchar(255) COLLATE utf8mb4_unicode_ci DEFAULT NULL,
  `telefono` varchar(20) COLLATE utf8mb4_unicode_ci DEFAULT NULL,
  `celular` varchar(20) COLLATE utf8mb4_unicode_ci DEFAULT NULL,
  `id_moneda` int(10) unsigned NOT NULL DEFAULT '0',
  `logo` varchar(255) COLLATE utf8mb4_unicode_ci DEFAULT NULL,
  `id_pais` int(10) unsigned NOT NULL DEFAULT '0',
  `id_departamento` int(10) unsigned NOT NULL DEFAULT '0',
  `id_provincia` int(10) unsigned NOT NULL DEFAULT '0',
  `id_distrito` int(10) unsigned NOT NULL DEFAULT '0',
  `direccion` varchar(150) COLLATE utf8mb4_unicode_ci DEFAULT NULL,
  `google_map` varchar(70) COLLATE utf8mb4_unicode_ci DEFAULT NULL,
  `id_estado` int(10) unsigned NOT NULL DEFAULT '0',
  `created_at` timestamp NULL DEFAULT NULL,
  `updated_at` timestamp NULL DEFAULT NULL,
  PRIMARY KEY (`id`)
) ENGINE=InnoDB AUTO_INCREMENT=2 DEFAULT CHARSET=utf8mb4 COLLATE=utf8mb4_unicode_ci;

-- Volcando datos para la tabla mip.minas: ~0 rows (aproximadamente)
DELETE FROM `minas`;
/*!40000 ALTER TABLE `minas` DISABLE KEYS */;
INSERT INTO `minas` (`id`, `nombre`, `codigo`, `correo`, `telefono`, `celular`, `id_moneda`, `logo`, `id_pais`, `id_departamento`, `id_provincia`, `id_distrito`, `direccion`, `google_map`, `id_estado`, `created_at`, `updated_at`) VALUES
	(1, 'MINA CCARAMPA', 'MIP-0001', 'minapallcca@mip.com', '01 789 2345', '9998786766', 1, 'uploads/2023-09/20230922_15494714.png', 0, 0, 0, 0, 'CENTRO POBLADO PALLCCA', 'https:sdkjsidf', 0, '2023-06-18 04:05:28', '2023-09-22 20:49:47');
/*!40000 ALTER TABLE `minas` ENABLE KEYS */;

-- Volcando estructura para tabla mip.monedas
CREATE TABLE IF NOT EXISTS `monedas` (
  `id` int(10) unsigned NOT NULL AUTO_INCREMENT,
  `simbolo` varchar(5) COLLATE utf8mb4_unicode_ci NOT NULL,
  `nombre` varchar(30) COLLATE utf8mb4_unicode_ci NOT NULL,
  `tipo_cambio` double DEFAULT NULL,
  `created_at` timestamp NULL DEFAULT NULL,
  `updated_at` timestamp NULL DEFAULT NULL,
  PRIMARY KEY (`id`)
) ENGINE=InnoDB AUTO_INCREMENT=3 DEFAULT CHARSET=utf8mb4 COLLATE=utf8mb4_unicode_ci;

-- Volcando datos para la tabla mip.monedas: ~2 rows (aproximadamente)
DELETE FROM `monedas`;
/*!40000 ALTER TABLE `monedas` DISABLE KEYS */;
INSERT INTO `monedas` (`id`, `simbolo`, `nombre`, `tipo_cambio`, `created_at`, `updated_at`) VALUES
	(1, 'S/.', 'Nuevo Sol', 0, NULL, NULL),
	(2, 'US$', 'Dólar', 0, NULL, NULL);
/*!40000 ALTER TABLE `monedas` ENABLE KEYS */;

-- Volcando estructura para tabla mip.pagos
CREATE TABLE IF NOT EXISTS `pagos` (
  `id` int(10) unsigned NOT NULL AUTO_INCREMENT,
  `referencia` varchar(70) COLLATE utf8mb4_unicode_ci DEFAULT NULL,
  `id_trabajador` int(10) unsigned DEFAULT NULL,
  `id_contrato` int(10) unsigned NOT NULL,
  `id_moneda` int(10) unsigned NOT NULL,
  `monto` double NOT NULL,
  `fecha` date NOT NULL,
  `archivo` varchar(255) COLLATE utf8mb4_unicode_ci DEFAULT NULL,
  `id_estado` int(10) unsigned DEFAULT '0',
  `fecha_pago` date DEFAULT NULL,
  `observacion` text COLLATE utf8mb4_unicode_ci,
  `id_user_create` int(10) unsigned DEFAULT NULL,
  `id_user_update` int(10) unsigned DEFAULT NULL,
  `created_at` timestamp NULL DEFAULT NULL,
  `updated_at` timestamp NULL DEFAULT NULL,
  PRIMARY KEY (`id`),
  KEY `FK_pagos_trabajadors` (`id_trabajador`),
  KEY `FK_pagos_contratos` (`id_contrato`),
  KEY `FK_pagos_tipo_monedas` (`id_moneda`),
  KEY `FK_pagos_estados` (`id_estado`),
  CONSTRAINT `FK_pagos_contratos` FOREIGN KEY (`id_contrato`) REFERENCES `contratos` (`id`),
  CONSTRAINT `FK_pagos_tipo_monedas` FOREIGN KEY (`id_moneda`) REFERENCES `tipo_monedas` (`id`),
  CONSTRAINT `FK_pagos_trabajadors` FOREIGN KEY (`id_trabajador`) REFERENCES `trabajadors` (`id`)
) ENGINE=InnoDB AUTO_INCREMENT=598 DEFAULT CHARSET=utf8mb4 COLLATE=utf8mb4_unicode_ci;

-- Volcando datos para la tabla mip.pagos: ~358 rows (aproximadamente)
DELETE FROM `pagos`;
/*!40000 ALTER TABLE `pagos` DISABLE KEYS */;
INSERT INTO `pagos` (`id`, `referencia`, `id_trabajador`, `id_contrato`, `id_moneda`, `monto`, `fecha`, `archivo`, `id_estado`, `fecha_pago`, `observacion`, `id_user_create`, `id_user_update`, `created_at`, `updated_at`) VALUES
	(240, 'PAG-20241027-0001', 2, 42, 1, 1500, '2023-10-31', NULL, 0, NULL, NULL, NULL, NULL, '2023-10-12 19:18:54', NULL),
	(241, 'PAG-20241027-0002', 2, 42, 1, 1500, '2023-11-30', NULL, 0, NULL, NULL, NULL, NULL, '2023-10-12 19:18:54', NULL),
	(242, 'PAG-20241027-0003', 2, 42, 1, 1500, '2023-12-31', NULL, 0, NULL, NULL, NULL, NULL, '2023-10-12 19:18:54', NULL),
	(243, 'PAG-20241027-0004', 2, 42, 1, 1500, '2024-01-31', NULL, 0, NULL, NULL, NULL, NULL, '2023-10-12 19:18:54', NULL),
	(244, 'PAG-20241027-0005', 2, 42, 1, 1500, '2024-02-29', NULL, 0, NULL, NULL, NULL, NULL, '2023-10-12 19:18:54', NULL),
	(245, 'PAG-20241027-0006', 2, 42, 1, 1500, '2024-03-31', NULL, 0, NULL, NULL, NULL, NULL, '2023-10-12 19:18:54', NULL),
	(246, 'PAG-20241027-0007', 2, 42, 1, 1500, '2024-04-30', NULL, 0, NULL, NULL, NULL, NULL, '2023-10-12 19:18:54', NULL),
	(247, 'PAG-20241027-0008', 2, 42, 1, 1500, '2024-05-31', NULL, 0, NULL, NULL, NULL, NULL, '2023-10-12 19:18:54', NULL),
	(248, 'PAG-20241027-0009', 2, 42, 1, 1500, '2024-06-30', NULL, 0, NULL, NULL, NULL, NULL, '2023-10-12 19:18:54', NULL),
	(249, 'PAG-20241027-0010', 2, 42, 1, 1500, '2024-07-31', NULL, 0, NULL, NULL, NULL, NULL, '2023-10-12 19:18:54', NULL),
	(250, 'PAG-20241027-0011', 2, 42, 1, 1500, '2024-08-31', NULL, 0, NULL, NULL, NULL, NULL, '2023-10-12 19:18:54', NULL),
	(251, 'PAG-20241027-0012', 2, 42, 1, 1500, '2024-09-30', NULL, 0, NULL, NULL, NULL, NULL, '2023-10-12 19:18:54', NULL),
	(252, 'PAG-20241005-0001', 4, 43, 1, 1500, '2023-10-31', NULL, 0, NULL, NULL, NULL, NULL, '2023-10-14 15:42:57', NULL),
	(253, 'PAG-20241005-0002', 4, 43, 1, 1500, '2023-11-30', NULL, 0, NULL, NULL, NULL, NULL, '2023-10-14 15:42:57', NULL),
	(254, 'PAG-20241005-0003', 4, 43, 1, 1500, '2023-12-31', NULL, 0, NULL, NULL, NULL, NULL, '2023-10-14 15:42:57', NULL),
	(255, 'PAG-20241005-0004', 4, 43, 1, 1500, '2024-01-31', NULL, 0, NULL, NULL, NULL, NULL, '2023-10-14 15:42:57', NULL),
	(256, 'PAG-20241005-0005', 4, 43, 1, 1500, '2024-02-29', NULL, 0, NULL, NULL, NULL, NULL, '2023-10-14 15:42:57', NULL),
	(257, 'PAG-20241005-0006', 4, 43, 1, 1500, '2024-03-31', NULL, 0, NULL, NULL, NULL, NULL, '2023-10-14 15:42:57', NULL),
	(258, 'PAG-20241005-0007', 4, 43, 1, 1500, '2024-04-30', NULL, 0, NULL, NULL, NULL, NULL, '2023-10-14 15:42:57', NULL),
	(259, 'PAG-20241005-0008', 4, 43, 1, 1500, '2024-05-31', NULL, 0, NULL, NULL, NULL, NULL, '2023-10-14 15:42:57', NULL),
	(260, 'PAG-20241005-0009', 4, 43, 1, 1500, '2024-06-30', NULL, 0, NULL, NULL, NULL, NULL, '2023-10-14 15:42:57', NULL),
	(261, 'PAG-20241005-0010', 4, 43, 1, 1500, '2024-07-31', NULL, 0, NULL, NULL, NULL, NULL, '2023-10-14 15:42:57', NULL),
	(262, 'PAG-20241005-0011', 4, 43, 1, 1500, '2024-08-31', NULL, 0, NULL, NULL, NULL, NULL, '2023-10-14 15:42:57', NULL),
	(263, 'PAG-20241005-0012', 4, 43, 1, 1500, '2024-09-30', NULL, 0, NULL, NULL, NULL, NULL, '2023-10-14 15:42:57', NULL),
	(264, 'PAG-20251001-0001', 1, 45, 1, 1500, '2024-10-01', NULL, 0, NULL, NULL, NULL, NULL, '2023-10-14 15:57:17', NULL),
	(265, 'PAG-20271101-0001', 4, 46, 1, 1900, '2024-11-01', NULL, 0, NULL, NULL, NULL, NULL, '2023-10-14 15:59:16', NULL),
	(266, 'PAG-20271101-0002', 4, 46, 1, 1900, '2025-11-01', NULL, 0, NULL, NULL, NULL, NULL, '2023-10-14 15:59:16', NULL),
	(267, 'PAG-20271101-0003', 4, 46, 1, 1900, '2026-11-01', NULL, 0, NULL, NULL, NULL, NULL, '2023-10-14 15:59:16', NULL),
	(268, 'PAG-20231101-0001', 4, 47, 1, 1800, '2023-10-31', NULL, 1, '2023-10-27', NULL, 1, 1, '2023-10-14 16:00:14', '2023-10-14 16:00:54'),
	(269, 'PAG-20261017-0001', 4, 48, 1, 1900, '2023-10-31', NULL, 0, NULL, NULL, NULL, NULL, '2023-10-14 16:01:37', NULL),
	(270, 'PAG-20261017-0002', 4, 48, 1, 1900, '2023-11-30', NULL, 0, NULL, NULL, NULL, NULL, '2023-10-14 16:01:37', NULL),
	(271, 'PAG-20261017-0003', 4, 48, 1, 1900, '2023-12-31', NULL, 0, NULL, NULL, NULL, NULL, '2023-10-14 16:01:37', NULL),
	(272, 'PAG-20261017-0004', 4, 48, 1, 1900, '2024-01-31', NULL, 0, NULL, NULL, NULL, NULL, '2023-10-14 16:01:37', NULL),
	(273, 'PAG-20261017-0005', 4, 48, 1, 1900, '2024-02-29', NULL, 0, NULL, NULL, NULL, NULL, '2023-10-14 16:01:37', NULL),
	(274, 'PAG-20261017-0006', 4, 48, 1, 1900, '2024-03-31', NULL, 0, NULL, NULL, NULL, NULL, '2023-10-14 16:01:37', NULL),
	(275, 'PAG-20261017-0007', 4, 48, 1, 1900, '2024-04-30', NULL, 0, NULL, NULL, NULL, NULL, '2023-10-14 16:01:37', NULL),
	(276, 'PAG-20261017-0008', 4, 48, 1, 1900, '2024-05-31', NULL, 0, NULL, NULL, NULL, NULL, '2023-10-14 16:01:37', NULL),
	(277, 'PAG-20261017-0009', 4, 48, 1, 1900, '2024-06-30', NULL, 0, NULL, NULL, NULL, NULL, '2023-10-14 16:01:37', NULL),
	(278, 'PAG-20261017-0010', 4, 48, 1, 1900, '2024-07-31', NULL, 0, NULL, NULL, NULL, NULL, '2023-10-14 16:01:37', NULL),
	(279, 'PAG-20261017-0011', 4, 48, 1, 1900, '2024-08-31', NULL, 0, NULL, NULL, NULL, NULL, '2023-10-14 16:01:37', NULL),
	(280, 'PAG-20261017-0012', 4, 48, 1, 1900, '2024-09-30', NULL, 0, NULL, NULL, NULL, NULL, '2023-10-14 16:01:37', NULL),
	(281, 'PAG-20261017-0013', 4, 48, 1, 1900, '2024-10-31', NULL, 0, NULL, NULL, NULL, NULL, '2023-10-14 16:01:37', NULL),
	(282, 'PAG-20261017-0014', 4, 48, 1, 1900, '2024-11-30', NULL, 0, NULL, NULL, NULL, NULL, '2023-10-14 16:01:37', NULL),
	(283, 'PAG-20261017-0015', 4, 48, 1, 1900, '2024-12-31', NULL, 0, NULL, NULL, NULL, NULL, '2023-10-14 16:01:37', NULL),
	(284, 'PAG-20261017-0016', 4, 48, 1, 1900, '2025-01-31', NULL, 0, NULL, NULL, NULL, NULL, '2023-10-14 16:01:37', NULL),
	(285, 'PAG-20261017-0017', 4, 48, 1, 1900, '2025-02-28', NULL, 0, NULL, NULL, NULL, NULL, '2023-10-14 16:01:37', NULL),
	(286, 'PAG-20261017-0018', 4, 48, 1, 1900, '2025-03-31', NULL, 0, NULL, NULL, NULL, NULL, '2023-10-14 16:01:37', NULL),
	(287, 'PAG-20261017-0019', 4, 48, 1, 1900, '2025-04-30', NULL, 0, NULL, NULL, NULL, NULL, '2023-10-14 16:01:37', NULL),
	(288, 'PAG-20261017-0020', 4, 48, 1, 1900, '2025-05-31', NULL, 0, NULL, NULL, NULL, NULL, '2023-10-14 16:01:37', NULL),
	(289, 'PAG-20261017-0021', 4, 48, 1, 1900, '2025-06-30', NULL, 0, NULL, NULL, NULL, NULL, '2023-10-14 16:01:37', NULL),
	(290, 'PAG-20261017-0022', 4, 48, 1, 1900, '2025-07-31', NULL, 0, NULL, NULL, NULL, NULL, '2023-10-14 16:01:37', NULL),
	(291, 'PAG-20261017-0023', 4, 48, 1, 1900, '2025-08-31', NULL, 0, NULL, NULL, NULL, NULL, '2023-10-14 16:01:37', NULL),
	(292, 'PAG-20261017-0024', 4, 48, 1, 1900, '2025-09-30', NULL, 0, NULL, NULL, NULL, NULL, '2023-10-14 16:01:37', NULL),
	(293, 'PAG-20261017-0025', 4, 48, 1, 1900, '2025-10-31', NULL, 0, NULL, NULL, NULL, NULL, '2023-10-14 16:01:37', NULL),
	(294, 'PAG-20261017-0026', 4, 48, 1, 1900, '2025-11-30', NULL, 0, NULL, NULL, NULL, NULL, '2023-10-14 16:01:37', NULL),
	(295, 'PAG-20261017-0027', 4, 48, 1, 1900, '2025-12-31', NULL, 0, NULL, NULL, NULL, NULL, '2023-10-14 16:01:37', NULL),
	(296, 'PAG-20261017-0028', 4, 48, 1, 1900, '2026-01-31', NULL, 0, NULL, NULL, NULL, NULL, '2023-10-14 16:01:37', NULL),
	(297, 'PAG-20261017-0029', 4, 48, 1, 1900, '2026-02-28', NULL, 0, NULL, NULL, NULL, NULL, '2023-10-14 16:01:37', NULL),
	(298, 'PAG-20261017-0030', 4, 48, 1, 1900, '2026-03-31', NULL, 0, NULL, NULL, NULL, NULL, '2023-10-14 16:01:37', NULL),
	(299, 'PAG-20261017-0031', 4, 48, 1, 1900, '2026-04-30', NULL, 0, NULL, NULL, NULL, NULL, '2023-10-14 16:01:37', NULL),
	(300, 'PAG-20261017-0032', 4, 48, 1, 1900, '2026-05-31', NULL, 0, NULL, NULL, NULL, NULL, '2023-10-14 16:01:37', NULL),
	(301, 'PAG-20261017-0033', 4, 48, 1, 1900, '2026-06-30', NULL, 0, NULL, NULL, NULL, NULL, '2023-10-14 16:01:37', NULL),
	(302, 'PAG-20261017-0034', 4, 48, 1, 1900, '2026-07-31', NULL, 0, NULL, NULL, NULL, NULL, '2023-10-14 16:01:37', NULL),
	(303, 'PAG-20261017-0035', 4, 48, 1, 1900, '2026-08-31', NULL, 0, NULL, NULL, NULL, NULL, '2023-10-14 16:01:37', NULL),
	(304, 'PAG-20261017-0036', 4, 48, 1, 1900, '2026-09-30', NULL, 0, NULL, NULL, NULL, NULL, '2023-10-14 16:01:37', NULL),
	(305, 'PAG-20240516-0001', 4, 49, 2, 800, '2023-11-30', NULL, 0, NULL, NULL, NULL, NULL, '2023-10-14 16:02:15', NULL),
	(306, 'PAG-20240516-0002', 4, 49, 2, 800, '2023-12-31', NULL, 0, NULL, NULL, NULL, NULL, '2023-10-14 16:02:15', NULL),
	(307, 'PAG-20240516-0003', 4, 49, 2, 800, '2024-01-31', NULL, 0, NULL, NULL, NULL, NULL, '2023-10-14 16:02:15', NULL),
	(308, 'PAG-20240516-0004', 4, 49, 2, 800, '2024-02-29', NULL, 0, NULL, NULL, NULL, NULL, '2023-10-14 16:02:15', NULL),
	(309, 'PAG-20240516-0005', 4, 49, 2, 800, '2024-03-31', NULL, 0, NULL, NULL, NULL, NULL, '2023-10-14 16:02:15', NULL),
	(310, 'PAG-20240516-0006', 4, 49, 2, 800, '2024-04-30', NULL, 0, NULL, NULL, NULL, NULL, '2023-10-14 16:02:15', NULL),
	(311, 'PAG-20241018-0001', 2, 51, 1, 1500, '2023-10-15', NULL, 0, NULL, NULL, NULL, NULL, '2023-10-14 16:05:29', NULL),
	(312, 'PAG-20241018-0002', 2, 51, 1, 1500, '2023-10-31', NULL, 0, NULL, NULL, NULL, NULL, '2023-10-14 16:05:29', NULL),
	(313, 'PAG-20241018-0003', 2, 51, 1, 1500, '2023-11-15', NULL, 0, NULL, NULL, NULL, NULL, '2023-10-14 16:05:29', NULL),
	(314, 'PAG-20241018-0004', 2, 51, 1, 1500, '2023-11-30', NULL, 0, NULL, NULL, NULL, NULL, '2023-10-14 16:05:29', NULL),
	(315, 'PAG-20241018-0005', 2, 51, 1, 1500, '2023-12-15', NULL, 0, NULL, NULL, NULL, NULL, '2023-10-14 16:05:29', NULL),
	(316, 'PAG-20241018-0006', 2, 51, 1, 1500, '2023-12-31', NULL, 0, NULL, NULL, NULL, NULL, '2023-10-14 16:05:29', NULL),
	(317, 'PAG-20241018-0007', 2, 51, 1, 1500, '2024-01-15', NULL, 0, NULL, NULL, NULL, NULL, '2023-10-14 16:05:29', NULL),
	(318, 'PAG-20241018-0008', 2, 51, 1, 1500, '2024-01-31', NULL, 0, NULL, NULL, NULL, NULL, '2023-10-14 16:05:29', NULL),
	(319, 'PAG-20241018-0009', 2, 51, 1, 1500, '2024-02-15', NULL, 0, NULL, NULL, NULL, NULL, '2023-10-14 16:05:29', NULL),
	(320, 'PAG-20241018-0010', 2, 51, 1, 1500, '2024-02-29', NULL, 0, NULL, NULL, NULL, NULL, '2023-10-14 16:05:29', NULL),
	(321, 'PAG-20241018-0011', 2, 51, 1, 1500, '2024-03-15', NULL, 0, NULL, NULL, NULL, NULL, '2023-10-14 16:05:29', NULL),
	(322, 'PAG-20241018-0012', 2, 51, 1, 1500, '2024-03-31', NULL, 0, NULL, NULL, NULL, NULL, '2023-10-14 16:05:29', NULL),
	(323, 'PAG-20241018-0013', 2, 51, 1, 1500, '2024-04-15', NULL, 0, NULL, NULL, NULL, NULL, '2023-10-14 16:05:29', NULL),
	(324, 'PAG-20241018-0014', 2, 51, 1, 1500, '2024-04-30', NULL, 0, NULL, NULL, NULL, NULL, '2023-10-14 16:05:29', NULL),
	(325, 'PAG-20241018-0015', 2, 51, 1, 1500, '2024-05-15', NULL, 0, NULL, NULL, NULL, NULL, '2023-10-14 16:05:29', NULL),
	(326, 'PAG-20241018-0016', 2, 51, 1, 1500, '2024-05-31', NULL, 0, NULL, NULL, NULL, NULL, '2023-10-14 16:05:29', NULL),
	(327, 'PAG-20241018-0017', 2, 51, 1, 1500, '2024-06-15', NULL, 0, NULL, NULL, NULL, NULL, '2023-10-14 16:05:29', NULL),
	(328, 'PAG-20241018-0018', 2, 51, 1, 1500, '2024-06-30', NULL, 0, NULL, NULL, NULL, NULL, '2023-10-14 16:05:29', NULL),
	(329, 'PAG-20241018-0019', 2, 51, 1, 1500, '2024-07-15', NULL, 0, NULL, NULL, NULL, NULL, '2023-10-14 16:05:29', NULL),
	(330, 'PAG-20241018-0020', 2, 51, 1, 1500, '2024-07-31', NULL, 0, NULL, NULL, NULL, NULL, '2023-10-14 16:05:29', NULL),
	(331, 'PAG-20241018-0021', 2, 51, 1, 1500, '2024-08-15', NULL, 0, NULL, NULL, NULL, NULL, '2023-10-14 16:05:29', NULL),
	(332, 'PAG-20241018-0022', 2, 51, 1, 1500, '2024-08-31', NULL, 0, NULL, NULL, NULL, NULL, '2023-10-14 16:05:29', NULL),
	(333, 'PAG-20241018-0023', 2, 51, 1, 1500, '2024-09-15', NULL, 0, NULL, NULL, NULL, NULL, '2023-10-14 16:05:29', NULL),
	(334, 'PAG-20241018-0024', 2, 51, 1, 1500, '2024-09-30', NULL, 0, NULL, NULL, NULL, NULL, '2023-10-14 16:05:29', NULL),
	(335, 'PAG-20240121-0001', 3, 56, 1, 1500, '2023-10-07', NULL, 0, NULL, NULL, NULL, NULL, '2023-10-14 17:05:47', NULL),
	(336, 'PAG-20240121-0002', 3, 56, 1, 1500, '2023-10-14', NULL, 0, NULL, NULL, NULL, NULL, '2023-10-14 17:05:47', NULL),
	(337, 'PAG-20240121-0003', 3, 56, 1, 1500, '2023-10-21', NULL, 0, NULL, NULL, NULL, NULL, '2023-10-14 17:05:47', NULL),
	(338, 'PAG-20240121-0004', 3, 56, 1, 1500, '2023-10-28', NULL, 0, NULL, NULL, NULL, NULL, '2023-10-14 17:05:47', NULL),
	(339, 'PAG-20240121-0005', 3, 56, 1, 1500, '2023-11-04', NULL, 0, NULL, NULL, NULL, NULL, '2023-10-14 17:05:47', NULL),
	(340, 'PAG-20240121-0006', 3, 56, 1, 1500, '2023-11-11', NULL, 0, NULL, NULL, NULL, NULL, '2023-10-14 17:05:47', NULL),
	(341, 'PAG-20240121-0007', 3, 56, 1, 1500, '2023-11-18', NULL, 0, NULL, NULL, NULL, NULL, '2023-10-14 17:05:47', NULL),
	(342, 'PAG-20240121-0008', 3, 56, 1, 1500, '2023-11-25', NULL, 0, NULL, NULL, NULL, NULL, '2023-10-14 17:05:47', NULL),
	(343, 'PAG-20240121-0009', 3, 56, 1, 1500, '2023-12-02', NULL, 0, NULL, NULL, NULL, NULL, '2023-10-14 17:05:47', NULL),
	(344, 'PAG-20240121-0010', 3, 56, 1, 1500, '2023-12-09', NULL, 0, NULL, NULL, NULL, NULL, '2023-10-14 17:05:47', NULL),
	(345, 'PAG-20240121-0011', 3, 56, 1, 1500, '2023-12-16', NULL, 0, NULL, NULL, NULL, NULL, '2023-10-14 17:05:47', NULL),
	(346, 'PAG-20240121-0012', 3, 56, 1, 1500, '2023-12-23', NULL, 0, NULL, NULL, NULL, NULL, '2023-10-14 17:05:47', NULL),
	(347, 'PAG-20240121-0013', 3, 56, 1, 1500, '2023-12-30', NULL, 0, NULL, NULL, NULL, NULL, '2023-10-14 17:05:47', NULL),
	(348, 'PAG-20240121-0014', 3, 56, 1, 1500, '2024-01-06', NULL, 0, NULL, NULL, NULL, NULL, '2023-10-14 17:05:47', NULL),
	(349, 'PAG-20240121-0015', 3, 56, 1, 1500, '2024-01-13', NULL, 0, NULL, NULL, NULL, NULL, '2023-10-14 17:05:47', NULL),
	(350, 'PAG-20240121-0016', 3, 56, 1, 1500, '2024-01-20', NULL, 0, NULL, NULL, NULL, NULL, '2023-10-14 17:05:47', NULL),
	(351, 'PAG-20231029-0001', 4, 57, 1, 1900, '2023-10-07', NULL, 0, NULL, NULL, NULL, NULL, '2023-10-14 17:10:17', NULL),
	(352, 'PAG-20231029-0002', 4, 57, 1, 1900, '2023-10-14', NULL, 0, NULL, NULL, NULL, NULL, '2023-10-14 17:10:17', NULL),
	(353, 'PAG-20231029-0003', 4, 57, 1, 1900, '2023-10-21', NULL, 0, NULL, NULL, NULL, NULL, '2023-10-14 17:10:17', NULL),
	(354, 'PAG-20231029-0004', 4, 57, 1, 1900, '2023-10-28', NULL, 0, NULL, NULL, NULL, NULL, '2023-10-14 17:10:17', NULL),
	(355, 'PAG-20240121-0001', 2, 58, 1, 86787, '2023-10-07', NULL, 1, '2023-10-27', NULL, 1, 1, '2023-10-14 18:01:16', '2023-10-15 05:05:30'),
	(356, 'PAG-20240121-0002', 2, 58, 1, 86787, '2023-10-14', NULL, 1, '2023-10-17', NULL, 1, 1, '2023-10-14 18:01:16', '2023-10-15 05:05:44'),
	(357, 'PAG-20240121-0003', 2, 58, 1, 86787, '2023-10-21', NULL, 1, '2023-10-19', NULL, 1, 1, '2023-10-14 18:01:16', '2023-10-15 05:24:43'),
	(358, 'PAG-20240121-0004', 2, 58, 1, 86787, '2023-10-28', NULL, 1, '2023-10-10', NULL, 1, 1, '2023-10-14 18:01:16', '2023-10-15 05:06:00'),
	(359, 'PAG-20240121-0005', 2, 58, 1, 86787, '2023-11-04', NULL, 1, '2023-10-17', NULL, 1, 1, '2023-10-14 18:01:16', '2023-10-15 05:24:59'),
	(360, 'PAG-20240121-0006', 2, 58, 1, 86787, '2023-11-11', NULL, 0, NULL, NULL, NULL, NULL, '2023-10-14 18:01:16', NULL),
	(361, 'PAG-20240121-0007', 2, 58, 1, 86787, '2023-11-18', NULL, 0, NULL, NULL, NULL, NULL, '2023-10-14 18:01:16', NULL),
	(362, 'PAG-20240121-0008', 2, 58, 1, 86787, '2023-11-25', NULL, 0, NULL, NULL, NULL, NULL, '2023-10-14 18:01:16', NULL),
	(363, 'PAG-20240121-0009', 2, 58, 1, 86787, '2023-12-02', NULL, 0, NULL, NULL, NULL, NULL, '2023-10-14 18:01:16', NULL),
	(364, 'PAG-20240121-0010', 2, 58, 1, 86787, '2023-12-09', NULL, 0, NULL, NULL, NULL, NULL, '2023-10-14 18:01:16', NULL),
	(365, 'PAG-20240121-0011', 2, 58, 1, 86787, '2023-12-16', NULL, 0, NULL, NULL, NULL, NULL, '2023-10-14 18:01:16', NULL),
	(366, 'PAG-20240121-0012', 2, 58, 1, 86787, '2023-12-23', NULL, 0, NULL, NULL, NULL, NULL, '2023-10-14 18:01:16', NULL),
	(367, 'PAG-20240121-0013', 2, 58, 1, 86787, '2023-12-30', NULL, 0, NULL, NULL, NULL, NULL, '2023-10-14 18:01:16', NULL),
	(368, 'PAG-20240121-0014', 2, 58, 1, 86787, '2024-01-06', NULL, 0, NULL, NULL, NULL, NULL, '2023-10-14 18:01:16', NULL),
	(369, 'PAG-20240121-0015', 2, 58, 1, 86787, '2024-01-13', NULL, 0, NULL, NULL, NULL, NULL, '2023-10-14 18:01:16', NULL),
	(370, 'PAG-20240121-0016', 2, 58, 1, 86787, '2024-01-20', NULL, 0, NULL, NULL, NULL, NULL, '2023-10-14 18:01:16', NULL),
	(371, 'PAG-20240101-0001', 1, 59, 2, 120, '2023-10-31', NULL, 0, NULL, NULL, NULL, NULL, '2023-10-14 18:02:02', NULL),
	(372, 'PAG-20240101-0002', 1, 59, 2, 120, '2023-11-30', NULL, 0, NULL, NULL, NULL, NULL, '2023-10-14 18:02:02', NULL),
	(373, 'PAG-20240101-0003', 1, 59, 2, 120, '2023-12-31', NULL, 0, NULL, NULL, NULL, NULL, '2023-10-14 18:02:02', NULL),
	(374, 'PAG-20260705-0001', 2, 60, 1, 565, '2023-10-07', NULL, 0, NULL, NULL, NULL, NULL, '2023-10-14 18:02:48', NULL),
	(375, 'PAG-20260705-0002', 2, 60, 1, 565, '2023-10-14', NULL, 0, NULL, NULL, NULL, NULL, '2023-10-14 18:02:48', NULL),
	(376, 'PAG-20260705-0003', 2, 60, 1, 565, '2023-10-21', NULL, 0, NULL, NULL, NULL, NULL, '2023-10-14 18:02:48', NULL),
	(377, 'PAG-20260705-0004', 2, 60, 1, 565, '2023-10-28', NULL, 0, NULL, NULL, NULL, NULL, '2023-10-14 18:02:48', NULL),
	(378, 'PAG-20260705-0005', 2, 60, 1, 565, '2023-11-04', NULL, 0, NULL, NULL, NULL, NULL, '2023-10-14 18:02:48', NULL),
	(379, 'PAG-20260705-0006', 2, 60, 1, 565, '2023-11-11', NULL, 0, NULL, NULL, NULL, NULL, '2023-10-14 18:02:48', NULL),
	(380, 'PAG-20260705-0007', 2, 60, 1, 565, '2023-11-18', NULL, 0, NULL, NULL, NULL, NULL, '2023-10-14 18:02:48', NULL),
	(381, 'PAG-20260705-0008', 2, 60, 1, 565, '2023-11-25', NULL, 0, NULL, NULL, NULL, NULL, '2023-10-14 18:02:48', NULL),
	(382, 'PAG-20260705-0009', 2, 60, 1, 565, '2023-12-02', NULL, 0, NULL, NULL, NULL, NULL, '2023-10-14 18:02:48', NULL),
	(383, 'PAG-20260705-0010', 2, 60, 1, 565, '2023-12-09', NULL, 0, NULL, NULL, NULL, NULL, '2023-10-14 18:02:48', NULL),
	(384, 'PAG-20260705-0011', 2, 60, 1, 565, '2023-12-16', NULL, 0, NULL, NULL, NULL, NULL, '2023-10-14 18:02:48', NULL),
	(385, 'PAG-20260705-0012', 2, 60, 1, 565, '2023-12-23', NULL, 0, NULL, NULL, NULL, NULL, '2023-10-14 18:02:48', NULL),
	(386, 'PAG-20260705-0013', 2, 60, 1, 565, '2023-12-30', NULL, 0, NULL, NULL, NULL, NULL, '2023-10-14 18:02:48', NULL),
	(387, 'PAG-20260705-0014', 2, 60, 1, 565, '2024-01-06', NULL, 0, NULL, NULL, NULL, NULL, '2023-10-14 18:02:48', NULL),
	(388, 'PAG-20260705-0015', 2, 60, 1, 565, '2024-01-13', NULL, 0, NULL, NULL, NULL, NULL, '2023-10-14 18:02:48', NULL),
	(389, 'PAG-20260705-0016', 2, 60, 1, 565, '2024-01-20', NULL, 0, NULL, NULL, NULL, NULL, '2023-10-14 18:02:48', NULL),
	(390, 'PAG-20260705-0017', 2, 60, 1, 565, '2024-01-27', NULL, 0, NULL, NULL, NULL, NULL, '2023-10-14 18:02:48', NULL),
	(391, 'PAG-20260705-0018', 2, 60, 1, 565, '2024-02-03', NULL, 0, NULL, NULL, NULL, NULL, '2023-10-14 18:02:48', NULL),
	(392, 'PAG-20260705-0019', 2, 60, 1, 565, '2024-02-10', NULL, 0, NULL, NULL, NULL, NULL, '2023-10-14 18:02:48', NULL),
	(393, 'PAG-20260705-0020', 2, 60, 1, 565, '2024-02-17', NULL, 0, NULL, NULL, NULL, NULL, '2023-10-14 18:02:48', NULL),
	(394, 'PAG-20260705-0021', 2, 60, 1, 565, '2024-02-24', NULL, 0, NULL, NULL, NULL, NULL, '2023-10-14 18:02:48', NULL),
	(395, 'PAG-20260705-0022', 2, 60, 1, 565, '2024-03-02', NULL, 0, NULL, NULL, NULL, NULL, '2023-10-14 18:02:48', NULL),
	(396, 'PAG-20260705-0023', 2, 60, 1, 565, '2024-03-09', NULL, 0, NULL, NULL, NULL, NULL, '2023-10-14 18:02:48', NULL),
	(397, 'PAG-20260705-0024', 2, 60, 1, 565, '2024-03-16', NULL, 0, NULL, NULL, NULL, NULL, '2023-10-14 18:02:48', NULL),
	(398, 'PAG-20260705-0025', 2, 60, 1, 565, '2024-03-23', NULL, 0, NULL, NULL, NULL, NULL, '2023-10-14 18:02:48', NULL),
	(399, 'PAG-20260705-0026', 2, 60, 1, 565, '2024-03-30', NULL, 0, NULL, NULL, NULL, NULL, '2023-10-14 18:02:48', NULL),
	(400, 'PAG-20260705-0027', 2, 60, 1, 565, '2024-04-06', NULL, 0, NULL, NULL, NULL, NULL, '2023-10-14 18:02:48', NULL),
	(401, 'PAG-20260705-0028', 2, 60, 1, 565, '2024-04-13', NULL, 0, NULL, NULL, NULL, NULL, '2023-10-14 18:02:48', NULL),
	(402, 'PAG-20260705-0029', 2, 60, 1, 565, '2024-04-20', NULL, 0, NULL, NULL, NULL, NULL, '2023-10-14 18:02:48', NULL),
	(403, 'PAG-20260705-0030', 2, 60, 1, 565, '2024-04-27', NULL, 0, NULL, NULL, NULL, NULL, '2023-10-14 18:02:48', NULL),
	(404, 'PAG-20260705-0031', 2, 60, 1, 565, '2024-05-04', NULL, 0, NULL, NULL, NULL, NULL, '2023-10-14 18:02:48', NULL),
	(405, 'PAG-20260705-0032', 2, 60, 1, 565, '2024-05-11', NULL, 0, NULL, NULL, NULL, NULL, '2023-10-14 18:02:48', NULL),
	(406, 'PAG-20260705-0033', 2, 60, 1, 565, '2024-05-18', NULL, 0, NULL, NULL, NULL, NULL, '2023-10-14 18:02:48', NULL),
	(407, 'PAG-20260705-0034', 2, 60, 1, 565, '2024-05-25', NULL, 0, NULL, NULL, NULL, NULL, '2023-10-14 18:02:48', NULL),
	(408, 'PAG-20260705-0035', 2, 60, 1, 565, '2024-06-01', NULL, 0, NULL, NULL, NULL, NULL, '2023-10-14 18:02:48', NULL),
	(409, 'PAG-20260705-0036', 2, 60, 1, 565, '2024-06-08', NULL, 0, NULL, NULL, NULL, NULL, '2023-10-14 18:02:48', NULL),
	(410, 'PAG-20260705-0037', 2, 60, 1, 565, '2024-06-15', NULL, 0, NULL, NULL, NULL, NULL, '2023-10-14 18:02:48', NULL),
	(411, 'PAG-20260705-0038', 2, 60, 1, 565, '2024-06-22', NULL, 0, NULL, NULL, NULL, NULL, '2023-10-14 18:02:48', NULL),
	(412, 'PAG-20260705-0039', 2, 60, 1, 565, '2024-06-29', NULL, 0, NULL, NULL, NULL, NULL, '2023-10-14 18:02:48', NULL),
	(413, 'PAG-20260705-0040', 2, 60, 1, 565, '2024-07-06', NULL, 0, NULL, NULL, NULL, NULL, '2023-10-14 18:02:48', NULL),
	(414, 'PAG-20260705-0041', 2, 60, 1, 565, '2024-07-13', NULL, 0, NULL, NULL, NULL, NULL, '2023-10-14 18:02:48', NULL),
	(415, 'PAG-20260705-0042', 2, 60, 1, 565, '2024-07-20', NULL, 0, NULL, NULL, NULL, NULL, '2023-10-14 18:02:48', NULL),
	(416, 'PAG-20260705-0043', 2, 60, 1, 565, '2024-07-27', NULL, 0, NULL, NULL, NULL, NULL, '2023-10-14 18:02:48', NULL),
	(417, 'PAG-20260705-0044', 2, 60, 1, 565, '2024-08-03', NULL, 0, NULL, NULL, NULL, NULL, '2023-10-14 18:02:48', NULL),
	(418, 'PAG-20260705-0045', 2, 60, 1, 565, '2024-08-10', NULL, 0, NULL, NULL, NULL, NULL, '2023-10-14 18:02:48', NULL),
	(419, 'PAG-20260705-0046', 2, 60, 1, 565, '2024-08-17', NULL, 0, NULL, NULL, NULL, NULL, '2023-10-14 18:02:48', NULL),
	(420, 'PAG-20260705-0047', 2, 60, 1, 565, '2024-08-24', NULL, 0, NULL, NULL, NULL, NULL, '2023-10-14 18:02:48', NULL),
	(421, 'PAG-20260705-0048', 2, 60, 1, 565, '2024-08-31', NULL, 0, NULL, NULL, NULL, NULL, '2023-10-14 18:02:48', NULL),
	(422, 'PAG-20260705-0049', 2, 60, 1, 565, '2024-09-07', NULL, 0, NULL, NULL, NULL, NULL, '2023-10-14 18:02:48', NULL),
	(423, 'PAG-20260705-0050', 2, 60, 1, 565, '2024-09-14', NULL, 0, NULL, NULL, NULL, NULL, '2023-10-14 18:02:48', NULL),
	(424, 'PAG-20260705-0051', 2, 60, 1, 565, '2024-09-21', NULL, 0, NULL, NULL, NULL, NULL, '2023-10-14 18:02:48', NULL),
	(425, 'PAG-20260705-0052', 2, 60, 1, 565, '2024-09-28', NULL, 0, NULL, NULL, NULL, NULL, '2023-10-14 18:02:48', NULL),
	(426, 'PAG-20260705-0053', 2, 60, 1, 565, '2024-10-05', NULL, 0, NULL, NULL, NULL, NULL, '2023-10-14 18:02:48', NULL),
	(427, 'PAG-20260705-0054', 2, 60, 1, 565, '2024-10-12', NULL, 0, NULL, NULL, NULL, NULL, '2023-10-14 18:02:48', NULL),
	(428, 'PAG-20260705-0055', 2, 60, 1, 565, '2024-10-19', NULL, 0, NULL, NULL, NULL, NULL, '2023-10-14 18:02:48', NULL),
	(429, 'PAG-20260705-0056', 2, 60, 1, 565, '2024-10-26', NULL, 0, NULL, NULL, NULL, NULL, '2023-10-14 18:02:48', NULL),
	(430, 'PAG-20260705-0057', 2, 60, 1, 565, '2024-11-02', NULL, 0, NULL, NULL, NULL, NULL, '2023-10-14 18:02:48', NULL),
	(431, 'PAG-20260705-0058', 2, 60, 1, 565, '2024-11-09', NULL, 0, NULL, NULL, NULL, NULL, '2023-10-14 18:02:48', NULL),
	(432, 'PAG-20260705-0059', 2, 60, 1, 565, '2024-11-16', NULL, 0, NULL, NULL, NULL, NULL, '2023-10-14 18:02:48', NULL),
	(433, 'PAG-20260705-0060', 2, 60, 1, 565, '2024-11-23', NULL, 0, NULL, NULL, NULL, NULL, '2023-10-14 18:02:48', NULL),
	(434, 'PAG-20260705-0061', 2, 60, 1, 565, '2024-11-30', NULL, 0, NULL, NULL, NULL, NULL, '2023-10-14 18:02:48', NULL),
	(435, 'PAG-20260705-0062', 2, 60, 1, 565, '2024-12-07', NULL, 0, NULL, NULL, NULL, NULL, '2023-10-14 18:02:48', NULL),
	(436, 'PAG-20260705-0063', 2, 60, 1, 565, '2024-12-14', NULL, 0, NULL, NULL, NULL, NULL, '2023-10-14 18:02:48', NULL),
	(437, 'PAG-20260705-0064', 2, 60, 1, 565, '2024-12-21', NULL, 0, NULL, NULL, NULL, NULL, '2023-10-14 18:02:48', NULL),
	(438, 'PAG-20260705-0065', 2, 60, 1, 565, '2024-12-28', NULL, 0, NULL, NULL, NULL, NULL, '2023-10-14 18:02:48', NULL),
	(439, 'PAG-20260705-0066', 2, 60, 1, 565, '2025-01-04', NULL, 0, NULL, NULL, NULL, NULL, '2023-10-14 18:02:48', NULL),
	(440, 'PAG-20260705-0067', 2, 60, 1, 565, '2025-01-11', NULL, 0, NULL, NULL, NULL, NULL, '2023-10-14 18:02:48', NULL),
	(441, 'PAG-20260705-0068', 2, 60, 1, 565, '2025-01-18', NULL, 0, NULL, NULL, NULL, NULL, '2023-10-14 18:02:48', NULL),
	(442, 'PAG-20260705-0069', 2, 60, 1, 565, '2025-01-25', NULL, 0, NULL, NULL, NULL, NULL, '2023-10-14 18:02:48', NULL),
	(443, 'PAG-20260705-0070', 2, 60, 1, 565, '2025-02-01', NULL, 0, NULL, NULL, NULL, NULL, '2023-10-14 18:02:48', NULL),
	(444, 'PAG-20260705-0071', 2, 60, 1, 565, '2025-02-08', NULL, 0, NULL, NULL, NULL, NULL, '2023-10-14 18:02:48', NULL),
	(445, 'PAG-20260705-0072', 2, 60, 1, 565, '2025-02-15', NULL, 0, NULL, NULL, NULL, NULL, '2023-10-14 18:02:48', NULL),
	(446, 'PAG-20260705-0073', 2, 60, 1, 565, '2025-02-22', NULL, 0, NULL, NULL, NULL, NULL, '2023-10-14 18:02:48', NULL),
	(447, 'PAG-20260705-0074', 2, 60, 1, 565, '2025-03-01', NULL, 0, NULL, NULL, NULL, NULL, '2023-10-14 18:02:48', NULL),
	(448, 'PAG-20260705-0075', 2, 60, 1, 565, '2025-03-08', NULL, 0, NULL, NULL, NULL, NULL, '2023-10-14 18:02:48', NULL),
	(449, 'PAG-20260705-0076', 2, 60, 1, 565, '2025-03-15', NULL, 0, NULL, NULL, NULL, NULL, '2023-10-14 18:02:48', NULL),
	(450, 'PAG-20260705-0077', 2, 60, 1, 565, '2025-03-22', NULL, 0, NULL, NULL, NULL, NULL, '2023-10-14 18:02:48', NULL),
	(451, 'PAG-20260705-0078', 2, 60, 1, 565, '2025-03-29', NULL, 0, NULL, NULL, NULL, NULL, '2023-10-14 18:02:48', NULL),
	(452, 'PAG-20260705-0079', 2, 60, 1, 565, '2025-04-05', NULL, 0, NULL, NULL, NULL, NULL, '2023-10-14 18:02:48', NULL),
	(453, 'PAG-20260705-0080', 2, 60, 1, 565, '2025-04-12', NULL, 0, NULL, NULL, NULL, NULL, '2023-10-14 18:02:48', NULL),
	(454, 'PAG-20260705-0081', 2, 60, 1, 565, '2025-04-19', NULL, 0, NULL, NULL, NULL, NULL, '2023-10-14 18:02:48', NULL),
	(455, 'PAG-20260705-0082', 2, 60, 1, 565, '2025-04-26', NULL, 0, NULL, NULL, NULL, NULL, '2023-10-14 18:02:48', NULL),
	(456, 'PAG-20260705-0083', 2, 60, 1, 565, '2025-05-03', NULL, 0, NULL, NULL, NULL, NULL, '2023-10-14 18:02:48', NULL),
	(457, 'PAG-20260705-0084', 2, 60, 1, 565, '2025-05-10', NULL, 0, NULL, NULL, NULL, NULL, '2023-10-14 18:02:48', NULL),
	(458, 'PAG-20260705-0085', 2, 60, 1, 565, '2025-05-17', NULL, 0, NULL, NULL, NULL, NULL, '2023-10-14 18:02:48', NULL),
	(459, 'PAG-20260705-0086', 2, 60, 1, 565, '2025-05-24', NULL, 0, NULL, NULL, NULL, NULL, '2023-10-14 18:02:48', NULL),
	(460, 'PAG-20260705-0087', 2, 60, 1, 565, '2025-05-31', NULL, 0, NULL, NULL, NULL, NULL, '2023-10-14 18:02:48', NULL),
	(461, 'PAG-20260705-0088', 2, 60, 1, 565, '2025-06-07', NULL, 0, NULL, NULL, NULL, NULL, '2023-10-14 18:02:48', NULL),
	(462, 'PAG-20260705-0089', 2, 60, 1, 565, '2025-06-14', NULL, 0, NULL, NULL, NULL, NULL, '2023-10-14 18:02:48', NULL),
	(463, 'PAG-20260705-0090', 2, 60, 1, 565, '2025-06-21', NULL, 0, NULL, NULL, NULL, NULL, '2023-10-14 18:02:48', NULL),
	(464, 'PAG-20260705-0091', 2, 60, 1, 565, '2025-06-28', NULL, 0, NULL, NULL, NULL, NULL, '2023-10-14 18:02:48', NULL),
	(465, 'PAG-20260705-0092', 2, 60, 1, 565, '2025-07-05', NULL, 0, NULL, NULL, NULL, NULL, '2023-10-14 18:02:48', NULL),
	(466, 'PAG-20260705-0093', 2, 60, 1, 565, '2025-07-12', NULL, 0, NULL, NULL, NULL, NULL, '2023-10-14 18:02:48', NULL),
	(467, 'PAG-20260705-0094', 2, 60, 1, 565, '2025-07-19', NULL, 0, NULL, NULL, NULL, NULL, '2023-10-14 18:02:48', NULL),
	(468, 'PAG-20260705-0095', 2, 60, 1, 565, '2025-07-26', NULL, 0, NULL, NULL, NULL, NULL, '2023-10-14 18:02:48', NULL),
	(469, 'PAG-20260705-0096', 2, 60, 1, 565, '2025-08-02', NULL, 0, NULL, NULL, NULL, NULL, '2023-10-14 18:02:48', NULL),
	(470, 'PAG-20260705-0097', 2, 60, 1, 565, '2025-08-09', NULL, 0, NULL, NULL, NULL, NULL, '2023-10-14 18:02:48', NULL),
	(471, 'PAG-20260705-0098', 2, 60, 1, 565, '2025-08-16', NULL, 0, NULL, NULL, NULL, NULL, '2023-10-14 18:02:48', NULL),
	(472, 'PAG-20260705-0099', 2, 60, 1, 565, '2025-08-23', NULL, 0, NULL, NULL, NULL, NULL, '2023-10-14 18:02:48', NULL),
	(473, 'PAG-20260705-0100', 2, 60, 1, 565, '2025-08-30', NULL, 0, NULL, NULL, NULL, NULL, '2023-10-14 18:02:48', NULL),
	(474, 'PAG-20260705-0101', 2, 60, 1, 565, '2025-09-06', NULL, 0, NULL, NULL, NULL, NULL, '2023-10-14 18:02:48', NULL),
	(475, 'PAG-20260705-0102', 2, 60, 1, 565, '2025-09-13', NULL, 0, NULL, NULL, NULL, NULL, '2023-10-14 18:02:48', NULL),
	(476, 'PAG-20260705-0103', 2, 60, 1, 565, '2025-09-20', NULL, 0, NULL, NULL, NULL, NULL, '2023-10-14 18:02:48', NULL),
	(477, 'PAG-20260705-0104', 2, 60, 1, 565, '2025-09-27', NULL, 0, NULL, NULL, NULL, NULL, '2023-10-14 18:02:48', NULL),
	(478, 'PAG-20260705-0105', 2, 60, 1, 565, '2025-10-04', NULL, 0, NULL, NULL, NULL, NULL, '2023-10-14 18:02:48', NULL),
	(479, 'PAG-20260705-0106', 2, 60, 1, 565, '2025-10-11', NULL, 0, NULL, NULL, NULL, NULL, '2023-10-14 18:02:48', NULL),
	(480, 'PAG-20260705-0107', 2, 60, 1, 565, '2025-10-18', NULL, 0, NULL, NULL, NULL, NULL, '2023-10-14 18:02:48', NULL),
	(481, 'PAG-20260705-0108', 2, 60, 1, 565, '2025-10-25', NULL, 0, NULL, NULL, NULL, NULL, '2023-10-14 18:02:48', NULL),
	(482, 'PAG-20260705-0109', 2, 60, 1, 565, '2025-11-01', NULL, 0, NULL, NULL, NULL, NULL, '2023-10-14 18:02:48', NULL),
	(483, 'PAG-20260705-0110', 2, 60, 1, 565, '2025-11-08', NULL, 0, NULL, NULL, NULL, NULL, '2023-10-14 18:02:48', NULL),
	(484, 'PAG-20260705-0111', 2, 60, 1, 565, '2025-11-15', NULL, 0, NULL, NULL, NULL, NULL, '2023-10-14 18:02:48', NULL),
	(485, 'PAG-20260705-0112', 2, 60, 1, 565, '2025-11-22', NULL, 0, NULL, NULL, NULL, NULL, '2023-10-14 18:02:48', NULL),
	(486, 'PAG-20260705-0113', 2, 60, 1, 565, '2025-11-29', NULL, 0, NULL, NULL, NULL, NULL, '2023-10-14 18:02:48', NULL),
	(487, 'PAG-20260705-0114', 2, 60, 1, 565, '2025-12-06', NULL, 0, NULL, NULL, NULL, NULL, '2023-10-14 18:02:48', NULL),
	(488, 'PAG-20260705-0115', 2, 60, 1, 565, '2025-12-13', NULL, 0, NULL, NULL, NULL, NULL, '2023-10-14 18:02:48', NULL),
	(489, 'PAG-20260705-0116', 2, 60, 1, 565, '2025-12-20', NULL, 0, NULL, NULL, NULL, NULL, '2023-10-14 18:02:48', NULL),
	(490, 'PAG-20260705-0117', 2, 60, 1, 565, '2025-12-27', NULL, 0, NULL, NULL, NULL, NULL, '2023-10-14 18:02:48', NULL),
	(491, 'PAG-20260705-0118', 2, 60, 1, 565, '2026-01-03', NULL, 0, NULL, NULL, NULL, NULL, '2023-10-14 18:02:48', NULL),
	(492, 'PAG-20260705-0119', 2, 60, 1, 565, '2026-01-10', NULL, 0, NULL, NULL, NULL, NULL, '2023-10-14 18:02:48', NULL),
	(493, 'PAG-20260705-0120', 2, 60, 1, 565, '2026-01-17', NULL, 0, NULL, NULL, NULL, NULL, '2023-10-14 18:02:48', NULL),
	(494, 'PAG-20260705-0121', 2, 60, 1, 565, '2026-01-24', NULL, 0, NULL, NULL, NULL, NULL, '2023-10-14 18:02:48', NULL),
	(495, 'PAG-20260705-0122', 2, 60, 1, 565, '2026-01-31', NULL, 0, NULL, NULL, NULL, NULL, '2023-10-14 18:02:48', NULL),
	(496, 'PAG-20260705-0123', 2, 60, 1, 565, '2026-02-07', NULL, 0, NULL, NULL, NULL, NULL, '2023-10-14 18:02:48', NULL),
	(497, 'PAG-20260705-0124', 2, 60, 1, 565, '2026-02-14', NULL, 0, NULL, NULL, NULL, NULL, '2023-10-14 18:02:48', NULL),
	(498, 'PAG-20260705-0125', 2, 60, 1, 565, '2026-02-21', NULL, 0, NULL, NULL, NULL, NULL, '2023-10-14 18:02:48', NULL),
	(499, 'PAG-20260705-0126', 2, 60, 1, 565, '2026-02-28', NULL, 0, NULL, NULL, NULL, NULL, '2023-10-14 18:02:48', NULL),
	(500, 'PAG-20260705-0127', 2, 60, 1, 565, '2026-03-07', NULL, 0, NULL, NULL, NULL, NULL, '2023-10-14 18:02:48', NULL),
	(501, 'PAG-20260705-0128', 2, 60, 1, 565, '2026-03-14', NULL, 0, NULL, NULL, NULL, NULL, '2023-10-14 18:02:48', NULL),
	(502, 'PAG-20260705-0129', 2, 60, 1, 565, '2026-03-21', NULL, 0, NULL, NULL, NULL, NULL, '2023-10-14 18:02:48', NULL),
	(503, 'PAG-20260705-0130', 2, 60, 1, 565, '2026-03-28', NULL, 0, NULL, NULL, NULL, NULL, '2023-10-14 18:02:48', NULL),
	(504, 'PAG-20260705-0131', 2, 60, 1, 565, '2026-04-04', NULL, 0, NULL, NULL, NULL, NULL, '2023-10-14 18:02:48', NULL),
	(505, 'PAG-20260705-0132', 2, 60, 1, 565, '2026-04-11', NULL, 0, NULL, NULL, NULL, NULL, '2023-10-14 18:02:48', NULL),
	(506, 'PAG-20260705-0133', 2, 60, 1, 565, '2026-04-18', NULL, 0, NULL, NULL, NULL, NULL, '2023-10-14 18:02:48', NULL),
	(507, 'PAG-20260705-0134', 2, 60, 1, 565, '2026-04-25', NULL, 0, NULL, NULL, NULL, NULL, '2023-10-14 18:02:48', NULL),
	(508, 'PAG-20260705-0135', 2, 60, 1, 565, '2026-05-02', NULL, 0, NULL, NULL, NULL, NULL, '2023-10-14 18:02:48', NULL),
	(509, 'PAG-20260705-0136', 2, 60, 1, 565, '2026-05-09', NULL, 0, NULL, NULL, NULL, NULL, '2023-10-14 18:02:48', NULL),
	(510, 'PAG-20260705-0137', 2, 60, 1, 565, '2026-05-16', NULL, 0, NULL, NULL, NULL, NULL, '2023-10-14 18:02:48', NULL),
	(511, 'PAG-20260705-0138', 2, 60, 1, 565, '2026-05-23', NULL, 0, NULL, NULL, NULL, NULL, '2023-10-14 18:02:48', NULL),
	(512, 'PAG-20260705-0139', 2, 60, 1, 565, '2026-05-30', NULL, 0, NULL, NULL, NULL, NULL, '2023-10-14 18:02:48', NULL),
	(513, 'PAG-20260705-0140', 2, 60, 1, 565, '2026-06-06', NULL, 0, NULL, NULL, NULL, NULL, '2023-10-14 18:02:48', NULL),
	(514, 'PAG-20260705-0141', 2, 60, 1, 565, '2026-06-13', NULL, 0, NULL, NULL, NULL, NULL, '2023-10-14 18:02:48', NULL),
	(515, 'PAG-20260705-0142', 2, 60, 1, 565, '2026-06-20', NULL, 0, NULL, NULL, NULL, NULL, '2023-10-14 18:02:48', NULL),
	(516, 'PAG-20260705-0143', 2, 60, 1, 565, '2026-06-27', NULL, 0, NULL, NULL, NULL, NULL, '2023-10-14 18:02:48', NULL),
	(517, 'PAG-20260705-0144', 2, 60, 1, 565, '2026-07-04', NULL, 0, NULL, NULL, NULL, NULL, '2023-10-14 18:02:48', NULL),
	(518, 'PAG-20240218-0001', 2, 61, 1, 34545, '2023-11-04', NULL, 0, NULL, NULL, NULL, NULL, '2023-10-14 18:04:50', NULL),
	(519, 'PAG-20240218-0002', 2, 61, 1, 34545, '2023-11-11', NULL, 0, NULL, NULL, NULL, NULL, '2023-10-14 18:04:50', NULL),
	(520, 'PAG-20240218-0003', 2, 61, 1, 34545, '2023-11-18', NULL, 0, NULL, NULL, NULL, NULL, '2023-10-14 18:04:50', NULL),
	(521, 'PAG-20240218-0004', 2, 61, 1, 34545, '2023-11-25', NULL, 0, NULL, NULL, NULL, NULL, '2023-10-14 18:04:50', NULL),
	(522, 'PAG-20240218-0005', 2, 61, 1, 34545, '2023-12-02', NULL, 0, NULL, NULL, NULL, NULL, '2023-10-14 18:04:50', NULL),
	(523, 'PAG-20240218-0006', 2, 61, 1, 34545, '2023-12-09', NULL, 0, NULL, NULL, NULL, NULL, '2023-10-14 18:04:50', NULL),
	(524, 'PAG-20240218-0007', 2, 61, 1, 34545, '2023-12-16', NULL, 0, NULL, NULL, NULL, NULL, '2023-10-14 18:04:50', NULL),
	(525, 'PAG-20240218-0008', 2, 61, 1, 34545, '2023-12-23', NULL, 0, NULL, NULL, NULL, NULL, '2023-10-14 18:04:50', NULL),
	(526, 'PAG-20240218-0009', 2, 61, 1, 34545, '2023-12-30', NULL, 0, NULL, NULL, NULL, NULL, '2023-10-14 18:04:50', NULL),
	(527, 'PAG-20240218-0010', 2, 61, 1, 34545, '2024-01-06', NULL, 0, NULL, NULL, NULL, NULL, '2023-10-14 18:04:50', NULL),
	(528, 'PAG-20240218-0011', 2, 61, 1, 34545, '2024-01-13', NULL, 0, NULL, NULL, NULL, NULL, '2023-10-14 18:04:50', NULL),
	(529, 'PAG-20240218-0012', 2, 61, 1, 34545, '2024-01-20', NULL, 0, NULL, NULL, NULL, NULL, '2023-10-14 18:04:50', NULL),
	(530, 'PAG-20240218-0013', 2, 61, 1, 34545, '2024-01-27', NULL, 0, NULL, NULL, NULL, NULL, '2023-10-14 18:04:50', NULL),
	(531, 'PAG-20240218-0014', 2, 61, 1, 34545, '2024-02-03', NULL, 0, NULL, NULL, NULL, NULL, '2023-10-14 18:04:50', NULL),
	(532, 'PAG-20240218-0015', 2, 61, 1, 34545, '2024-02-10', NULL, 0, NULL, NULL, NULL, NULL, '2023-10-14 18:04:50', NULL),
	(533, 'PAG-20240218-0016', 2, 61, 1, 34545, '2024-02-17', NULL, 0, NULL, NULL, NULL, NULL, '2023-10-14 18:04:51', NULL),
	(534, 'PAG-20241020-0001', 3, 62, 1, 345345, '2023-08-05', NULL, 0, NULL, NULL, NULL, NULL, '2023-10-14 18:06:17', NULL),
	(535, 'PAG-20241020-0002', 3, 62, 1, 345345, '2023-08-12', NULL, 0, NULL, NULL, NULL, NULL, '2023-10-14 18:06:17', NULL),
	(536, 'PAG-20241020-0003', 3, 62, 1, 345345, '2023-08-19', NULL, 0, NULL, NULL, NULL, NULL, '2023-10-14 18:06:17', NULL),
	(537, 'PAG-20241020-0004', 3, 62, 1, 345345, '2023-08-26', NULL, 0, NULL, NULL, NULL, NULL, '2023-10-14 18:06:17', NULL),
	(538, 'PAG-20241020-0005', 3, 62, 1, 345345, '2023-09-02', NULL, 0, NULL, NULL, NULL, NULL, '2023-10-14 18:06:17', NULL),
	(539, 'PAG-20241020-0006', 3, 62, 1, 345345, '2023-09-09', NULL, 0, NULL, NULL, NULL, NULL, '2023-10-14 18:06:17', NULL),
	(540, 'PAG-20241020-0007', 3, 62, 1, 345345, '2023-09-16', NULL, 0, NULL, NULL, NULL, NULL, '2023-10-14 18:06:17', NULL),
	(541, 'PAG-20241020-0008', 3, 62, 1, 345345, '2023-09-23', NULL, 0, NULL, NULL, NULL, NULL, '2023-10-14 18:06:17', NULL),
	(542, 'PAG-20241020-0009', 3, 62, 1, 345345, '2023-09-30', NULL, 0, NULL, NULL, NULL, NULL, '2023-10-14 18:06:17', NULL),
	(543, 'PAG-20241020-0010', 3, 62, 1, 345345, '2023-10-07', NULL, 0, NULL, NULL, NULL, NULL, '2023-10-14 18:06:17', NULL),
	(544, 'PAG-20241020-0011', 3, 62, 1, 345345, '2023-10-14', NULL, 0, NULL, NULL, NULL, NULL, '2023-10-14 18:06:17', NULL),
	(545, 'PAG-20241020-0012', 3, 62, 1, 345345, '2023-10-21', NULL, 0, NULL, NULL, NULL, NULL, '2023-10-14 18:06:17', NULL),
	(546, 'PAG-20241020-0013', 3, 62, 1, 345345, '2023-10-28', NULL, 0, NULL, NULL, NULL, NULL, '2023-10-14 18:06:17', NULL),
	(547, 'PAG-20241020-0014', 3, 62, 1, 345345, '2023-11-04', NULL, 0, NULL, NULL, NULL, NULL, '2023-10-14 18:06:17', NULL),
	(548, 'PAG-20241020-0015', 3, 62, 1, 345345, '2023-11-11', NULL, 0, NULL, NULL, NULL, NULL, '2023-10-14 18:06:17', NULL),
	(549, 'PAG-20241020-0016', 3, 62, 1, 345345, '2023-11-18', NULL, 0, NULL, NULL, NULL, NULL, '2023-10-14 18:06:17', NULL),
	(550, 'PAG-20241020-0017', 3, 62, 1, 345345, '2023-11-25', NULL, 0, NULL, NULL, NULL, NULL, '2023-10-14 18:06:17', NULL),
	(551, 'PAG-20241020-0018', 3, 62, 1, 345345, '2023-12-02', NULL, 0, NULL, NULL, NULL, NULL, '2023-10-14 18:06:17', NULL),
	(552, 'PAG-20241020-0019', 3, 62, 1, 345345, '2023-12-09', NULL, 0, NULL, NULL, NULL, NULL, '2023-10-14 18:06:17', NULL),
	(553, 'PAG-20241020-0020', 3, 62, 1, 345345, '2023-12-16', NULL, 0, NULL, NULL, NULL, NULL, '2023-10-14 18:06:17', NULL),
	(554, 'PAG-20241020-0021', 3, 62, 1, 345345, '2023-12-23', NULL, 0, NULL, NULL, NULL, NULL, '2023-10-14 18:06:17', NULL),
	(555, 'PAG-20241020-0022', 3, 62, 1, 345345, '2023-12-30', NULL, 0, NULL, NULL, NULL, NULL, '2023-10-14 18:06:17', NULL),
	(556, 'PAG-20241020-0023', 3, 62, 1, 345345, '2024-01-06', NULL, 0, NULL, NULL, NULL, NULL, '2023-10-14 18:06:17', NULL),
	(557, 'PAG-20241020-0024', 3, 62, 1, 345345, '2024-01-13', NULL, 0, NULL, NULL, NULL, NULL, '2023-10-14 18:06:17', NULL),
	(558, 'PAG-20241020-0025', 3, 62, 1, 345345, '2024-01-20', NULL, 0, NULL, NULL, NULL, NULL, '2023-10-14 18:06:17', NULL),
	(559, 'PAG-20241020-0026', 3, 62, 1, 345345, '2024-01-27', NULL, 0, NULL, NULL, NULL, NULL, '2023-10-14 18:06:17', NULL),
	(560, 'PAG-20241020-0027', 3, 62, 1, 345345, '2024-02-03', NULL, 0, NULL, NULL, NULL, NULL, '2023-10-14 18:06:17', NULL),
	(561, 'PAG-20241020-0028', 3, 62, 1, 345345, '2024-02-10', NULL, 0, NULL, NULL, NULL, NULL, '2023-10-14 18:06:17', NULL),
	(562, 'PAG-20241020-0029', 3, 62, 1, 345345, '2024-02-17', NULL, 0, NULL, NULL, NULL, NULL, '2023-10-14 18:06:17', NULL),
	(563, 'PAG-20241020-0030', 3, 62, 1, 345345, '2024-02-24', NULL, 0, NULL, NULL, NULL, NULL, '2023-10-14 18:06:17', NULL),
	(564, 'PAG-20241020-0031', 3, 62, 1, 345345, '2024-03-02', NULL, 0, NULL, NULL, NULL, NULL, '2023-10-14 18:06:17', NULL),
	(565, 'PAG-20241020-0032', 3, 62, 1, 345345, '2024-03-09', NULL, 0, NULL, NULL, NULL, NULL, '2023-10-14 18:06:17', NULL),
	(566, 'PAG-20241020-0033', 3, 62, 1, 345345, '2024-03-16', NULL, 0, NULL, NULL, NULL, NULL, '2023-10-14 18:06:17', NULL),
	(567, 'PAG-20241020-0034', 3, 62, 1, 345345, '2024-03-23', NULL, 0, NULL, NULL, NULL, NULL, '2023-10-14 18:06:17', NULL),
	(568, 'PAG-20241020-0035', 3, 62, 1, 345345, '2024-03-30', NULL, 0, NULL, NULL, NULL, NULL, '2023-10-14 18:06:17', NULL),
	(569, 'PAG-20241020-0036', 3, 62, 1, 345345, '2024-04-06', NULL, 0, NULL, NULL, NULL, NULL, '2023-10-14 18:06:17', NULL),
	(570, 'PAG-20241020-0037', 3, 62, 1, 345345, '2024-04-13', NULL, 0, NULL, NULL, NULL, NULL, '2023-10-14 18:06:17', NULL),
	(571, 'PAG-20241020-0038', 3, 62, 1, 345345, '2024-04-20', NULL, 0, NULL, NULL, NULL, NULL, '2023-10-14 18:06:17', NULL),
	(572, 'PAG-20241020-0039', 3, 62, 1, 345345, '2024-04-27', NULL, 0, NULL, NULL, NULL, NULL, '2023-10-14 18:06:17', NULL),
	(573, 'PAG-20241020-0040', 3, 62, 1, 345345, '2024-05-04', NULL, 0, NULL, NULL, NULL, NULL, '2023-10-14 18:06:17', NULL),
	(574, 'PAG-20241020-0041', 3, 62, 1, 345345, '2024-05-11', NULL, 0, NULL, NULL, NULL, NULL, '2023-10-14 18:06:17', NULL),
	(575, 'PAG-20241020-0042', 3, 62, 1, 345345, '2024-05-18', NULL, 0, NULL, NULL, NULL, NULL, '2023-10-14 18:06:17', NULL),
	(576, 'PAG-20241020-0043', 3, 62, 1, 345345, '2024-05-25', NULL, 0, NULL, NULL, NULL, NULL, '2023-10-14 18:06:17', NULL),
	(577, 'PAG-20241020-0044', 3, 62, 1, 345345, '2024-06-01', NULL, 0, NULL, NULL, NULL, NULL, '2023-10-14 18:06:17', NULL),
	(578, 'PAG-20241020-0045', 3, 62, 1, 345345, '2024-06-08', NULL, 0, NULL, NULL, NULL, NULL, '2023-10-14 18:06:17', NULL),
	(579, 'PAG-20241020-0046', 3, 62, 1, 345345, '2024-06-15', NULL, 0, NULL, NULL, NULL, NULL, '2023-10-14 18:06:17', NULL),
	(580, 'PAG-20241020-0047', 3, 62, 1, 345345, '2024-06-22', NULL, 0, NULL, NULL, NULL, NULL, '2023-10-14 18:06:17', NULL),
	(581, 'PAG-20241020-0048', 3, 62, 1, 345345, '2024-06-29', NULL, 0, NULL, NULL, NULL, NULL, '2023-10-14 18:06:17', NULL),
	(582, 'PAG-20241020-0049', 3, 62, 1, 345345, '2024-07-06', NULL, 0, NULL, NULL, NULL, NULL, '2023-10-14 18:06:17', NULL),
	(583, 'PAG-20241020-0050', 3, 62, 1, 345345, '2024-07-13', NULL, 0, NULL, NULL, NULL, NULL, '2023-10-14 18:06:17', NULL),
	(584, 'PAG-20241020-0051', 3, 62, 1, 345345, '2024-07-20', NULL, 0, NULL, NULL, NULL, NULL, '2023-10-14 18:06:17', NULL),
	(585, 'PAG-20241020-0052', 3, 62, 1, 345345, '2024-07-27', NULL, 0, NULL, NULL, NULL, NULL, '2023-10-14 18:06:17', NULL),
	(586, 'PAG-20241020-0053', 3, 62, 1, 345345, '2024-08-03', NULL, 0, NULL, NULL, NULL, NULL, '2023-10-14 18:06:17', NULL),
	(587, 'PAG-20241020-0054', 3, 62, 1, 345345, '2024-08-10', NULL, 0, NULL, NULL, NULL, NULL, '2023-10-14 18:06:17', NULL),
	(588, 'PAG-20241020-0055', 3, 62, 1, 345345, '2024-08-17', NULL, 0, NULL, NULL, NULL, NULL, '2023-10-14 18:06:17', NULL),
	(589, 'PAG-20241020-0056', 3, 62, 1, 345345, '2024-08-24', NULL, 0, NULL, NULL, NULL, NULL, '2023-10-14 18:06:17', NULL),
	(590, 'PAG-20241020-0057', 3, 62, 1, 345345, '2024-08-31', NULL, 0, NULL, NULL, NULL, NULL, '2023-10-14 18:06:17', NULL),
	(591, 'PAG-20241020-0058', 3, 62, 1, 345345, '2024-09-07', NULL, 0, NULL, NULL, NULL, NULL, '2023-10-14 18:06:17', NULL),
	(592, 'PAG-20241020-0059', 3, 62, 1, 345345, '2024-09-14', NULL, 0, NULL, NULL, NULL, NULL, '2023-10-14 18:06:17', NULL),
	(593, 'PAG-20241020-0060', 3, 62, 1, 345345, '2024-09-21', NULL, 0, NULL, NULL, NULL, NULL, '2023-10-14 18:06:17', NULL),
	(594, 'PAG-20241020-0061', 3, 62, 1, 345345, '2024-09-28', NULL, 0, NULL, NULL, NULL, NULL, '2023-10-14 18:06:17', NULL),
	(595, 'PAG-20241020-0062', 3, 62, 1, 345345, '2024-10-05', NULL, 0, NULL, NULL, NULL, NULL, '2023-10-14 18:06:17', NULL),
	(596, 'PAG-20241020-0063', 3, 62, 1, 345345, '2024-10-12', NULL, 0, NULL, NULL, NULL, NULL, '2023-10-14 18:06:17', NULL),
	(597, 'PAG-20241020-0064', 3, 62, 1, 345345, '2024-10-19', NULL, 0, NULL, NULL, NULL, NULL, '2023-10-14 18:06:17', NULL);
/*!40000 ALTER TABLE `pagos` ENABLE KEYS */;

-- Volcando estructura para tabla mip.pais
CREATE TABLE IF NOT EXISTS `pais` (
  `id` int(10) unsigned NOT NULL AUTO_INCREMENT,
  `pais` varchar(30) COLLATE utf8mb4_unicode_ci NOT NULL,
  `postal` varchar(10) COLLATE utf8mb4_unicode_ci DEFAULT NULL,
  `gentilicio` varchar(50) COLLATE utf8mb4_unicode_ci DEFAULT NULL,
  `imagen` varchar(255) COLLATE utf8mb4_unicode_ci DEFAULT NULL,
  `created_at` timestamp NULL DEFAULT NULL,
  `updated_at` timestamp NULL DEFAULT NULL,
  PRIMARY KEY (`id`)
) ENGINE=InnoDB AUTO_INCREMENT=2 DEFAULT CHARSET=utf8mb4 COLLATE=utf8mb4_unicode_ci;

-- Volcando datos para la tabla mip.pais: ~0 rows (aproximadamente)
DELETE FROM `pais`;
/*!40000 ALTER TABLE `pais` DISABLE KEYS */;
INSERT INTO `pais` (`id`, `pais`, `postal`, `gentilicio`, `imagen`, `created_at`, `updated_at`) VALUES
	(1, 'PERÚ', '+51', 'PERUANO/A', 'uploads/2023-09/20230923_10150318.jpg', '2023-09-06 21:41:22', '2023-09-23 15:15:03');
/*!40000 ALTER TABLE `pais` ENABLE KEYS */;

-- Volcando estructura para tabla mip.periodo_pagos
CREATE TABLE IF NOT EXISTS `periodo_pagos` (
  `id` int(10) unsigned NOT NULL AUTO_INCREMENT,
  `nombre` varchar(30) COLLATE utf8mb4_unicode_ci NOT NULL,
  `dia_pago` int(10) unsigned NOT NULL,
  `color` varchar(30) COLLATE utf8mb4_unicode_ci NOT NULL,
  `created_at` timestamp NULL DEFAULT NULL,
  `updated_at` timestamp NULL DEFAULT NULL,
  PRIMARY KEY (`id`)
) ENGINE=InnoDB AUTO_INCREMENT=7 DEFAULT CHARSET=utf8mb4 COLLATE=utf8mb4_unicode_ci;

-- Volcando datos para la tabla mip.periodo_pagos: ~6 rows (aproximadamente)
DELETE FROM `periodo_pagos`;
/*!40000 ALTER TABLE `periodo_pagos` DISABLE KEYS */;
INSERT INTO `periodo_pagos` (`id`, `nombre`, `dia_pago`, `color`, `created_at`, `updated_at`) VALUES
	(1, 'ANUAL', 0, 'success', '2023-06-17 19:55:04', NULL),
	(2, 'MENSUAL', 28, 'primary', '2023-06-17 19:55:33', '2023-09-23 14:51:19'),
	(3, 'QUINCENAL', 14, 'warning', '2023-06-17 19:56:05', '2023-09-23 14:51:45'),
	(4, 'SEMANAL', 6, 'danger', '2023-06-17 19:56:22', '2023-06-18 02:03:05'),
	(5, 'POR ENTREGA', 0, 'info', '2023-06-17 19:56:39', NULL),
	(6, 'DIARIO', 1, 'secondary', '2023-10-06 14:19:37', NULL);
/*!40000 ALTER TABLE `periodo_pagos` ENABLE KEYS */;

-- Volcando estructura para tabla mip.provincias
CREATE TABLE IF NOT EXISTS `provincias` (
  `id` int(10) unsigned NOT NULL AUTO_INCREMENT,
  `provincia` varchar(70) COLLATE utf8mb4_unicode_ci DEFAULT NULL,
  `id_departamento` int(10) unsigned NOT NULL DEFAULT '0',
  `created_at` timestamp NULL DEFAULT NULL,
  `updated_at` timestamp NULL DEFAULT NULL,
  PRIMARY KEY (`id`)
) ENGINE=InnoDB AUTO_INCREMENT=194 DEFAULT CHARSET=utf8mb4 COLLATE=utf8mb4_unicode_ci;

-- Volcando datos para la tabla mip.provincias: ~193 rows (aproximadamente)
DELETE FROM `provincias`;
/*!40000 ALTER TABLE `provincias` DISABLE KEYS */;
INSERT INTO `provincias` (`id`, `provincia`, `id_departamento`, `created_at`, `updated_at`) VALUES
	(1, 'CHACHAPOYAS ', 1, NULL, NULL),
	(2, 'BAGUA', 1, NULL, NULL),
	(3, 'BONGARA', 1, NULL, NULL),
	(4, 'CONDORCANQUI', 1, NULL, NULL),
	(5, 'LUYA', 1, NULL, NULL),
	(6, 'RODRIGUEZ DE MENDOZA', 1, NULL, NULL),
	(7, 'UTCUBAMBA', 1, NULL, NULL),
	(8, 'HUARAZ', 2, NULL, NULL),
	(9, 'AIJA', 2, NULL, NULL),
	(10, 'ANTONIO RAYMONDI', 2, NULL, NULL),
	(11, 'ASUNCION', 2, NULL, NULL),
	(12, 'BOLOGNESI', 2, NULL, NULL),
	(13, 'CARHUAZ', 2, NULL, NULL),
	(14, 'CARLOS FERMIN FITZCARRALD', 2, NULL, NULL),
	(15, 'CASMA', 2, NULL, NULL),
	(16, 'CORONGO', 2, NULL, NULL),
	(17, 'HUARI', 2, NULL, NULL),
	(18, 'HUARMEY', 2, NULL, NULL),
	(19, 'HUAYLAS', 2, NULL, NULL),
	(20, 'MARISCAL LUZURIAGA', 2, NULL, NULL),
	(21, 'OCROS', 2, NULL, NULL),
	(22, 'PALLASCA', 2, NULL, NULL),
	(23, 'POMABAMBA', 2, NULL, NULL),
	(24, 'RECUAY', 2, NULL, NULL),
	(25, 'SANTA', 2, NULL, NULL),
	(26, 'SIHUAS', 2, NULL, '2023-03-23 13:45:09'),
	(27, 'YUNGAY', 2, NULL, NULL),
	(28, 'ABANCAY', 3, NULL, NULL),
	(29, 'ANDAHUAYLAS', 3, NULL, NULL),
	(30, 'ANTABAMBA', 3, NULL, NULL),
	(31, 'AYMARAES', 3, NULL, NULL),
	(32, 'COTABAMBAS', 3, NULL, NULL),
	(33, 'CHINCHEROS', 3, NULL, NULL),
	(34, 'GRAU', 3, NULL, NULL),
	(35, 'AREQUIPA', 4, NULL, NULL),
	(36, 'CAMANA', 4, NULL, NULL),
	(37, 'CARAVELI', 4, NULL, NULL),
	(38, 'CASTILLA', 4, NULL, NULL),
	(39, 'CAYLLOMA', 4, NULL, NULL),
	(40, 'CONDESUYOS', 4, NULL, NULL),
	(41, 'ISLAY', 4, NULL, NULL),
	(42, 'LA UNION', 4, NULL, NULL),
	(43, 'HUAMANGA', 5, NULL, NULL),
	(44, 'CANGALLO', 5, NULL, NULL),
	(45, 'HUANCA SANCOS', 5, NULL, NULL),
	(46, 'HUANTA', 5, NULL, NULL),
	(47, 'LA MAR', 5, NULL, NULL),
	(48, 'LUCANAS', 5, NULL, NULL),
	(49, 'PARINACOCHAS', 5, NULL, NULL),
	(50, 'PAUCAR DEL SARA SARA', 5, NULL, NULL),
	(51, 'SUCRE', 5, NULL, NULL),
	(52, 'VICTOR FAJARDO', 5, NULL, NULL),
	(53, 'VILCAS HUAMAN', 5, NULL, NULL),
	(54, 'CAJAMARCA', 6, NULL, NULL),
	(55, 'CAJABAMBA', 6, NULL, NULL),
	(56, 'CELENDIN', 6, NULL, NULL),
	(57, 'CHOTA ', 6, NULL, NULL),
	(58, 'CONTUMAZA', 6, NULL, NULL),
	(59, 'CUTERVO', 6, NULL, NULL),
	(60, 'HUALGAYOC', 6, NULL, NULL),
	(61, 'JAEN', 6, NULL, NULL),
	(62, 'SAN IGNACIO', 6, NULL, NULL),
	(63, 'SAN MARCOS', 6, NULL, NULL),
	(64, 'SAN PABLO', 6, NULL, NULL),
	(65, 'SANTA CRUZ', 6, NULL, NULL),
	(66, 'CALLAO', 7, NULL, NULL),
	(67, 'CUSCO', 8, NULL, NULL),
	(68, 'ACOMAYO', 8, NULL, NULL),
	(69, 'ANTA', 8, NULL, NULL),
	(70, 'CALCA', 8, NULL, NULL),
	(71, 'CANAS', 8, NULL, NULL),
	(72, 'CANCHIS', 8, NULL, NULL),
	(73, 'CHUMBIVILCAS', 8, NULL, NULL),
	(74, 'ESPINAR', 8, NULL, NULL),
	(75, 'LA CONVENCION', 8, NULL, NULL),
	(76, 'PARURO', 8, NULL, NULL),
	(77, 'PAUCARTAMBO', 8, NULL, NULL),
	(78, 'QUISPICANCHI', 8, NULL, NULL),
	(79, 'URUBAMBA', 8, NULL, NULL),
	(80, 'HUANCAVELICA', 9, NULL, NULL),
	(81, 'ACOBAMBA', 9, NULL, NULL),
	(82, 'ANGARAES', 9, NULL, NULL),
	(83, 'CASTROVIRREYNA', 9, NULL, NULL),
	(84, 'CHURCAMPA', 9, NULL, NULL),
	(85, 'HUAYTARA', 9, NULL, NULL),
	(86, 'TAYACAJA', 9, NULL, NULL),
	(87, 'HUANUCO', 10, NULL, NULL),
	(88, 'AMBO', 10, NULL, NULL),
	(89, 'DOS DE MAYO', 10, NULL, NULL),
	(90, 'HUACAYBAMBA', 10, NULL, NULL),
	(91, 'HUAMALIES', 10, NULL, NULL),
	(92, 'LEONCIO PRADO', 10, NULL, NULL),
	(93, 'MARA&Ntilde;ON', 10, NULL, NULL),
	(94, 'PACHITEA', 10, NULL, NULL),
	(95, 'PUERTO INCA', 10, NULL, NULL),
	(96, 'LAURICOCHA', 10, NULL, NULL),
	(97, 'YAROWILCA', 10, NULL, NULL),
	(98, 'ICA', 11, NULL, NULL),
	(99, 'CHINCHA', 11, NULL, NULL),
	(100, 'NAZCA', 11, NULL, NULL),
	(101, 'PALPA', 11, NULL, NULL),
	(102, 'PISCO', 11, NULL, NULL),
	(103, 'HUANCAYO', 12, NULL, NULL),
	(104, 'CONCEPCION', 12, NULL, NULL),
	(105, 'CHANCHAMAYO', 12, NULL, NULL),
	(106, 'JAUJA', 12, NULL, NULL),
	(107, 'JUNIN', 12, NULL, NULL),
	(108, 'SATIPO', 12, NULL, NULL),
	(109, 'TARMA', 12, NULL, NULL),
	(110, 'YAULI', 12, NULL, NULL),
	(111, 'CHUPACA', 12, NULL, NULL),
	(112, 'TRUJILLO', 13, NULL, NULL),
	(113, 'ASCOPE', 13, NULL, NULL),
	(114, 'BOLIVAR', 13, NULL, NULL),
	(115, 'CHEPEN', 13, NULL, NULL),
	(116, 'JULCAN', 13, NULL, NULL),
	(117, 'OTUZCO', 13, NULL, NULL),
	(118, 'PACASMAYO', 13, NULL, NULL),
	(119, 'PATAZ', 13, NULL, NULL),
	(120, 'SANCHEZ CARRION', 13, NULL, NULL),
	(121, 'SANTIAGO DE CHUCO', 13, NULL, NULL),
	(122, 'GRAN CHIMU', 13, NULL, NULL),
	(123, 'VIRU', 13, NULL, NULL),
	(124, 'CHICLAYO', 14, NULL, NULL),
	(125, 'FERRE&Ntilde;AFE', 14, NULL, NULL),
	(126, 'LAMBAYEQUE', 14, NULL, NULL),
	(127, 'LIMA', 15, NULL, NULL),
	(128, 'BARRANCA', 15, NULL, NULL),
	(129, 'CAJATAMBO', 15, NULL, NULL),
	(130, 'CANTA', 15, NULL, NULL),
	(131, 'CA&Ntilde;ETE', 15, NULL, NULL),
	(132, 'HUARAL', 15, NULL, NULL),
	(133, 'HUAROCHIRI', 15, NULL, NULL),
	(134, 'HUAURA', 15, NULL, NULL),
	(135, 'OYON', 15, NULL, NULL),
	(136, 'YAUYOS', 15, NULL, NULL),
	(137, 'MAYNAS', 16, NULL, NULL),
	(138, 'ALTO AMAZONAS', 16, NULL, NULL),
	(139, 'LORETO', 16, NULL, NULL),
	(140, 'MARISCAL RAMON CASTILLA', 16, NULL, NULL),
	(141, 'REQUENA', 16, NULL, NULL),
	(142, 'UCAYALI', 16, NULL, NULL),
	(143, 'TAMBOPATA', 17, NULL, NULL),
	(144, 'MANU', 17, NULL, NULL),
	(145, 'TAHUAMANU', 17, NULL, NULL),
	(146, 'MARISCAL NIETO', 18, NULL, NULL),
	(147, 'GENERAL SANCHEZ CERRO', 18, NULL, NULL),
	(148, 'ILO', 18, NULL, NULL),
	(149, 'PASCO', 19, NULL, NULL),
	(150, 'DANIEL ALCIDES CARRION', 19, NULL, NULL),
	(151, 'OXAPAMPA', 19, NULL, NULL),
	(152, 'PIURA', 20, NULL, NULL),
	(153, 'AYABACA', 20, NULL, NULL),
	(154, 'HUANCABAMBA', 20, NULL, NULL),
	(155, 'MORROPON', 20, NULL, NULL),
	(156, 'PAITA', 20, NULL, NULL),
	(157, 'SULLANA', 20, NULL, NULL),
	(158, 'TALARA', 20, NULL, NULL),
	(159, 'SECHURA', 20, NULL, NULL),
	(160, 'PUNO', 21, NULL, NULL),
	(161, 'AZANGARO', 21, NULL, NULL),
	(162, 'CARABAYA', 21, NULL, NULL),
	(163, 'CHUCUITO', 21, NULL, NULL),
	(164, 'EL COLLAO', 21, NULL, NULL),
	(165, 'HUANCANE', 21, NULL, NULL),
	(166, 'LAMPA', 21, NULL, NULL),
	(167, 'MELGAR', 21, NULL, NULL),
	(168, 'MOHO', 21, NULL, NULL),
	(169, 'SAN ANTONIO DE PUTINA', 21, NULL, NULL),
	(170, 'SAN ROMAN', 21, NULL, NULL),
	(171, 'SANDIA', 21, NULL, NULL),
	(172, 'YUNGUYO', 21, NULL, NULL),
	(173, 'MOYOBAMBA', 22, NULL, NULL),
	(174, 'BELLAVISTA', 22, NULL, NULL),
	(175, 'EL DORADO', 22, NULL, NULL),
	(176, 'HUALLAGA', 22, NULL, NULL),
	(177, 'LAMAS', 22, NULL, NULL),
	(178, 'MARISCAL CACERES', 22, NULL, NULL),
	(179, 'PICOTA', 22, NULL, NULL),
	(180, 'RIOJA', 22, NULL, NULL),
	(181, 'SAN MARTIN', 22, NULL, NULL),
	(182, 'TOCACHE', 22, NULL, NULL),
	(183, 'TACNA', 23, NULL, NULL),
	(184, 'CANDARAVE', 23, NULL, NULL),
	(185, 'JORGE BASADRE', 23, NULL, NULL),
	(186, 'TARATA', 23, NULL, NULL),
	(187, 'TUMBES', 24, NULL, NULL),
	(188, 'CONTRALMIRANTE VILLAR', 24, NULL, NULL),
	(189, 'ZARUMILLA', 24, NULL, NULL),
	(190, 'CORONEL PORTILLO', 25, NULL, NULL),
	(191, 'ATALAYA', 25, NULL, NULL),
	(192, 'PADRE ABAD', 25, NULL, NULL),
	(193, 'PURUS', 25, NULL, NULL);
/*!40000 ALTER TABLE `provincias` ENABLE KEYS */;

-- Volcando estructura para tabla mip.sedes
CREATE TABLE IF NOT EXISTS `sedes` (
  `id` int(10) unsigned NOT NULL AUTO_INCREMENT,
  `nombre` varchar(70) COLLATE utf8mb4_unicode_ci DEFAULT NULL,
  `nombre_corto` varchar(70) COLLATE utf8mb4_unicode_ci DEFAULT NULL,
  `codigo` varchar(20) COLLATE utf8mb4_unicode_ci DEFAULT NULL,
  `correo` varchar(50) COLLATE utf8mb4_unicode_ci DEFAULT NULL,
  `telefono` varchar(20) COLLATE utf8mb4_unicode_ci DEFAULT NULL,
  `celular` varchar(20) COLLATE utf8mb4_unicode_ci DEFAULT NULL,
  `id_moneda` int(10) unsigned NOT NULL DEFAULT '0',
  `color` varchar(30) COLLATE utf8mb4_unicode_ci DEFAULT 'secondary',
  `logo` varchar(255) COLLATE utf8mb4_unicode_ci DEFAULT NULL,
  `id_pais` int(10) unsigned NOT NULL DEFAULT '0',
  `id_departamento` int(10) unsigned NOT NULL DEFAULT '0',
  `id_provincia` int(10) unsigned NOT NULL DEFAULT '0',
  `id_distrito` int(10) unsigned NOT NULL DEFAULT '0',
  `direccion` varchar(150) COLLATE utf8mb4_unicode_ci DEFAULT NULL,
  `google_map` varchar(70) COLLATE utf8mb4_unicode_ci DEFAULT NULL,
  `id_estado` int(10) unsigned NOT NULL DEFAULT '0',
  `created_at` timestamp NULL DEFAULT NULL,
  `updated_at` timestamp NULL DEFAULT NULL,
  PRIMARY KEY (`id`)
) ENGINE=InnoDB AUTO_INCREMENT=3 DEFAULT CHARSET=utf8mb4 COLLATE=utf8mb4_unicode_ci;

-- Volcando datos para la tabla mip.sedes: ~2 rows (aproximadamente)
DELETE FROM `sedes`;
/*!40000 ALTER TABLE `sedes` DISABLE KEYS */;
INSERT INTO `sedes` (`id`, `nombre`, `nombre_corto`, `codigo`, `correo`, `telefono`, `celular`, `id_moneda`, `color`, `logo`, `id_pais`, `id_departamento`, `id_provincia`, `id_distrito`, `direccion`, `google_map`, `id_estado`, `created_at`, `updated_at`) VALUES
	(1, 'ASAMBLEAS DE DIOS DEL PERU EMANUEL', 'SEDE CENTRAL', 'EMSCE-00001', 'central@emanuel.com', NULL, NULL, 1, 'success', 'uploads/2023-08/20230830_13002019.png', 0, 0, 0, 0, 'Jr. José Savogal', 'https://goo.gl/maps/K9HCZgrUwCvj7fjy9', 1, '2023-08-26 17:40:57', '2023-08-30 23:44:55'),
	(2, 'ASAMBLEAS DE DIOS DEL PERÚ CCOLLANA', 'GRUPO CCOLLANA', 'EMGCC-00001', 'grupo_ccollana@emanuel.com', NULL, '987-789-123', 1, 'primary', 'uploads/2023-08/20230830_13000819.png', 0, 0, 0, 0, NULL, NULL, 1, '2023-08-26 17:43:59', '2023-08-30 23:43:10');
/*!40000 ALTER TABLE `sedes` ENABLE KEYS */;

-- Volcando estructura para tabla mip.sliders
CREATE TABLE IF NOT EXISTS `sliders` (
  `id` int(10) unsigned NOT NULL AUTO_INCREMENT,
  `titulo` varchar(30) COLLATE utf8mb4_unicode_ci NOT NULL,
  `texto` varchar(150) COLLATE utf8mb4_unicode_ci NOT NULL,
  `libro` varchar(70) COLLATE utf8mb4_unicode_ci NOT NULL,
  `id_mina` int(10) unsigned DEFAULT NULL,
  `id_yacimiento` int(10) unsigned DEFAULT NULL,
  `id_estado` int(10) unsigned DEFAULT '1',
  `id_user_create` int(10) unsigned DEFAULT NULL,
  `id_user_update` int(10) unsigned DEFAULT NULL,
  `created_at` timestamp NULL DEFAULT NULL,
  `updated_at` timestamp NULL DEFAULT NULL,
  PRIMARY KEY (`id`)
) ENGINE=InnoDB AUTO_INCREMENT=2 DEFAULT CHARSET=utf8mb4 COLLATE=utf8mb4_unicode_ci;

-- Volcando datos para la tabla mip.sliders: ~0 rows (aproximadamente)
DELETE FROM `sliders`;
/*!40000 ALTER TABLE `sliders` DISABLE KEYS */;
INSERT INTO `sliders` (`id`, `titulo`, `texto`, `libro`, `id_mina`, `id_yacimiento`, `id_estado`, `id_user_create`, `id_user_update`, `created_at`, `updated_at`) VALUES
	(1, 'RIQUEZA DEL CIELO', '', 'CITA', NULL, NULL, 1, 1, 1, '2023-10-01 21:53:59', NULL);
/*!40000 ALTER TABLE `sliders` ENABLE KEYS */;

-- Volcando estructura para tabla mip.tiempo_contratos
CREATE TABLE IF NOT EXISTS `tiempo_contratos` (
  `id` int(11) NOT NULL AUTO_INCREMENT,
  `nombre` varchar(50) NOT NULL DEFAULT '0',
  `id_periodo_pago` int(11) NOT NULL DEFAULT '0',
  `cantidad` int(11) NOT NULL DEFAULT '0',
  PRIMARY KEY (`id`)
) ENGINE=InnoDB AUTO_INCREMENT=9 DEFAULT CHARSET=latin1;

-- Volcando datos para la tabla mip.tiempo_contratos: ~8 rows (aproximadamente)
DELETE FROM `tiempo_contratos`;
/*!40000 ALTER TABLE `tiempo_contratos` DISABLE KEYS */;
INSERT INTO `tiempo_contratos` (`id`, `nombre`, `id_periodo_pago`, `cantidad`) VALUES
	(1, '1 AÑO', 1, 1),
	(2, '2 AÑOS', 1, 2),
	(3, '1 MES', 2, 1),
	(4, '2 MESES', 2, 2),
	(5, '3 MESES', 2, 3),
	(6, '6 MESES', 2, 6),
	(7, '3 AÑOS', 1, 3),
	(8, '15 DIAS', 3, 1);
/*!40000 ALTER TABLE `tiempo_contratos` ENABLE KEYS */;

-- Volcando estructura para tabla mip.tipo_actividads
CREATE TABLE IF NOT EXISTS `tipo_actividads` (
  `id` int(10) unsigned NOT NULL AUTO_INCREMENT,
  `nombre` varchar(70) COLLATE utf8mb4_unicode_ci NOT NULL,
  `grupo` int(10) unsigned DEFAULT '1',
  `color` varchar(30) COLLATE utf8mb4_unicode_ci DEFAULT 'secondary',
  `created_at` timestamp NULL DEFAULT NULL,
  `updated_at` timestamp NULL DEFAULT NULL,
  PRIMARY KEY (`id`)
) ENGINE=InnoDB AUTO_INCREMENT=6 DEFAULT CHARSET=utf8mb4 COLLATE=utf8mb4_unicode_ci;

-- Volcando datos para la tabla mip.tipo_actividads: ~5 rows (aproximadamente)
DELETE FROM `tipo_actividads`;
/*!40000 ALTER TABLE `tipo_actividads` DISABLE KEYS */;
INSERT INTO `tipo_actividads` (`id`, `nombre`, `grupo`, `color`, `created_at`, `updated_at`) VALUES
	(1, 'REUNIÓN GENERAL', 1, 'primary', '2023-09-22 21:36:50', '2023-09-23 13:00:52'),
	(2, 'ASAMBLEA GENERAL', 1, 'danger', '2023-09-23 13:00:19', NULL),
	(3, 'ASAMBLEA EXTRAORDINARIA', 1, 'danger', '2023-09-23 13:00:43', NULL),
	(4, 'REUNIÓN DE JEFES DE AREA', 1, 'primary', '2023-09-23 13:01:23', '2023-09-23 13:02:09'),
	(5, 'FAENA GENERAL', 2, 'success', '2023-09-23 13:01:53', NULL);
/*!40000 ALTER TABLE `tipo_actividads` ENABLE KEYS */;

-- Volcando estructura para tabla mip.tipo_cargos
CREATE TABLE IF NOT EXISTS `tipo_cargos` (
  `id` int(10) unsigned NOT NULL AUTO_INCREMENT,
  `nombre` varchar(30) COLLATE utf8mb4_unicode_ci NOT NULL,
  `monto_referencia` double DEFAULT NULL,
  `color` varchar(30) COLLATE utf8mb4_unicode_ci NOT NULL,
  `created_at` timestamp NULL DEFAULT NULL,
  `updated_at` timestamp NULL DEFAULT NULL,
  PRIMARY KEY (`id`)
) ENGINE=InnoDB AUTO_INCREMENT=3 DEFAULT CHARSET=utf8mb4 COLLATE=utf8mb4_unicode_ci;

-- Volcando datos para la tabla mip.tipo_cargos: ~2 rows (aproximadamente)
DELETE FROM `tipo_cargos`;
/*!40000 ALTER TABLE `tipo_cargos` DISABLE KEYS */;
INSERT INTO `tipo_cargos` (`id`, `nombre`, `monto_referencia`, `color`, `created_at`, `updated_at`) VALUES
	(1, 'GERENTE GENERAL', 1500, 'success', '2023-09-22 22:52:04', NULL),
	(2, 'ADMINISTRADOR', 1200, 'primary', '2023-09-22 22:52:21', NULL);
/*!40000 ALTER TABLE `tipo_cargos` ENABLE KEYS */;

-- Volcando estructura para tabla mip.tipo_documentos
CREATE TABLE IF NOT EXISTS `tipo_documentos` (
  `id` int(10) unsigned NOT NULL AUTO_INCREMENT,
  `nombre` varchar(30) COLLATE utf8mb4_unicode_ci NOT NULL,
  `color` varchar(30) COLLATE utf8mb4_unicode_ci DEFAULT 'secondary',
  `created_at` timestamp NULL DEFAULT NULL,
  `updated_at` timestamp NULL DEFAULT NULL,
  PRIMARY KEY (`id`)
) ENGINE=InnoDB AUTO_INCREMENT=6 DEFAULT CHARSET=utf8mb4 COLLATE=utf8mb4_unicode_ci;

-- Volcando datos para la tabla mip.tipo_documentos: ~5 rows (aproximadamente)
DELETE FROM `tipo_documentos`;
/*!40000 ALTER TABLE `tipo_documentos` DISABLE KEYS */;
INSERT INTO `tipo_documentos` (`id`, `nombre`, `color`, `created_at`, `updated_at`) VALUES
	(1, 'DNI', 'success', NULL, '2023-06-17 19:16:15'),
	(2, 'PAS', 'primary', NULL, '2023-09-23 12:02:37'),
	(3, 'CE.', 'warning', NULL, '2023-09-23 12:02:49'),
	(4, 'RUC', 'danger', NULL, '2023-06-17 19:17:07'),
	(5, 'OTRO', 'info', NULL, '2023-06-17 19:17:49');
/*!40000 ALTER TABLE `tipo_documentos` ENABLE KEYS */;

-- Volcando estructura para tabla mip.tipo_egresos
CREATE TABLE IF NOT EXISTS `tipo_egresos` (
  `id` int(10) unsigned NOT NULL AUTO_INCREMENT,
  `nombre` varchar(30) COLLATE utf8mb4_unicode_ci NOT NULL,
  `nombre_p` varchar(30) COLLATE utf8mb4_unicode_ci NOT NULL,
  `icon` varchar(30) COLLATE utf8mb4_unicode_ci NOT NULL,
  `color` varchar(30) COLLATE utf8mb4_unicode_ci DEFAULT 'secondary',
  `created_at` timestamp NULL DEFAULT NULL,
  `updated_at` timestamp NULL DEFAULT NULL,
  PRIMARY KEY (`id`)
) ENGINE=InnoDB AUTO_INCREMENT=2 DEFAULT CHARSET=utf8mb4 COLLATE=utf8mb4_unicode_ci;

-- Volcando datos para la tabla mip.tipo_egresos: ~0 rows (aproximadamente)
DELETE FROM `tipo_egresos`;
/*!40000 ALTER TABLE `tipo_egresos` DISABLE KEYS */;
INSERT INTO `tipo_egresos` (`id`, `nombre`, `nombre_p`, `icon`, `color`, `created_at`, `updated_at`) VALUES
	(1, 'COMPRA', 'COMPRAS', 'fa-money', 'primary', '2023-10-01 14:05:33', NULL);
/*!40000 ALTER TABLE `tipo_egresos` ENABLE KEYS */;

-- Volcando estructura para tabla mip.tipo_ingresos
CREATE TABLE IF NOT EXISTS `tipo_ingresos` (
  `id` int(10) unsigned NOT NULL AUTO_INCREMENT,
  `nombre` varchar(30) COLLATE utf8mb4_unicode_ci NOT NULL,
  `nombre_p` varchar(30) COLLATE utf8mb4_unicode_ci NOT NULL,
  `color` varchar(30) COLLATE utf8mb4_unicode_ci DEFAULT 'secondary',
  `created_at` timestamp NULL DEFAULT NULL,
  `updated_at` timestamp NULL DEFAULT NULL,
  PRIMARY KEY (`id`)
) ENGINE=InnoDB AUTO_INCREMENT=3 DEFAULT CHARSET=utf8mb4 COLLATE=utf8mb4_unicode_ci;

-- Volcando datos para la tabla mip.tipo_ingresos: ~2 rows (aproximadamente)
DELETE FROM `tipo_ingresos`;
/*!40000 ALTER TABLE `tipo_ingresos` DISABLE KEYS */;
INSERT INTO `tipo_ingresos` (`id`, `nombre`, `nombre_p`, `color`, `created_at`, `updated_at`) VALUES
	(1, 'CUOTA', 'CUOTAS', 'primary', '2023-10-01 00:33:10', NULL),
	(2, 'APORTE', 'APORTES', 'primary', '2023-10-01 00:35:37', NULL);
/*!40000 ALTER TABLE `tipo_ingresos` ENABLE KEYS */;

-- Volcando estructura para tabla mip.tipo_miembros
CREATE TABLE IF NOT EXISTS `tipo_miembros` (
  `id` int(10) unsigned NOT NULL AUTO_INCREMENT,
  `nombre` varchar(30) COLLATE utf8mb4_unicode_ci NOT NULL,
  `nombre_p` varchar(30) COLLATE utf8mb4_unicode_ci NOT NULL,
  `color` varchar(30) COLLATE utf8mb4_unicode_ci DEFAULT 'secondary',
  `created_at` timestamp NULL DEFAULT NULL,
  `updated_at` timestamp NULL DEFAULT NULL,
  PRIMARY KEY (`id`)
) ENGINE=InnoDB AUTO_INCREMENT=5 DEFAULT CHARSET=utf8mb4 COLLATE=utf8mb4_unicode_ci;

-- Volcando datos para la tabla mip.tipo_miembros: ~4 rows (aproximadamente)
DELETE FROM `tipo_miembros`;
/*!40000 ALTER TABLE `tipo_miembros` DISABLE KEYS */;
INSERT INTO `tipo_miembros` (`id`, `nombre`, `nombre_p`, `color`, `created_at`, `updated_at`) VALUES
	(1, 'PLENO', 'PLENOS', 'success', NULL, '2023-08-23 11:57:47'),
	(2, 'ADERENTE', 'ADERENTES', 'primary', NULL, '2023-08-23 11:57:56'),
	(3, 'INVITADO', 'INVITADOS', 'warning', NULL, '2023-08-23 11:58:05'),
	(4, 'OTRO', 'OTROS', 'info', NULL, '2023-08-23 11:58:11');
/*!40000 ALTER TABLE `tipo_miembros` ENABLE KEYS */;

-- Volcando estructura para tabla mip.tipo_monedas
CREATE TABLE IF NOT EXISTS `tipo_monedas` (
  `id` int(10) unsigned NOT NULL AUTO_INCREMENT,
  `simbolo` varchar(5) COLLATE utf8mb4_unicode_ci NOT NULL,
  `nombre` varchar(30) COLLATE utf8mb4_unicode_ci NOT NULL,
  `color` varchar(30) COLLATE utf8mb4_unicode_ci NOT NULL,
  `created_at` timestamp NULL DEFAULT NULL,
  `updated_at` timestamp NULL DEFAULT NULL,
  PRIMARY KEY (`id`)
) ENGINE=InnoDB AUTO_INCREMENT=3 DEFAULT CHARSET=utf8mb4 COLLATE=utf8mb4_unicode_ci;

-- Volcando datos para la tabla mip.tipo_monedas: ~2 rows (aproximadamente)
DELETE FROM `tipo_monedas`;
/*!40000 ALTER TABLE `tipo_monedas` DISABLE KEYS */;
INSERT INTO `tipo_monedas` (`id`, `simbolo`, `nombre`, `color`, `created_at`, `updated_at`) VALUES
	(1, 'S/.', 'NUEVO SOL', 'warning', NULL, '2023-06-18 04:21:04'),
	(2, 'US$', 'DOLAR', 'success', NULL, '2023-06-18 04:21:11');
/*!40000 ALTER TABLE `tipo_monedas` ENABLE KEYS */;

-- Volcando estructura para tabla mip.tipo_pagos
CREATE TABLE IF NOT EXISTS `tipo_pagos` (
  `id` int(10) unsigned NOT NULL AUTO_INCREMENT,
  `nombre` varchar(30) COLLATE utf8mb4_unicode_ci NOT NULL,
  `icon` varchar(30) COLLATE utf8mb4_unicode_ci NOT NULL,
  `color` varchar(30) COLLATE utf8mb4_unicode_ci DEFAULT 'secondary',
  `created_at` timestamp NULL DEFAULT NULL,
  `updated_at` timestamp NULL DEFAULT NULL,
  PRIMARY KEY (`id`)
) ENGINE=InnoDB AUTO_INCREMENT=4 DEFAULT CHARSET=utf8mb4 COLLATE=utf8mb4_unicode_ci;

-- Volcando datos para la tabla mip.tipo_pagos: ~3 rows (aproximadamente)
DELETE FROM `tipo_pagos`;
/*!40000 ALTER TABLE `tipo_pagos` DISABLE KEYS */;
INSERT INTO `tipo_pagos` (`id`, `nombre`, `icon`, `color`, `created_at`, `updated_at`) VALUES
	(1, 'EFECTIVO', 'fa fa-money', 'success', NULL, '2023-10-01 13:58:57'),
	(2, 'TRANSFERENCIA', 'fa fa-cc-visa', 'primary', NULL, '2023-10-01 13:58:48'),
	(3, 'DEPÓSITO', 'fa fa-credit-card', 'danger', NULL, '2023-10-01 13:58:34');
/*!40000 ALTER TABLE `tipo_pagos` ENABLE KEYS */;

-- Volcando estructura para tabla mip.tipo_productos
CREATE TABLE IF NOT EXISTS `tipo_productos` (
  `id` int(10) unsigned NOT NULL AUTO_INCREMENT,
  `nombre` varchar(70) COLLATE utf8mb4_unicode_ci DEFAULT NULL,
  `id_unidad_medida` int(11) DEFAULT NULL,
  `created_at` timestamp NULL DEFAULT NULL,
  `updated_at` timestamp NULL DEFAULT NULL,
  PRIMARY KEY (`id`)
) ENGINE=InnoDB AUTO_INCREMENT=3 DEFAULT CHARSET=utf8mb4 COLLATE=utf8mb4_unicode_ci;

-- Volcando datos para la tabla mip.tipo_productos: ~2 rows (aproximadamente)
DELETE FROM `tipo_productos`;
/*!40000 ALTER TABLE `tipo_productos` DISABLE KEYS */;
INSERT INTO `tipo_productos` (`id`, `nombre`, `id_unidad_medida`, `created_at`, `updated_at`) VALUES
	(1, 'MESA', 1, '2023-08-30 14:12:17', NULL),
	(2, 'SILLA', 1, '2023-08-30 14:12:25', NULL);
/*!40000 ALTER TABLE `tipo_productos` ENABLE KEYS */;

-- Volcando estructura para tabla mip.tipo_trabajadors
CREATE TABLE IF NOT EXISTS `tipo_trabajadors` (
  `id` int(10) unsigned NOT NULL AUTO_INCREMENT,
  `nombre` varchar(70) COLLATE utf8mb4_unicode_ci NOT NULL,
  `nombre_p` varchar(70) COLLATE utf8mb4_unicode_ci NOT NULL,
  `color` varchar(30) COLLATE utf8mb4_unicode_ci DEFAULT 'secondary',
  `created_at` timestamp NULL DEFAULT NULL,
  `updated_at` timestamp NULL DEFAULT NULL,
  PRIMARY KEY (`id`)
) ENGINE=InnoDB DEFAULT CHARSET=utf8mb4 COLLATE=utf8mb4_unicode_ci;

-- Volcando datos para la tabla mip.tipo_trabajadors: ~0 rows (aproximadamente)
DELETE FROM `tipo_trabajadors`;
/*!40000 ALTER TABLE `tipo_trabajadors` DISABLE KEYS */;
/*!40000 ALTER TABLE `tipo_trabajadors` ENABLE KEYS */;

-- Volcando estructura para tabla mip.tip_productos
CREATE TABLE IF NOT EXISTS `tip_productos` (
  `id` int(10) unsigned NOT NULL AUTO_INCREMENT,
  `nombre` varchar(70) COLLATE utf8mb4_unicode_ci DEFAULT NULL,
  `unidad_medida` varchar(20) COLLATE utf8mb4_unicode_ci DEFAULT NULL,
  `created_at` timestamp NULL DEFAULT NULL,
  `updated_at` timestamp NULL DEFAULT NULL,
  PRIMARY KEY (`id`)
) ENGINE=InnoDB DEFAULT CHARSET=utf8mb4 COLLATE=utf8mb4_unicode_ci;

-- Volcando datos para la tabla mip.tip_productos: ~0 rows (aproximadamente)
DELETE FROM `tip_productos`;
/*!40000 ALTER TABLE `tip_productos` DISABLE KEYS */;
/*!40000 ALTER TABLE `tip_productos` ENABLE KEYS */;

-- Volcando estructura para tabla mip.trabajadors
CREATE TABLE IF NOT EXISTS `trabajadors` (
  `id` int(10) unsigned NOT NULL AUTO_INCREMENT,
  `id_tipo_documento` int(10) unsigned DEFAULT '1',
  `nro_documento` varchar(15) COLLATE utf8mb4_unicode_ci DEFAULT NULL,
  `nombres` varchar(70) COLLATE utf8mb4_unicode_ci NOT NULL,
  `apellidos` varchar(70) COLLATE utf8mb4_unicode_ci NOT NULL,
  `nombre_completo` varchar(140) COLLATE utf8mb4_unicode_ci NOT NULL,
  `id_genero` int(10) unsigned DEFAULT NULL,
  `fecha_nacimiento` date DEFAULT NULL,
  `id_tipo_cargo` int(10) unsigned DEFAULT '1',
  `monto` double DEFAULT NULL,
  `fecha_inicio` date DEFAULT NULL,
  `fecha_fin` date DEFAULT NULL,
  `foto` varchar(255) COLLATE utf8mb4_unicode_ci DEFAULT NULL,
  `correo` varchar(70) COLLATE utf8mb4_unicode_ci DEFAULT NULL,
  `celular` varchar(11) COLLATE utf8mb4_unicode_ci DEFAULT NULL,
  `telefono` varchar(20) COLLATE utf8mb4_unicode_ci DEFAULT NULL,
  `id_pais` int(10) unsigned NOT NULL DEFAULT '0',
  `id_departamento` int(10) unsigned NOT NULL DEFAULT '0',
  `id_provincia` int(10) unsigned NOT NULL DEFAULT '0',
  `id_distrito` int(10) unsigned NOT NULL DEFAULT '0',
  `direccion` varchar(150) COLLATE utf8mb4_unicode_ci DEFAULT NULL,
  `detalle` text COLLATE utf8mb4_unicode_ci,
  `id_estado` int(10) unsigned DEFAULT '1',
  `id_mina` int(10) unsigned DEFAULT '1',
  `id_yacimiento` int(10) unsigned DEFAULT '1',
  `listable` int(10) unsigned DEFAULT '1',
  `id_user_create` int(10) unsigned DEFAULT NULL,
  `id_user_update` int(10) unsigned DEFAULT NULL,
  `created_at` timestamp NULL DEFAULT NULL,
  `updated_at` timestamp NULL DEFAULT NULL,
  PRIMARY KEY (`id`),
  UNIQUE KEY `personals_nro_documento_unique` (`nro_documento`),
  UNIQUE KEY `personals_correo_unique` (`correo`)
) ENGINE=InnoDB AUTO_INCREMENT=5 DEFAULT CHARSET=utf8mb4 COLLATE=utf8mb4_unicode_ci;

-- Volcando datos para la tabla mip.trabajadors: ~4 rows (aproximadamente)
DELETE FROM `trabajadors`;
/*!40000 ALTER TABLE `trabajadors` DISABLE KEYS */;
INSERT INTO `trabajadors` (`id`, `id_tipo_documento`, `nro_documento`, `nombres`, `apellidos`, `nombre_completo`, `id_genero`, `fecha_nacimiento`, `id_tipo_cargo`, `monto`, `fecha_inicio`, `fecha_fin`, `foto`, `correo`, `celular`, `telefono`, `id_pais`, `id_departamento`, `id_provincia`, `id_distrito`, `direccion`, `detalle`, `id_estado`, `id_mina`, `id_yacimiento`, `listable`, `id_user_create`, `id_user_update`, `created_at`, `updated_at`) VALUES
	(1, 1, '70872604', 'JUANA MARÍA', 'CAMASI VALENCIA', 'CAMASI VALENCIA, JUANA MARÍA', 2, '1996-05-01', 1, NULL, NULL, NULL, 'uploads/2023-09/20230926_08274111.png', NULL, NULL, NULL, 0, 0, 0, 0, NULL, NULL, 1, NULL, NULL, 1, 1, 1, '2023-09-22 18:30:28', '2023-11-12 22:44:19'),
	(2, 1, '70872615', 'ISMAEL', 'FERNANDEZ YARANGA', 'FERNANDEZ YARANGA, ISMAEL', 1, '2023-09-19', 1, NULL, NULL, NULL, 'uploads/2023-09/20230926_08273410.jpg', NULL, NULL, NULL, 0, 0, 0, 0, NULL, NULL, 1, NULL, NULL, 1, 1, 1, '2023-09-22 22:30:30', '2023-11-13 08:55:20'),
	(3, 1, '01254654', 'CILA', 'PACHO QUISPE', 'PACHO QUISPE, CILA', 2, '2023-09-25', 1, NULL, NULL, NULL, 'uploads/2023-09/20230926_08271714.jpeg', NULL, '992-078-988', NULL, 0, 0, 0, 0, NULL, NULL, 2, NULL, NULL, 0, 1, 1, '2023-09-22 22:35:46', '2023-11-13 09:00:51'),
	(4, 1, '70872605', 'EMERSON MAICOL', 'ÑAUPA PARIONA', 'ÑAUPA PARIONA, EMERSON MAICOL', 1, NULL, 1, NULL, NULL, NULL, NULL, NULL, '987-654-121', NULL, 1, 0, 0, 0, NULL, NULL, 2, NULL, NULL, 0, 1, 1, '2023-09-27 11:30:06', '2023-11-13 09:00:41');
/*!40000 ALTER TABLE `trabajadors` ENABLE KEYS */;

-- Volcando estructura para tabla mip.unidad_medidas
CREATE TABLE IF NOT EXISTS `unidad_medidas` (
  `id` int(10) unsigned NOT NULL AUTO_INCREMENT,
  `nombre` varchar(50) COLLATE utf8mb4_unicode_ci DEFAULT NULL,
  `simbolo` varchar(20) COLLATE utf8mb4_unicode_ci DEFAULT NULL,
  `created_at` timestamp NULL DEFAULT NULL,
  `updated_at` timestamp NULL DEFAULT NULL,
  PRIMARY KEY (`id`)
) ENGINE=InnoDB AUTO_INCREMENT=12 DEFAULT CHARSET=utf8mb4 COLLATE=utf8mb4_unicode_ci;

-- Volcando datos para la tabla mip.unidad_medidas: ~10 rows (aproximadamente)
DELETE FROM `unidad_medidas`;
/*!40000 ALTER TABLE `unidad_medidas` DISABLE KEYS */;
INSERT INTO `unidad_medidas` (`id`, `nombre`, `simbolo`, `created_at`, `updated_at`) VALUES
	(1, 'UNIDADES', 'UND', '2023-08-30 14:04:59', NULL),
	(2, 'LITROS', 'L', '2023-08-30 14:05:12', '2023-08-30 14:07:03'),
	(4, 'KILOGRAMOS', 'KG', '2023-08-30 14:05:36', NULL),
	(5, 'METROS', 'M', '2023-08-30 14:05:50', NULL),
	(6, 'GRAMOS', 'G', '2023-08-30 14:06:01', '2023-08-30 14:08:51'),
	(7, 'TONELADAS', 'T', '2023-08-30 14:06:12', NULL),
	(8, 'METROS CUADRADOS', 'M²', '2023-08-30 14:06:28', '2023-08-30 14:07:11'),
	(9, 'METRO CÚBICO', 'M³', '2023-08-30 14:06:39', '2023-08-30 14:07:15'),
	(10, 'MILILITROS', 'ML', '2023-08-30 14:06:51', NULL),
	(11, 'CAJAS', 'CJ', '2023-08-30 14:07:55', NULL);
/*!40000 ALTER TABLE `unidad_medidas` ENABLE KEYS */;

-- Volcando estructura para tabla mip.yacimientos
CREATE TABLE IF NOT EXISTS `yacimientos` (
  `id` int(10) unsigned NOT NULL AUTO_INCREMENT,
  `id_mina` int(10) unsigned NOT NULL DEFAULT '0',
  `codigo` varchar(20) COLLATE utf8mb4_unicode_ci DEFAULT NULL,
  `nombre` varchar(70) COLLATE utf8mb4_unicode_ci DEFAULT NULL,
  `nombre_corto` varchar(70) COLLATE utf8mb4_unicode_ci DEFAULT NULL,
  `direccion` varchar(140) COLLATE utf8mb4_unicode_ci DEFAULT NULL,
  `telefono` varchar(20) COLLATE utf8mb4_unicode_ci DEFAULT NULL,
  `celular` varchar(20) COLLATE utf8mb4_unicode_ci DEFAULT NULL,
  `correo` varchar(255) COLLATE utf8mb4_unicode_ci DEFAULT NULL,
  `google_map` varchar(70) COLLATE utf8mb4_unicode_ci DEFAULT NULL,
  `id_estado` int(10) unsigned NOT NULL DEFAULT '0',
  `created_at` timestamp NULL DEFAULT NULL,
  `updated_at` timestamp NULL DEFAULT NULL,
  PRIMARY KEY (`id`)
) ENGINE=InnoDB AUTO_INCREMENT=5 DEFAULT CHARSET=utf8mb4 COLLATE=utf8mb4_unicode_ci;

-- Volcando datos para la tabla mip.yacimientos: ~4 rows (aproximadamente)
DELETE FROM `yacimientos`;
/*!40000 ALTER TABLE `yacimientos` DISABLE KEYS */;
INSERT INTO `yacimientos` (`id`, `id_mina`, `codigo`, `nombre`, `nombre_corto`, `direccion`, `telefono`, `celular`, `correo`, `google_map`, `id_estado`, `created_at`, `updated_at`) VALUES
	(1, 1, 'MIP-YAC-PHU-001', 'YACIMIENTO PUNCU HUAYCO', 'PUNKU HUAYCO', NULL, NULL, NULL, NULL, NULL, 0, '2023-06-18 04:10:39', '2023-06-18 04:16:17'),
	(2, 1, 'MIP-YAC-SAN-002', 'YACIMIENTO SANCAY', 'SANCAY', NULL, NULL, NULL, NULL, NULL, 0, '2023-06-18 04:15:56', NULL),
	(3, 1, 'MIP-YAC-PRU-003', 'YACIMIENTO PUNCU RUMI', 'PUNKU RUMI', NULL, NULL, NULL, NULL, NULL, 0, '2023-06-18 04:16:52', NULL),
	(4, 1, 'MIP-YAC-CHU-004', 'YACIMIENTO CCUNCCUR HUAYCO', 'CCUNCCUR PATA', NULL, NULL, NULL, NULL, NULL, 0, '2023-06-18 04:17:42', '2023-06-18 04:17:48');
/*!40000 ALTER TABLE `yacimientos` ENABLE KEYS */;

/*!40101 SET SQL_MODE=IFNULL(@OLD_SQL_MODE, '') */;
/*!40014 SET FOREIGN_KEY_CHECKS=IFNULL(@OLD_FOREIGN_KEY_CHECKS, 1) */;
/*!40101 SET CHARACTER_SET_CLIENT=@OLD_CHARACTER_SET_CLIENT */;
/*!40111 SET SQL_NOTES=IFNULL(@OLD_SQL_NOTES, 1) */;
